ISO-10303-21;
HEADER;
FILE_DESCRIPTION(('FreeCAD Model'),'2;1');
FILE_NAME('Open CASCADE Shape Model','2026-03-06T19:35:44',('Author'),(
    ''),'Open CASCADE STEP processor 7.8','FreeCAD','Unknown');
FILE_SCHEMA(('AUTOMOTIVE_DESIGN { 1 0 10303 214 1 1 1 1 }'));
ENDSEC;
DATA;
#1 = APPLICATION_PROTOCOL_DEFINITION('international standard',
  'automotive_design',2000,#2);
#2 = APPLICATION_CONTEXT(
  'core data for automotive mechanical design processes');
#3 = SHAPE_DEFINITION_REPRESENTATION(#4,#10);
#4 = PRODUCT_DEFINITION_SHAPE('','',#5);
#5 = PRODUCT_DEFINITION('design','',#6,#9);
#6 = PRODUCT_DEFINITION_FORMATION('','',#7);
#7 = PRODUCT('Base','Base','',(#8));
#8 = PRODUCT_CONTEXT('',#2,'mechanical');
#9 = PRODUCT_DEFINITION_CONTEXT('part definition',#2,'design');
#10 = ADVANCED_BREP_SHAPE_REPRESENTATION('',(#11,#15),#7700);
#11 = AXIS2_PLACEMENT_3D('',#12,#13,#14);
#12 = CARTESIAN_POINT('',(0.,0.,0.));
#13 = DIRECTION('',(0.,0.,1.));
#14 = DIRECTION('',(1.,0.,-0.));
#15 = MANIFOLD_SOLID_BREP('',#16);
#16 = CLOSED_SHELL('',(#17,#57,#90,#123,#874,#2093,#2110,#2127,#2144,
    #2161,#2178,#2195,#2207,#2232,#2257,#2288,#2312,#2336,#2360,#2384,
    #2401,#2426,#2814,#2839,#2864,#2889,#3277,#3302,#3324,#3341,#3358,
    #3370,#3392,#3409,#3426,#3438,#3469,#3493,#3517,#3541,#3565,#3582,
    #3607,#3629,#3646,#3663,#3675,#3697,#3714,#3731,#3743,#3767,#3792,
    #3817,#3842,#3873,#3897,#3921,#3945,#3969,#3986,#4011,#4033,#4050,
    #4067,#4079,#4101,#4118,#4135,#4147,#4178,#4202,#4226,#4250,#4274,
    #4291,#4313,#4330,#4347,#4359,#4384,#4408,#4433,#4458,#4483,#4871,
    #4902,#4926,#4950,#4974,#4998,#5015,#5046,#5070,#5094,#5118,#5142,
    #5159,#5184,#5215,#5239,#5263,#5287,#5311,#5328,#5345,#5376,#5400,
    #5424,#5448,#5472,#5489,#5520,#5544,#5568,#5592,#5616,#5633,#5664,
    #5688,#5712,#5736,#5760,#5777,#5794,#5825,#5849,#5873,#5897,#5921,
    #5938,#5963,#5994,#6018,#6042,#6066,#6090,#6107,#6124,#6155,#6179,
    #6203,#6227,#6251,#6268,#6299,#6323,#6347,#6371,#6395,#6412,#6443,
    #6467,#6491,#6515,#6539,#6556,#6581,#6612,#6636,#6660,#6684,#6708,
    #6725,#6750,#6781,#6805,#6829,#6853,#6877,#6894,#6911,#6942,#6966,
    #6990,#7014,#7038,#7055,#7086,#7110,#7134,#7158,#7182,#7199,#7230,
    #7254,#7278,#7302,#7326,#7343,#7360,#7377,#7394,#7411,#7428,#7445,
    #7462,#7479,#7496,#7513,#7530,#7547,#7564,#7581,#7598,#7615,#7632,
    #7649,#7666,#7683));
#17 = ADVANCED_FACE('',(#18),#52,.T.);
#18 = FACE_BOUND('',#19,.T.);
#19 = EDGE_LOOP('',(#20,#30,#38,#46));
#20 = ORIENTED_EDGE('',*,*,#21,.T.);
#21 = EDGE_CURVE('',#22,#24,#26,.T.);
#22 = VERTEX_POINT('',#23);
#23 = CARTESIAN_POINT('',(-143.4934372558,3.577135186077,15.));
#24 = VERTEX_POINT('',#25);
#25 = CARTESIAN_POINT('',(-143.4934372558,3.577135186077,20.));
#26 = LINE('',#27,#28);
#27 = CARTESIAN_POINT('',(-143.4934372558,3.577135186077,15.));
#28 = VECTOR('',#29,1.);
#29 = DIRECTION('',(0.,0.,1.));
#30 = ORIENTED_EDGE('',*,*,#31,.T.);
#31 = EDGE_CURVE('',#24,#32,#34,.T.);
#32 = VERTEX_POINT('',#33);
#33 = CARTESIAN_POINT('',(-56.45695468908,88.577135186077,20.));
#34 = LINE('',#35,#36);
#35 = CARTESIAN_POINT('',(-143.4934372558,3.577135186077,20.));
#36 = VECTOR('',#37,1.);
#37 = DIRECTION('',(0.715427037215,0.698687451169,0.));
#38 = ORIENTED_EDGE('',*,*,#39,.F.);
#39 = EDGE_CURVE('',#40,#32,#42,.T.);
#40 = VERTEX_POINT('',#41);
#41 = CARTESIAN_POINT('',(-56.45695468908,88.577135186077,15.));
#42 = LINE('',#43,#44);
#43 = CARTESIAN_POINT('',(-56.45695468908,88.577135186077,15.));
#44 = VECTOR('',#45,1.);
#45 = DIRECTION('',(0.,0.,1.));
#46 = ORIENTED_EDGE('',*,*,#47,.F.);
#47 = EDGE_CURVE('',#22,#40,#48,.T.);
#48 = LINE('',#49,#50);
#49 = CARTESIAN_POINT('',(-143.4934372558,3.577135186077,15.));
#50 = VECTOR('',#51,1.);
#51 = DIRECTION('',(0.715427037215,0.698687451169,0.));
#52 = PLANE('',#53);
#53 = AXIS2_PLACEMENT_3D('',#54,#55,#56);
#54 = CARTESIAN_POINT('',(-143.4934372558,3.577135186077,15.));
#55 = DIRECTION('',(-0.698687451169,0.715427037215,0.));
#56 = DIRECTION('',(0.715427037215,0.698687451169,0.));
#57 = ADVANCED_FACE('',(#58),#85,.T.);
#58 = FACE_BOUND('',#59,.F.);
#59 = EDGE_LOOP('',(#60,#61,#70,#78));
#60 = ORIENTED_EDGE('',*,*,#21,.T.);
#61 = ORIENTED_EDGE('',*,*,#62,.T.);
#62 = EDGE_CURVE('',#24,#63,#65,.T.);
#63 = VERTEX_POINT('',#64);
#64 = CARTESIAN_POINT('',(-143.4934372558,-3.577135186077,20.));
#65 = CIRCLE('',#66,5.);
#66 = AXIS2_PLACEMENT_3D('',#67,#68,#69);
#67 = CARTESIAN_POINT('',(-140.,6.E-16,20.));
#68 = DIRECTION('',(0.,0.,1.));
#69 = DIRECTION('',(1.,0.,0.));
#70 = ORIENTED_EDGE('',*,*,#71,.F.);
#71 = EDGE_CURVE('',#72,#63,#74,.T.);
#72 = VERTEX_POINT('',#73);
#73 = CARTESIAN_POINT('',(-143.4934372558,-3.577135186077,15.));
#74 = LINE('',#75,#76);
#75 = CARTESIAN_POINT('',(-143.4934372558,-3.577135186077,15.));
#76 = VECTOR('',#77,1.);
#77 = DIRECTION('',(0.,0.,1.));
#78 = ORIENTED_EDGE('',*,*,#79,.F.);
#79 = EDGE_CURVE('',#22,#72,#80,.T.);
#80 = CIRCLE('',#81,5.);
#81 = AXIS2_PLACEMENT_3D('',#82,#83,#84);
#82 = CARTESIAN_POINT('',(-140.,6.E-16,15.));
#83 = DIRECTION('',(0.,0.,1.));
#84 = DIRECTION('',(1.,0.,0.));
#85 = CYLINDRICAL_SURFACE('',#86,5.);
#86 = AXIS2_PLACEMENT_3D('',#87,#88,#89);
#87 = CARTESIAN_POINT('',(-140.,6.E-16,15.));
#88 = DIRECTION('',(-0.,-0.,-1.));
#89 = DIRECTION('',(1.,0.,0.));
#90 = ADVANCED_FACE('',(#91),#118,.T.);
#91 = FACE_BOUND('',#92,.F.);
#92 = EDGE_LOOP('',(#93,#103,#110,#111));
#93 = ORIENTED_EDGE('',*,*,#94,.T.);
#94 = EDGE_CURVE('',#95,#97,#99,.T.);
#95 = VERTEX_POINT('',#96);
#96 = CARTESIAN_POINT('',(-52.96351743323,90.,15.));
#97 = VERTEX_POINT('',#98);
#98 = CARTESIAN_POINT('',(-52.96351743323,90.,20.));
#99 = LINE('',#100,#101);
#100 = CARTESIAN_POINT('',(-52.96351743323,90.,15.));
#101 = VECTOR('',#102,1.);
#102 = DIRECTION('',(0.,0.,1.));
#103 = ORIENTED_EDGE('',*,*,#104,.T.);
#104 = EDGE_CURVE('',#97,#32,#105,.T.);
#105 = CIRCLE('',#106,5.);
#106 = AXIS2_PLACEMENT_3D('',#107,#108,#109);
#107 = CARTESIAN_POINT('',(-52.96351743323,85.,20.));
#108 = DIRECTION('',(0.,0.,1.));
#109 = DIRECTION('',(1.,0.,0.));
#110 = ORIENTED_EDGE('',*,*,#39,.F.);
#111 = ORIENTED_EDGE('',*,*,#112,.F.);
#112 = EDGE_CURVE('',#95,#40,#113,.T.);
#113 = CIRCLE('',#114,5.);
#114 = AXIS2_PLACEMENT_3D('',#115,#116,#117);
#115 = CARTESIAN_POINT('',(-52.96351743323,85.,15.));
#116 = DIRECTION('',(0.,0.,1.));
#117 = DIRECTION('',(1.,0.,0.));
#118 = CYLINDRICAL_SURFACE('',#119,5.);
#119 = AXIS2_PLACEMENT_3D('',#120,#121,#122);
#120 = CARTESIAN_POINT('',(-52.96351743323,85.,15.));
#121 = DIRECTION('',(-0.,-0.,-1.));
#122 = DIRECTION('',(1.,0.,0.));
#123 = ADVANCED_FACE('',(#124,#186,#197,#208,#258,#269,#280,#291,#302,
    #313,#324,#335,#371,#407,#457,#468,#504,#540,#551,#562,#573,#584,
    #634,#645,#681,#717,#767,#803,#814,#825,#836,#847,#858),#869,.F.);
#124 = FACE_BOUND('',#125,.F.);
#125 = EDGE_LOOP('',(#126,#127,#128,#136,#145,#153,#162,#170,#179,#185)
  );
#126 = ORIENTED_EDGE('',*,*,#47,.F.);
#127 = ORIENTED_EDGE('',*,*,#79,.T.);
#128 = ORIENTED_EDGE('',*,*,#129,.F.);
#129 = EDGE_CURVE('',#130,#72,#132,.T.);
#130 = VERTEX_POINT('',#131);
#131 = CARTESIAN_POINT('',(-56.45695468908,-88.57713518607,15.));
#132 = LINE('',#133,#134);
#133 = CARTESIAN_POINT('',(-56.45695468908,-88.57713518607,15.));
#134 = VECTOR('',#135,1.);
#135 = DIRECTION('',(-0.715427037215,0.698687451169,0.));
#136 = ORIENTED_EDGE('',*,*,#137,.T.);
#137 = EDGE_CURVE('',#130,#138,#140,.T.);
#138 = VERTEX_POINT('',#139);
#139 = CARTESIAN_POINT('',(-52.96351743323,-90.,15.));
#140 = CIRCLE('',#141,5.);
#141 = AXIS2_PLACEMENT_3D('',#142,#143,#144);
#142 = CARTESIAN_POINT('',(-52.96351743323,-85.,15.));
#143 = DIRECTION('',(0.,0.,1.));
#144 = DIRECTION('',(1.,0.,0.));
#145 = ORIENTED_EDGE('',*,*,#146,.F.);
#146 = EDGE_CURVE('',#147,#138,#149,.T.);
#147 = VERTEX_POINT('',#148);
#148 = CARTESIAN_POINT('',(30.,-90.,15.));
#149 = LINE('',#150,#151);
#150 = CARTESIAN_POINT('',(30.,-90.,15.));
#151 = VECTOR('',#152,1.);
#152 = DIRECTION('',(-1.,-1.7E-16,0.));
#153 = ORIENTED_EDGE('',*,*,#154,.T.);
#154 = EDGE_CURVE('',#147,#155,#157,.T.);
#155 = VERTEX_POINT('',#156);
#156 = CARTESIAN_POINT('',(35.,-85.,15.));
#157 = CIRCLE('',#158,5.);
#158 = AXIS2_PLACEMENT_3D('',#159,#160,#161);
#159 = CARTESIAN_POINT('',(30.,-85.,15.));
#160 = DIRECTION('',(0.,0.,1.));
#161 = DIRECTION('',(1.,0.,0.));
#162 = ORIENTED_EDGE('',*,*,#163,.F.);
#163 = EDGE_CURVE('',#164,#155,#166,.T.);
#164 = VERTEX_POINT('',#165);
#165 = CARTESIAN_POINT('',(35.,85.,15.));
#166 = LINE('',#167,#168);
#167 = CARTESIAN_POINT('',(35.,85.,15.));
#168 = VECTOR('',#169,1.);
#169 = DIRECTION('',(0.,-1.,0.));
#170 = ORIENTED_EDGE('',*,*,#171,.T.);
#171 = EDGE_CURVE('',#164,#172,#174,.T.);
#172 = VERTEX_POINT('',#173);
#173 = CARTESIAN_POINT('',(30.,90.,15.));
#174 = CIRCLE('',#175,5.);
#175 = AXIS2_PLACEMENT_3D('',#176,#177,#178);
#176 = CARTESIAN_POINT('',(30.,85.,15.));
#177 = DIRECTION('',(0.,0.,1.));
#178 = DIRECTION('',(1.,0.,0.));
#179 = ORIENTED_EDGE('',*,*,#180,.F.);
#180 = EDGE_CURVE('',#95,#172,#181,.T.);
#181 = LINE('',#182,#183);
#182 = CARTESIAN_POINT('',(-52.96351743323,90.,15.));
#183 = VECTOR('',#184,1.);
#184 = DIRECTION('',(1.,0.,0.));
#185 = ORIENTED_EDGE('',*,*,#112,.T.);
#186 = FACE_BOUND('',#187,.F.);
#187 = EDGE_LOOP('',(#188));
#188 = ORIENTED_EDGE('',*,*,#189,.F.);
#189 = EDGE_CURVE('',#190,#190,#192,.T.);
#190 = VERTEX_POINT('',#191);
#191 = CARTESIAN_POINT('',(-119.7,-15.,15.));
#192 = CIRCLE('',#193,1.8);
#193 = AXIS2_PLACEMENT_3D('',#194,#195,#196);
#194 = CARTESIAN_POINT('',(-121.5,-15.,15.));
#195 = DIRECTION('',(0.,0.,1.));
#196 = DIRECTION('',(1.,0.,0.));
#197 = FACE_BOUND('',#198,.F.);
#198 = EDGE_LOOP('',(#199));
#199 = ORIENTED_EDGE('',*,*,#200,.F.);
#200 = EDGE_CURVE('',#201,#201,#203,.T.);
#201 = VERTEX_POINT('',#202);
#202 = CARTESIAN_POINT('',(-99.7,-15.,15.));
#203 = CIRCLE('',#204,1.8);
#204 = AXIS2_PLACEMENT_3D('',#205,#206,#207);
#205 = CARTESIAN_POINT('',(-101.5,-15.,15.));
#206 = DIRECTION('',(0.,0.,1.));
#207 = DIRECTION('',(1.,0.,0.));
#208 = FACE_BOUND('',#209,.F.);
#209 = EDGE_LOOP('',(#210,#220,#228,#236,#244,#252));
#210 = ORIENTED_EDGE('',*,*,#211,.T.);
#211 = EDGE_CURVE('',#212,#214,#216,.T.);
#212 = VERTEX_POINT('',#213);
#213 = CARTESIAN_POINT('',(-75.99999999998,-21.90192378865,15.));
#214 = VERTEX_POINT('',#215);
#215 = CARTESIAN_POINT('',(-74.5,-24.49999999999,15.));
#216 = LINE('',#217,#218);
#217 = CARTESIAN_POINT('',(-75.99999999998,-21.90192378865,15.));
#218 = VECTOR('',#219,1.);
#219 = DIRECTION('',(0.499999999998,-0.866025403786,0.));
#220 = ORIENTED_EDGE('',*,*,#221,.T.);
#221 = EDGE_CURVE('',#214,#222,#224,.T.);
#222 = VERTEX_POINT('',#223);
#223 = CARTESIAN_POINT('',(-76.,-27.09807621135,15.));
#224 = LINE('',#225,#226);
#225 = CARTESIAN_POINT('',(-74.5,-24.49999999999,15.));
#226 = VECTOR('',#227,1.);
#227 = DIRECTION('',(-0.5,-0.866025403785,0.));
#228 = ORIENTED_EDGE('',*,*,#229,.T.);
#229 = EDGE_CURVE('',#222,#230,#232,.T.);
#230 = VERTEX_POINT('',#231);
#231 = CARTESIAN_POINT('',(-79.00000000001,-27.09807621134,15.));
#232 = LINE('',#233,#234);
#233 = CARTESIAN_POINT('',(-76.,-27.09807621135,15.));
#234 = VECTOR('',#235,1.);
#235 = DIRECTION('',(-1.,1.98952E-12,-0.));
#236 = ORIENTED_EDGE('',*,*,#237,.T.);
#237 = EDGE_CURVE('',#230,#238,#240,.T.);
#238 = VERTEX_POINT('',#239);
#239 = CARTESIAN_POINT('',(-80.5,-24.49999999998,15.));
#240 = LINE('',#241,#242);
#241 = CARTESIAN_POINT('',(-79.00000000001,-27.09807621134,15.));
#242 = VECTOR('',#243,1.);
#243 = DIRECTION('',(-0.499999999996,0.866025403787,-0.));
#244 = ORIENTED_EDGE('',*,*,#245,.T.);
#245 = EDGE_CURVE('',#238,#246,#248,.T.);
#246 = VERTEX_POINT('',#247);
#247 = CARTESIAN_POINT('',(-78.99999999998,-21.90192378864,15.));
#248 = LINE('',#249,#250);
#249 = CARTESIAN_POINT('',(-80.5,-24.49999999998,15.));
#250 = VECTOR('',#251,1.);
#251 = DIRECTION('',(0.500000000004,0.866025403782,0.));
#252 = ORIENTED_EDGE('',*,*,#253,.T.);
#253 = EDGE_CURVE('',#246,#212,#254,.T.);
#254 = LINE('',#255,#256);
#255 = CARTESIAN_POINT('',(-78.99999999998,-21.90192378864,15.));
#256 = VECTOR('',#257,1.);
#257 = DIRECTION('',(1.,-4.48945E-12,0.));
#258 = FACE_BOUND('',#259,.F.);
#259 = EDGE_LOOP('',(#260));
#260 = ORIENTED_EDGE('',*,*,#261,.F.);
#261 = EDGE_CURVE('',#262,#262,#264,.T.);
#262 = VERTEX_POINT('',#263);
#263 = CARTESIAN_POINT('',(-68.2,-12.,15.));
#264 = CIRCLE('',#265,1.8);
#265 = AXIS2_PLACEMENT_3D('',#266,#267,#268);
#266 = CARTESIAN_POINT('',(-70.,-12.,15.));
#267 = DIRECTION('',(0.,0.,1.));
#268 = DIRECTION('',(1.,0.,0.));
#269 = FACE_BOUND('',#270,.F.);
#270 = EDGE_LOOP('',(#271));
#271 = ORIENTED_EDGE('',*,*,#272,.T.);
#272 = EDGE_CURVE('',#273,#273,#275,.T.);
#273 = VERTEX_POINT('',#274);
#274 = CARTESIAN_POINT('',(-49.96351743323,-85.,15.));
#275 = CIRCLE('',#276,3.);
#276 = AXIS2_PLACEMENT_3D('',#277,#278,#279);
#277 = CARTESIAN_POINT('',(-52.96351743323,-85.,15.));
#278 = DIRECTION('',(0.,0.,-1.));
#279 = DIRECTION('',(1.,0.,0.));
#280 = FACE_BOUND('',#281,.F.);
#281 = EDGE_LOOP('',(#282));
#282 = ORIENTED_EDGE('',*,*,#283,.F.);
#283 = EDGE_CURVE('',#284,#284,#286,.T.);
#284 = VERTEX_POINT('',#285);
#285 = CARTESIAN_POINT('',(-18.7,-83.,15.));
#286 = CIRCLE('',#287,1.8);
#287 = AXIS2_PLACEMENT_3D('',#288,#289,#290);
#288 = CARTESIAN_POINT('',(-20.5,-83.,15.));
#289 = DIRECTION('',(0.,0.,1.));
#290 = DIRECTION('',(1.,0.,0.));
#291 = FACE_BOUND('',#292,.F.);
#292 = EDGE_LOOP('',(#293));
#293 = ORIENTED_EDGE('',*,*,#294,.F.);
#294 = EDGE_CURVE('',#295,#295,#297,.T.);
#295 = VERTEX_POINT('',#296);
#296 = CARTESIAN_POINT('',(-18.7,-63.,15.));
#297 = CIRCLE('',#298,1.8);
#298 = AXIS2_PLACEMENT_3D('',#299,#300,#301);
#299 = CARTESIAN_POINT('',(-20.5,-63.,15.));
#300 = DIRECTION('',(0.,0.,1.));
#301 = DIRECTION('',(1.,0.,0.));
#302 = FACE_BOUND('',#303,.F.);
#303 = EDGE_LOOP('',(#304));
#304 = ORIENTED_EDGE('',*,*,#305,.F.);
#305 = EDGE_CURVE('',#306,#306,#308,.T.);
#306 = VERTEX_POINT('',#307);
#307 = CARTESIAN_POINT('',(22.3,-83.,15.));
#308 = CIRCLE('',#309,1.8);
#309 = AXIS2_PLACEMENT_3D('',#310,#311,#312);
#310 = CARTESIAN_POINT('',(20.5,-83.,15.));
#311 = DIRECTION('',(0.,0.,1.));
#312 = DIRECTION('',(1.,0.,0.));
#313 = FACE_BOUND('',#314,.F.);
#314 = EDGE_LOOP('',(#315));
#315 = ORIENTED_EDGE('',*,*,#316,.T.);
#316 = EDGE_CURVE('',#317,#317,#319,.T.);
#317 = VERTEX_POINT('',#318);
#318 = CARTESIAN_POINT('',(33.,-85.,15.));
#319 = CIRCLE('',#320,3.);
#320 = AXIS2_PLACEMENT_3D('',#321,#322,#323);
#321 = CARTESIAN_POINT('',(30.,-85.,15.));
#322 = DIRECTION('',(0.,0.,-1.));
#323 = DIRECTION('',(1.,0.,0.));
#324 = FACE_BOUND('',#325,.F.);
#325 = EDGE_LOOP('',(#326));
#326 = ORIENTED_EDGE('',*,*,#327,.F.);
#327 = EDGE_CURVE('',#328,#328,#330,.T.);
#328 = VERTEX_POINT('',#329);
#329 = CARTESIAN_POINT('',(22.3,-63.,15.));
#330 = CIRCLE('',#331,1.8);
#331 = AXIS2_PLACEMENT_3D('',#332,#333,#334);
#332 = CARTESIAN_POINT('',(20.5,-63.,15.));
#333 = DIRECTION('',(0.,0.,1.));
#334 = DIRECTION('',(1.,0.,0.));
#335 = FACE_BOUND('',#336,.F.);
#336 = EDGE_LOOP('',(#337,#348,#356,#365));
#337 = ORIENTED_EDGE('',*,*,#338,.F.);
#338 = EDGE_CURVE('',#339,#341,#343,.T.);
#339 = VERTEX_POINT('',#340);
#340 = CARTESIAN_POINT('',(-48.,-21.,15.));
#341 = VERTEX_POINT('',#342);
#342 = CARTESIAN_POINT('',(-48.,-25.,15.));
#343 = CIRCLE('',#344,2.);
#344 = AXIS2_PLACEMENT_3D('',#345,#346,#347);
#345 = CARTESIAN_POINT('',(-48.,-23.,15.));
#346 = DIRECTION('',(0.,0.,1.));
#347 = DIRECTION('',(1.,0.,0.));
#348 = ORIENTED_EDGE('',*,*,#349,.T.);
#349 = EDGE_CURVE('',#339,#350,#352,.T.);
#350 = VERTEX_POINT('',#351);
#351 = CARTESIAN_POINT('',(-44.,-21.,15.));
#352 = LINE('',#353,#354);
#353 = CARTESIAN_POINT('',(-48.,-21.,15.));
#354 = VECTOR('',#355,1.);
#355 = DIRECTION('',(1.,0.,0.));
#356 = ORIENTED_EDGE('',*,*,#357,.F.);
#357 = EDGE_CURVE('',#358,#350,#360,.T.);
#358 = VERTEX_POINT('',#359);
#359 = CARTESIAN_POINT('',(-44.,-25.,15.));
#360 = CIRCLE('',#361,2.);
#361 = AXIS2_PLACEMENT_3D('',#362,#363,#364);
#362 = CARTESIAN_POINT('',(-44.,-23.,15.));
#363 = DIRECTION('',(0.,0.,1.));
#364 = DIRECTION('',(1.,0.,0.));
#365 = ORIENTED_EDGE('',*,*,#366,.F.);
#366 = EDGE_CURVE('',#341,#358,#367,.T.);
#367 = LINE('',#368,#369);
#368 = CARTESIAN_POINT('',(-48.,-25.,15.));
#369 = VECTOR('',#370,1.);
#370 = DIRECTION('',(1.,0.,0.));
#371 = FACE_BOUND('',#372,.F.);
#372 = EDGE_LOOP('',(#373,#384,#392,#401));
#373 = ORIENTED_EDGE('',*,*,#374,.F.);
#374 = EDGE_CURVE('',#375,#377,#379,.T.);
#375 = VERTEX_POINT('',#376);
#376 = CARTESIAN_POINT('',(-28.,-25.,15.));
#377 = VERTEX_POINT('',#378);
#378 = CARTESIAN_POINT('',(-28.,-21.,15.));
#379 = CIRCLE('',#380,2.);
#380 = AXIS2_PLACEMENT_3D('',#381,#382,#383);
#381 = CARTESIAN_POINT('',(-28.,-23.,15.));
#382 = DIRECTION('',(0.,0.,1.));
#383 = DIRECTION('',(1.,0.,0.));
#384 = ORIENTED_EDGE('',*,*,#385,.T.);
#385 = EDGE_CURVE('',#375,#386,#388,.T.);
#386 = VERTEX_POINT('',#387);
#387 = CARTESIAN_POINT('',(-32.,-25.,15.));
#388 = LINE('',#389,#390);
#389 = CARTESIAN_POINT('',(-28.,-25.,15.));
#390 = VECTOR('',#391,1.);
#391 = DIRECTION('',(-1.,0.,0.));
#392 = ORIENTED_EDGE('',*,*,#393,.F.);
#393 = EDGE_CURVE('',#394,#386,#396,.T.);
#394 = VERTEX_POINT('',#395);
#395 = CARTESIAN_POINT('',(-32.,-21.,15.));
#396 = CIRCLE('',#397,2.);
#397 = AXIS2_PLACEMENT_3D('',#398,#399,#400);
#398 = CARTESIAN_POINT('',(-32.,-23.,15.));
#399 = DIRECTION('',(0.,0.,1.));
#400 = DIRECTION('',(1.,0.,0.));
#401 = ORIENTED_EDGE('',*,*,#402,.F.);
#402 = EDGE_CURVE('',#377,#394,#403,.T.);
#403 = LINE('',#404,#405);
#404 = CARTESIAN_POINT('',(-28.,-21.,15.));
#405 = VECTOR('',#406,1.);
#406 = DIRECTION('',(-1.,0.,0.));
#407 = FACE_BOUND('',#408,.F.);
#408 = EDGE_LOOP('',(#409,#419,#427,#435,#443,#451));
#409 = ORIENTED_EDGE('',*,*,#410,.T.);
#410 = EDGE_CURVE('',#411,#413,#415,.T.);
#411 = VERTEX_POINT('',#412);
#412 = CARTESIAN_POINT('',(-17.99999999999,-21.90192378865,15.));
#413 = VERTEX_POINT('',#414);
#414 = CARTESIAN_POINT('',(-16.5,-24.49999999999,15.));
#415 = LINE('',#416,#417);
#416 = CARTESIAN_POINT('',(-17.99999999999,-21.90192378865,15.));
#417 = VECTOR('',#418,1.);
#418 = DIRECTION('',(0.499999999999,-0.866025403785,0.));
#419 = ORIENTED_EDGE('',*,*,#420,.T.);
#420 = EDGE_CURVE('',#413,#421,#423,.T.);
#421 = VERTEX_POINT('',#422);
#422 = CARTESIAN_POINT('',(-18.,-27.09807621135,15.));
#423 = LINE('',#424,#425);
#424 = CARTESIAN_POINT('',(-16.5,-24.49999999999,15.));
#425 = VECTOR('',#426,1.);
#426 = DIRECTION('',(-0.5,-0.866025403784,0.));
#427 = ORIENTED_EDGE('',*,*,#428,.T.);
#428 = EDGE_CURVE('',#421,#429,#431,.T.);
#429 = VERTEX_POINT('',#430);
#430 = CARTESIAN_POINT('',(-20.99999999999,-27.09807621135,15.));
#431 = LINE('',#432,#433);
#432 = CARTESIAN_POINT('',(-18.,-27.09807621135,15.));
#433 = VECTOR('',#434,1.);
#434 = DIRECTION('',(-1.,0.,0.));
#435 = ORIENTED_EDGE('',*,*,#436,.T.);
#436 = EDGE_CURVE('',#429,#437,#439,.T.);
#437 = VERTEX_POINT('',#438);
#438 = CARTESIAN_POINT('',(-22.5,-24.49999999999,15.));
#439 = LINE('',#440,#441);
#440 = CARTESIAN_POINT('',(-20.99999999999,-27.09807621135,15.));
#441 = VECTOR('',#442,1.);
#442 = DIRECTION('',(-0.5,0.866025403784,-0.));
#443 = ORIENTED_EDGE('',*,*,#444,.T.);
#444 = EDGE_CURVE('',#437,#445,#447,.T.);
#445 = VERTEX_POINT('',#446);
#446 = CARTESIAN_POINT('',(-20.99999999999,-21.90192378864,15.));
#447 = LINE('',#448,#449);
#448 = CARTESIAN_POINT('',(-22.5,-24.49999999999,15.));
#449 = VECTOR('',#450,1.);
#450 = DIRECTION('',(0.500000000001,0.866025403784,0.));
#451 = ORIENTED_EDGE('',*,*,#452,.T.);
#452 = EDGE_CURVE('',#445,#411,#453,.T.);
#453 = LINE('',#454,#455);
#454 = CARTESIAN_POINT('',(-20.99999999999,-21.90192378864,15.));
#455 = VECTOR('',#456,1.);
#456 = DIRECTION('',(1.,-2.47979E-12,0.));
#457 = FACE_BOUND('',#458,.F.);
#458 = EDGE_LOOP('',(#459));
#459 = ORIENTED_EDGE('',*,*,#460,.F.);
#460 = EDGE_CURVE('',#461,#461,#463,.T.);
#461 = VERTEX_POINT('',#462);
#462 = CARTESIAN_POINT('',(-28.2,-12.,15.));
#463 = CIRCLE('',#464,1.8);
#464 = AXIS2_PLACEMENT_3D('',#465,#466,#467);
#465 = CARTESIAN_POINT('',(-30.,-12.,15.));
#466 = DIRECTION('',(0.,0.,1.));
#467 = DIRECTION('',(1.,0.,0.));
#468 = FACE_BOUND('',#469,.F.);
#469 = EDGE_LOOP('',(#470,#481,#489,#498));
#470 = ORIENTED_EDGE('',*,*,#471,.F.);
#471 = EDGE_CURVE('',#472,#474,#476,.T.);
#472 = VERTEX_POINT('',#473);
#473 = CARTESIAN_POINT('',(-8.,-30.,15.));
#474 = VERTEX_POINT('',#475);
#475 = CARTESIAN_POINT('',(-8.,-38.,15.));
#476 = CIRCLE('',#477,4.);
#477 = AXIS2_PLACEMENT_3D('',#478,#479,#480);
#478 = CARTESIAN_POINT('',(-8.,-34.,15.));
#479 = DIRECTION('',(0.,0.,1.));
#480 = DIRECTION('',(1.,0.,0.));
#481 = ORIENTED_EDGE('',*,*,#482,.T.);
#482 = EDGE_CURVE('',#472,#483,#485,.T.);
#483 = VERTEX_POINT('',#484);
#484 = CARTESIAN_POINT('',(8.,-30.,15.));
#485 = LINE('',#486,#487);
#486 = CARTESIAN_POINT('',(-8.,-30.,15.));
#487 = VECTOR('',#488,1.);
#488 = DIRECTION('',(1.,0.,0.));
#489 = ORIENTED_EDGE('',*,*,#490,.F.);
#490 = EDGE_CURVE('',#491,#483,#493,.T.);
#491 = VERTEX_POINT('',#492);
#492 = CARTESIAN_POINT('',(8.,-38.,15.));
#493 = CIRCLE('',#494,4.);
#494 = AXIS2_PLACEMENT_3D('',#495,#496,#497);
#495 = CARTESIAN_POINT('',(8.,-34.,15.));
#496 = DIRECTION('',(0.,0.,1.));
#497 = DIRECTION('',(1.,0.,0.));
#498 = ORIENTED_EDGE('',*,*,#499,.F.);
#499 = EDGE_CURVE('',#474,#491,#500,.T.);
#500 = LINE('',#501,#502);
#501 = CARTESIAN_POINT('',(-8.,-38.,15.));
#502 = VECTOR('',#503,1.);
#503 = DIRECTION('',(1.,0.,0.));
#504 = FACE_BOUND('',#505,.F.);
#505 = EDGE_LOOP('',(#506,#517,#525,#534));
#506 = ORIENTED_EDGE('',*,*,#507,.F.);
#507 = EDGE_CURVE('',#508,#510,#512,.T.);
#508 = VERTEX_POINT('',#509);
#509 = CARTESIAN_POINT('',(30.,-25.,15.));
#510 = VERTEX_POINT('',#511);
#511 = CARTESIAN_POINT('',(22.,-25.,15.));
#512 = CIRCLE('',#513,4.);
#513 = AXIS2_PLACEMENT_3D('',#514,#515,#516);
#514 = CARTESIAN_POINT('',(26.,-25.,15.));
#515 = DIRECTION('',(0.,0.,1.));
#516 = DIRECTION('',(1.,0.,0.));
#517 = ORIENTED_EDGE('',*,*,#518,.T.);
#518 = EDGE_CURVE('',#508,#519,#521,.T.);
#519 = VERTEX_POINT('',#520);
#520 = CARTESIAN_POINT('',(30.,-33.,15.));
#521 = LINE('',#522,#523);
#522 = CARTESIAN_POINT('',(30.,-25.,15.));
#523 = VECTOR('',#524,1.);
#524 = DIRECTION('',(0.,-1.,0.));
#525 = ORIENTED_EDGE('',*,*,#526,.F.);
#526 = EDGE_CURVE('',#527,#519,#529,.T.);
#527 = VERTEX_POINT('',#528);
#528 = CARTESIAN_POINT('',(22.,-33.,15.));
#529 = CIRCLE('',#530,4.);
#530 = AXIS2_PLACEMENT_3D('',#531,#532,#533);
#531 = CARTESIAN_POINT('',(26.,-33.,15.));
#532 = DIRECTION('',(0.,0.,1.));
#533 = DIRECTION('',(1.,0.,0.));
#534 = ORIENTED_EDGE('',*,*,#535,.F.);
#535 = EDGE_CURVE('',#510,#527,#536,.T.);
#536 = LINE('',#537,#538);
#537 = CARTESIAN_POINT('',(22.,-25.,15.));
#538 = VECTOR('',#539,1.);
#539 = DIRECTION('',(0.,-1.,0.));
#540 = FACE_BOUND('',#541,.F.);
#541 = EDGE_LOOP('',(#542));
#542 = ORIENTED_EDGE('',*,*,#543,.T.);
#543 = EDGE_CURVE('',#544,#544,#546,.T.);
#544 = VERTEX_POINT('',#545);
#545 = CARTESIAN_POINT('',(-137.,0.,15.));
#546 = CIRCLE('',#547,3.);
#547 = AXIS2_PLACEMENT_3D('',#548,#549,#550);
#548 = CARTESIAN_POINT('',(-140.,0.,15.));
#549 = DIRECTION('',(0.,0.,-1.));
#550 = DIRECTION('',(1.,0.,0.));
#551 = FACE_BOUND('',#552,.F.);
#552 = EDGE_LOOP('',(#553));
#553 = ORIENTED_EDGE('',*,*,#554,.F.);
#554 = EDGE_CURVE('',#555,#555,#557,.T.);
#555 = VERTEX_POINT('',#556);
#556 = CARTESIAN_POINT('',(-119.7,15.,15.));
#557 = CIRCLE('',#558,1.8);
#558 = AXIS2_PLACEMENT_3D('',#559,#560,#561);
#559 = CARTESIAN_POINT('',(-121.5,15.,15.));
#560 = DIRECTION('',(0.,0.,1.));
#561 = DIRECTION('',(1.,0.,0.));
#562 = FACE_BOUND('',#563,.F.);
#563 = EDGE_LOOP('',(#564));
#564 = ORIENTED_EDGE('',*,*,#565,.F.);
#565 = EDGE_CURVE('',#566,#566,#568,.T.);
#566 = VERTEX_POINT('',#567);
#567 = CARTESIAN_POINT('',(-99.7,15.,15.));
#568 = CIRCLE('',#569,1.8);
#569 = AXIS2_PLACEMENT_3D('',#570,#571,#572);
#570 = CARTESIAN_POINT('',(-101.5,15.,15.));
#571 = DIRECTION('',(0.,0.,1.));
#572 = DIRECTION('',(1.,0.,0.));
#573 = FACE_BOUND('',#574,.F.);
#574 = EDGE_LOOP('',(#575));
#575 = ORIENTED_EDGE('',*,*,#576,.F.);
#576 = EDGE_CURVE('',#577,#577,#579,.T.);
#577 = VERTEX_POINT('',#578);
#578 = CARTESIAN_POINT('',(-68.2,12.,15.));
#579 = CIRCLE('',#580,1.8);
#580 = AXIS2_PLACEMENT_3D('',#581,#582,#583);
#581 = CARTESIAN_POINT('',(-70.,12.,15.));
#582 = DIRECTION('',(0.,0.,1.));
#583 = DIRECTION('',(1.,0.,0.));
#584 = FACE_BOUND('',#585,.F.);
#585 = EDGE_LOOP('',(#586,#596,#604,#612,#620,#628));
#586 = ORIENTED_EDGE('',*,*,#587,.T.);
#587 = EDGE_CURVE('',#588,#590,#592,.T.);
#588 = VERTEX_POINT('',#589);
#589 = CARTESIAN_POINT('',(-75.99999999998,27.098076211346,15.));
#590 = VERTEX_POINT('',#591);
#591 = CARTESIAN_POINT('',(-74.5,24.500000000001,15.));
#592 = LINE('',#593,#594);
#593 = CARTESIAN_POINT('',(-75.99999999998,27.098076211346,15.));
#594 = VECTOR('',#595,1.);
#595 = DIRECTION('',(0.499999999998,-0.866025403786,0.));
#596 = ORIENTED_EDGE('',*,*,#597,.T.);
#597 = EDGE_CURVE('',#590,#598,#600,.T.);
#598 = VERTEX_POINT('',#599);
#599 = CARTESIAN_POINT('',(-76.,21.901923788647,15.));
#600 = LINE('',#601,#602);
#601 = CARTESIAN_POINT('',(-74.5,24.500000000001,15.));
#602 = VECTOR('',#603,1.);
#603 = DIRECTION('',(-0.5,-0.866025403785,0.));
#604 = ORIENTED_EDGE('',*,*,#605,.T.);
#605 = EDGE_CURVE('',#598,#606,#608,.T.);
#606 = VERTEX_POINT('',#607);
#607 = CARTESIAN_POINT('',(-79.00000000001,21.901923788653,15.));
#608 = LINE('',#609,#610);
#609 = CARTESIAN_POINT('',(-76.,21.901923788647,15.));
#610 = VECTOR('',#611,1.);
#611 = DIRECTION('',(-1.,1.98952E-12,-0.));
#612 = ORIENTED_EDGE('',*,*,#613,.T.);
#613 = EDGE_CURVE('',#606,#614,#616,.T.);
#614 = VERTEX_POINT('',#615);
#615 = CARTESIAN_POINT('',(-80.5,24.500000000013,15.));
#616 = LINE('',#617,#618);
#617 = CARTESIAN_POINT('',(-79.00000000001,21.901923788653,15.));
#618 = VECTOR('',#619,1.);
#619 = DIRECTION('',(-0.499999999996,0.866025403787,-0.));
#620 = ORIENTED_EDGE('',*,*,#621,.T.);
#621 = EDGE_CURVE('',#614,#622,#624,.T.);
#622 = VERTEX_POINT('',#623);
#623 = CARTESIAN_POINT('',(-78.99999999998,27.09807621136,15.));
#624 = LINE('',#625,#626);
#625 = CARTESIAN_POINT('',(-80.5,24.500000000013,15.));
#626 = VECTOR('',#627,1.);
#627 = DIRECTION('',(0.500000000004,0.866025403782,0.));
#628 = ORIENTED_EDGE('',*,*,#629,.T.);
#629 = EDGE_CURVE('',#622,#588,#630,.T.);
#630 = LINE('',#631,#632);
#631 = CARTESIAN_POINT('',(-78.99999999998,27.09807621136,15.));
#632 = VECTOR('',#633,1.);
#633 = DIRECTION('',(1.,-4.48589E-12,0.));
#634 = FACE_BOUND('',#635,.F.);
#635 = EDGE_LOOP('',(#636));
#636 = ORIENTED_EDGE('',*,*,#637,.F.);
#637 = EDGE_CURVE('',#638,#638,#640,.T.);
#638 = VERTEX_POINT('',#639);
#639 = CARTESIAN_POINT('',(-28.2,12.,15.));
#640 = CIRCLE('',#641,1.8);
#641 = AXIS2_PLACEMENT_3D('',#642,#643,#644);
#642 = CARTESIAN_POINT('',(-30.,12.,15.));
#643 = DIRECTION('',(0.,0.,1.));
#644 = DIRECTION('',(1.,0.,0.));
#645 = FACE_BOUND('',#646,.F.);
#646 = EDGE_LOOP('',(#647,#658,#666,#675));
#647 = ORIENTED_EDGE('',*,*,#648,.F.);
#648 = EDGE_CURVE('',#649,#651,#653,.T.);
#649 = VERTEX_POINT('',#650);
#650 = CARTESIAN_POINT('',(-48.,25.,15.));
#651 = VERTEX_POINT('',#652);
#652 = CARTESIAN_POINT('',(-48.,21.,15.));
#653 = CIRCLE('',#654,2.);
#654 = AXIS2_PLACEMENT_3D('',#655,#656,#657);
#655 = CARTESIAN_POINT('',(-48.,23.,15.));
#656 = DIRECTION('',(0.,0.,1.));
#657 = DIRECTION('',(1.,0.,0.));
#658 = ORIENTED_EDGE('',*,*,#659,.T.);
#659 = EDGE_CURVE('',#649,#660,#662,.T.);
#660 = VERTEX_POINT('',#661);
#661 = CARTESIAN_POINT('',(-44.,25.,15.));
#662 = LINE('',#663,#664);
#663 = CARTESIAN_POINT('',(-48.,25.,15.));
#664 = VECTOR('',#665,1.);
#665 = DIRECTION('',(1.,0.,0.));
#666 = ORIENTED_EDGE('',*,*,#667,.F.);
#667 = EDGE_CURVE('',#668,#660,#670,.T.);
#668 = VERTEX_POINT('',#669);
#669 = CARTESIAN_POINT('',(-44.,21.,15.));
#670 = CIRCLE('',#671,2.);
#671 = AXIS2_PLACEMENT_3D('',#672,#673,#674);
#672 = CARTESIAN_POINT('',(-44.,23.,15.));
#673 = DIRECTION('',(0.,0.,1.));
#674 = DIRECTION('',(1.,0.,0.));
#675 = ORIENTED_EDGE('',*,*,#676,.F.);
#676 = EDGE_CURVE('',#651,#668,#677,.T.);
#677 = LINE('',#678,#679);
#678 = CARTESIAN_POINT('',(-48.,21.,15.));
#679 = VECTOR('',#680,1.);
#680 = DIRECTION('',(1.,0.,0.));
#681 = FACE_BOUND('',#682,.F.);
#682 = EDGE_LOOP('',(#683,#694,#702,#711));
#683 = ORIENTED_EDGE('',*,*,#684,.F.);
#684 = EDGE_CURVE('',#685,#687,#689,.T.);
#685 = VERTEX_POINT('',#686);
#686 = CARTESIAN_POINT('',(-28.,21.,15.));
#687 = VERTEX_POINT('',#688);
#688 = CARTESIAN_POINT('',(-28.,25.,15.));
#689 = CIRCLE('',#690,2.);
#690 = AXIS2_PLACEMENT_3D('',#691,#692,#693);
#691 = CARTESIAN_POINT('',(-28.,23.,15.));
#692 = DIRECTION('',(0.,0.,1.));
#693 = DIRECTION('',(1.,0.,0.));
#694 = ORIENTED_EDGE('',*,*,#695,.T.);
#695 = EDGE_CURVE('',#685,#696,#698,.T.);
#696 = VERTEX_POINT('',#697);
#697 = CARTESIAN_POINT('',(-32.,21.,15.));
#698 = LINE('',#699,#700);
#699 = CARTESIAN_POINT('',(-28.,21.,15.));
#700 = VECTOR('',#701,1.);
#701 = DIRECTION('',(-1.,0.,0.));
#702 = ORIENTED_EDGE('',*,*,#703,.F.);
#703 = EDGE_CURVE('',#704,#696,#706,.T.);
#704 = VERTEX_POINT('',#705);
#705 = CARTESIAN_POINT('',(-32.,25.,15.));
#706 = CIRCLE('',#707,2.);
#707 = AXIS2_PLACEMENT_3D('',#708,#709,#710);
#708 = CARTESIAN_POINT('',(-32.,23.,15.));
#709 = DIRECTION('',(0.,0.,1.));
#710 = DIRECTION('',(1.,0.,0.));
#711 = ORIENTED_EDGE('',*,*,#712,.F.);
#712 = EDGE_CURVE('',#687,#704,#713,.T.);
#713 = LINE('',#714,#715);
#714 = CARTESIAN_POINT('',(-28.,25.,15.));
#715 = VECTOR('',#716,1.);
#716 = DIRECTION('',(-1.,0.,0.));
#717 = FACE_BOUND('',#718,.F.);
#718 = EDGE_LOOP('',(#719,#729,#737,#745,#753,#761));
#719 = ORIENTED_EDGE('',*,*,#720,.T.);
#720 = EDGE_CURVE('',#721,#723,#725,.T.);
#721 = VERTEX_POINT('',#722);
#722 = CARTESIAN_POINT('',(-17.99999999999,27.098076211348,15.));
#723 = VERTEX_POINT('',#724);
#724 = CARTESIAN_POINT('',(-16.5,24.500000000001,15.));
#725 = LINE('',#726,#727);
#726 = CARTESIAN_POINT('',(-17.99999999999,27.098076211348,15.));
#727 = VECTOR('',#728,1.);
#728 = DIRECTION('',(0.499999999999,-0.866025403785,0.));
#729 = ORIENTED_EDGE('',*,*,#730,.T.);
#730 = EDGE_CURVE('',#723,#731,#733,.T.);
#731 = VERTEX_POINT('',#732);
#732 = CARTESIAN_POINT('',(-18.,21.901923788645,15.));
#733 = LINE('',#734,#735);
#734 = CARTESIAN_POINT('',(-16.5,24.500000000001,15.));
#735 = VECTOR('',#736,1.);
#736 = DIRECTION('',(-0.5,-0.866025403784,0.));
#737 = ORIENTED_EDGE('',*,*,#738,.T.);
#738 = EDGE_CURVE('',#731,#739,#741,.T.);
#739 = VERTEX_POINT('',#740);
#740 = CARTESIAN_POINT('',(-20.99999999999,21.901923788645,15.));
#741 = LINE('',#742,#743);
#742 = CARTESIAN_POINT('',(-18.,21.901923788645,15.));
#743 = VECTOR('',#744,1.);
#744 = DIRECTION('',(-1.,0.,0.));
#745 = ORIENTED_EDGE('',*,*,#746,.T.);
#746 = EDGE_CURVE('',#739,#747,#749,.T.);
#747 = VERTEX_POINT('',#748);
#748 = CARTESIAN_POINT('',(-22.5,24.500000000001,15.));
#749 = LINE('',#750,#751);
#750 = CARTESIAN_POINT('',(-20.99999999999,21.901923788645,15.));
#751 = VECTOR('',#752,1.);
#752 = DIRECTION('',(-0.5,0.866025403784,-0.));
#753 = ORIENTED_EDGE('',*,*,#754,.T.);
#754 = EDGE_CURVE('',#747,#755,#757,.T.);
#755 = VERTEX_POINT('',#756);
#756 = CARTESIAN_POINT('',(-20.99999999999,27.098076211356,15.));
#757 = LINE('',#758,#759);
#758 = CARTESIAN_POINT('',(-22.5,24.500000000001,15.));
#759 = VECTOR('',#760,1.);
#760 = DIRECTION('',(0.500000000001,0.866025403784,0.));
#761 = ORIENTED_EDGE('',*,*,#762,.T.);
#762 = EDGE_CURVE('',#755,#721,#763,.T.);
#763 = LINE('',#764,#765);
#764 = CARTESIAN_POINT('',(-20.99999999999,27.098076211356,15.));
#765 = VECTOR('',#766,1.);
#766 = DIRECTION('',(1.,-2.48216E-12,0.));
#767 = FACE_BOUND('',#768,.F.);
#768 = EDGE_LOOP('',(#769,#780,#788,#797));
#769 = ORIENTED_EDGE('',*,*,#770,.F.);
#770 = EDGE_CURVE('',#771,#773,#775,.T.);
#771 = VERTEX_POINT('',#772);
#772 = CARTESIAN_POINT('',(-8.,38.,15.));
#773 = VERTEX_POINT('',#774);
#774 = CARTESIAN_POINT('',(-8.,30.,15.));
#775 = CIRCLE('',#776,4.);
#776 = AXIS2_PLACEMENT_3D('',#777,#778,#779);
#777 = CARTESIAN_POINT('',(-8.,34.,15.));
#778 = DIRECTION('',(0.,0.,1.));
#779 = DIRECTION('',(1.,0.,0.));
#780 = ORIENTED_EDGE('',*,*,#781,.T.);
#781 = EDGE_CURVE('',#771,#782,#784,.T.);
#782 = VERTEX_POINT('',#783);
#783 = CARTESIAN_POINT('',(8.,38.,15.));
#784 = LINE('',#785,#786);
#785 = CARTESIAN_POINT('',(-8.,38.,15.));
#786 = VECTOR('',#787,1.);
#787 = DIRECTION('',(1.,0.,0.));
#788 = ORIENTED_EDGE('',*,*,#789,.F.);
#789 = EDGE_CURVE('',#790,#782,#792,.T.);
#790 = VERTEX_POINT('',#791);
#791 = CARTESIAN_POINT('',(8.,30.,15.));
#792 = CIRCLE('',#793,4.);
#793 = AXIS2_PLACEMENT_3D('',#794,#795,#796);
#794 = CARTESIAN_POINT('',(8.,34.,15.));
#795 = DIRECTION('',(0.,0.,1.));
#796 = DIRECTION('',(1.,0.,0.));
#797 = ORIENTED_EDGE('',*,*,#798,.F.);
#798 = EDGE_CURVE('',#773,#790,#799,.T.);
#799 = LINE('',#800,#801);
#800 = CARTESIAN_POINT('',(-8.,30.,15.));
#801 = VECTOR('',#802,1.);
#802 = DIRECTION('',(1.,0.,0.));
#803 = FACE_BOUND('',#804,.F.);
#804 = EDGE_LOOP('',(#805));
#805 = ORIENTED_EDGE('',*,*,#806,.F.);
#806 = EDGE_CURVE('',#807,#807,#809,.T.);
#807 = VERTEX_POINT('',#808);
#808 = CARTESIAN_POINT('',(-18.7,63.,15.));
#809 = CIRCLE('',#810,1.8);
#810 = AXIS2_PLACEMENT_3D('',#811,#812,#813);
#811 = CARTESIAN_POINT('',(-20.5,63.,15.));
#812 = DIRECTION('',(0.,0.,1.));
#813 = DIRECTION('',(1.,0.,0.));
#814 = FACE_BOUND('',#815,.F.);
#815 = EDGE_LOOP('',(#816));
#816 = ORIENTED_EDGE('',*,*,#817,.T.);
#817 = EDGE_CURVE('',#818,#818,#820,.T.);
#818 = VERTEX_POINT('',#819);
#819 = CARTESIAN_POINT('',(-49.96351743323,85.,15.));
#820 = CIRCLE('',#821,3.);
#821 = AXIS2_PLACEMENT_3D('',#822,#823,#824);
#822 = CARTESIAN_POINT('',(-52.96351743323,85.,15.));
#823 = DIRECTION('',(0.,0.,-1.));
#824 = DIRECTION('',(1.,0.,0.));
#825 = FACE_BOUND('',#826,.F.);
#826 = EDGE_LOOP('',(#827));
#827 = ORIENTED_EDGE('',*,*,#828,.F.);
#828 = EDGE_CURVE('',#829,#829,#831,.T.);
#829 = VERTEX_POINT('',#830);
#830 = CARTESIAN_POINT('',(-18.7,83.,15.));
#831 = CIRCLE('',#832,1.8);
#832 = AXIS2_PLACEMENT_3D('',#833,#834,#835);
#833 = CARTESIAN_POINT('',(-20.5,83.,15.));
#834 = DIRECTION('',(0.,0.,1.));
#835 = DIRECTION('',(1.,0.,0.));
#836 = FACE_BOUND('',#837,.F.);
#837 = EDGE_LOOP('',(#838));
#838 = ORIENTED_EDGE('',*,*,#839,.F.);
#839 = EDGE_CURVE('',#840,#840,#842,.T.);
#840 = VERTEX_POINT('',#841);
#841 = CARTESIAN_POINT('',(22.3,63.,15.));
#842 = CIRCLE('',#843,1.8);
#843 = AXIS2_PLACEMENT_3D('',#844,#845,#846);
#844 = CARTESIAN_POINT('',(20.5,63.,15.));
#845 = DIRECTION('',(0.,0.,1.));
#846 = DIRECTION('',(1.,0.,0.));
#847 = FACE_BOUND('',#848,.F.);
#848 = EDGE_LOOP('',(#849));
#849 = ORIENTED_EDGE('',*,*,#850,.F.);
#850 = EDGE_CURVE('',#851,#851,#853,.T.);
#851 = VERTEX_POINT('',#852);
#852 = CARTESIAN_POINT('',(22.3,83.,15.));
#853 = CIRCLE('',#854,1.8);
#854 = AXIS2_PLACEMENT_3D('',#855,#856,#857);
#855 = CARTESIAN_POINT('',(20.5,83.,15.));
#856 = DIRECTION('',(0.,0.,1.));
#857 = DIRECTION('',(1.,0.,0.));
#858 = FACE_BOUND('',#859,.F.);
#859 = EDGE_LOOP('',(#860));
#860 = ORIENTED_EDGE('',*,*,#861,.T.);
#861 = EDGE_CURVE('',#862,#862,#864,.T.);
#862 = VERTEX_POINT('',#863);
#863 = CARTESIAN_POINT('',(33.,85.,15.));
#864 = CIRCLE('',#865,3.);
#865 = AXIS2_PLACEMENT_3D('',#866,#867,#868);
#866 = CARTESIAN_POINT('',(30.,85.,15.));
#867 = DIRECTION('',(0.,0.,-1.));
#868 = DIRECTION('',(1.,0.,0.));
#869 = PLANE('',#870);
#870 = AXIS2_PLACEMENT_3D('',#871,#872,#873);
#871 = CARTESIAN_POINT('',(-30.46945690682,-1.085212735863,15.));
#872 = DIRECTION('',(0.,0.,1.));
#873 = DIRECTION('',(1.,0.,0.));
#874 = ADVANCED_FACE('',(#875,#937,#987,#1037,#1048,#1098,#1109,#1159,
    #1209,#1259,#1270,#1320,#1356,#1392,#1403,#1453,#1489,#1525,#1536,
    #1586,#1636,#1686,#1697,#1747,#1783,#1819,#1830,#1866,#1916,#1927,
    #1977,#2027,#2077),#2088,.T.);
#875 = FACE_BOUND('',#876,.T.);
#876 = EDGE_LOOP('',(#877,#878,#879,#887,#896,#904,#913,#921,#930,#936)
  );
#877 = ORIENTED_EDGE('',*,*,#31,.F.);
#878 = ORIENTED_EDGE('',*,*,#62,.T.);
#879 = ORIENTED_EDGE('',*,*,#880,.F.);
#880 = EDGE_CURVE('',#881,#63,#883,.T.);
#881 = VERTEX_POINT('',#882);
#882 = CARTESIAN_POINT('',(-56.45695468908,-88.57713518607,20.));
#883 = LINE('',#884,#885);
#884 = CARTESIAN_POINT('',(-56.45695468908,-88.57713518607,20.));
#885 = VECTOR('',#886,1.);
#886 = DIRECTION('',(-0.715427037215,0.698687451169,0.));
#887 = ORIENTED_EDGE('',*,*,#888,.T.);
#888 = EDGE_CURVE('',#881,#889,#891,.T.);
#889 = VERTEX_POINT('',#890);
#890 = CARTESIAN_POINT('',(-52.96351743323,-90.,20.));
#891 = CIRCLE('',#892,5.);
#892 = AXIS2_PLACEMENT_3D('',#893,#894,#895);
#893 = CARTESIAN_POINT('',(-52.96351743323,-85.,20.));
#894 = DIRECTION('',(0.,0.,1.));
#895 = DIRECTION('',(1.,0.,0.));
#896 = ORIENTED_EDGE('',*,*,#897,.F.);
#897 = EDGE_CURVE('',#898,#889,#900,.T.);
#898 = VERTEX_POINT('',#899);
#899 = CARTESIAN_POINT('',(30.,-90.,20.));
#900 = LINE('',#901,#902);
#901 = CARTESIAN_POINT('',(30.,-90.,20.));
#902 = VECTOR('',#903,1.);
#903 = DIRECTION('',(-1.,-1.7E-16,0.));
#904 = ORIENTED_EDGE('',*,*,#905,.T.);
#905 = EDGE_CURVE('',#898,#906,#908,.T.);
#906 = VERTEX_POINT('',#907);
#907 = CARTESIAN_POINT('',(35.,-85.,20.));
#908 = CIRCLE('',#909,5.);
#909 = AXIS2_PLACEMENT_3D('',#910,#911,#912);
#910 = CARTESIAN_POINT('',(30.,-85.,20.));
#911 = DIRECTION('',(0.,0.,1.));
#912 = DIRECTION('',(1.,0.,0.));
#913 = ORIENTED_EDGE('',*,*,#914,.F.);
#914 = EDGE_CURVE('',#915,#906,#917,.T.);
#915 = VERTEX_POINT('',#916);
#916 = CARTESIAN_POINT('',(35.,85.,20.));
#917 = LINE('',#918,#919);
#918 = CARTESIAN_POINT('',(35.,85.,20.));
#919 = VECTOR('',#920,1.);
#920 = DIRECTION('',(0.,-1.,0.));
#921 = ORIENTED_EDGE('',*,*,#922,.T.);
#922 = EDGE_CURVE('',#915,#923,#925,.T.);
#923 = VERTEX_POINT('',#924);
#924 = CARTESIAN_POINT('',(30.,90.,20.));
#925 = CIRCLE('',#926,5.);
#926 = AXIS2_PLACEMENT_3D('',#927,#928,#929);
#927 = CARTESIAN_POINT('',(30.,85.,20.));
#928 = DIRECTION('',(0.,0.,1.));
#929 = DIRECTION('',(1.,0.,0.));
#930 = ORIENTED_EDGE('',*,*,#931,.F.);
#931 = EDGE_CURVE('',#97,#923,#932,.T.);
#932 = LINE('',#933,#934);
#933 = CARTESIAN_POINT('',(-52.96351743323,90.,20.));
#934 = VECTOR('',#935,1.);
#935 = DIRECTION('',(1.,0.,0.));
#936 = ORIENTED_EDGE('',*,*,#104,.T.);
#937 = FACE_BOUND('',#938,.T.);
#938 = EDGE_LOOP('',(#939,#949,#957,#965,#973,#981));
#939 = ORIENTED_EDGE('',*,*,#940,.F.);
#940 = EDGE_CURVE('',#941,#943,#945,.T.);
#941 = VERTEX_POINT('',#942);
#942 = CARTESIAN_POINT('',(-118.1,-15.,20.));
#943 = VERTEX_POINT('',#944);
#944 = CARTESIAN_POINT('',(-119.8,-12.05551362713,20.));
#945 = LINE('',#946,#947);
#946 = CARTESIAN_POINT('',(-118.1,-15.,20.));
#947 = VECTOR('',#948,1.);
#948 = DIRECTION('',(-0.5,0.866025403784,0.));
#949 = ORIENTED_EDGE('',*,*,#950,.F.);
#950 = EDGE_CURVE('',#951,#941,#953,.T.);
#951 = VERTEX_POINT('',#952);
#952 = CARTESIAN_POINT('',(-119.8,-17.94448637286,20.));
#953 = LINE('',#954,#955);
#954 = CARTESIAN_POINT('',(-119.8,-17.94448637286,20.));
#955 = VECTOR('',#956,1.);
#956 = DIRECTION('',(0.5,0.866025403784,0.));
#957 = ORIENTED_EDGE('',*,*,#958,.F.);
#958 = EDGE_CURVE('',#959,#951,#961,.T.);
#959 = VERTEX_POINT('',#960);
#960 = CARTESIAN_POINT('',(-123.2,-17.94448637286,20.));
#961 = LINE('',#962,#963);
#962 = CARTESIAN_POINT('',(-123.2,-17.94448637286,20.));
#963 = VECTOR('',#964,1.);
#964 = DIRECTION('',(1.,0.,0.));
#965 = ORIENTED_EDGE('',*,*,#966,.F.);
#966 = EDGE_CURVE('',#967,#959,#969,.T.);
#967 = VERTEX_POINT('',#968);
#968 = CARTESIAN_POINT('',(-124.9,-15.,20.));
#969 = LINE('',#970,#971);
#970 = CARTESIAN_POINT('',(-124.9,-15.,20.));
#971 = VECTOR('',#972,1.);
#972 = DIRECTION('',(0.5,-0.866025403784,0.));
#973 = ORIENTED_EDGE('',*,*,#974,.F.);
#974 = EDGE_CURVE('',#975,#967,#977,.T.);
#975 = VERTEX_POINT('',#976);
#976 = CARTESIAN_POINT('',(-123.2,-12.05551362713,20.));
#977 = LINE('',#978,#979);
#978 = CARTESIAN_POINT('',(-123.2,-12.05551362713,20.));
#979 = VECTOR('',#980,1.);
#980 = DIRECTION('',(-0.5,-0.866025403784,0.));
#981 = ORIENTED_EDGE('',*,*,#982,.F.);
#982 = EDGE_CURVE('',#943,#975,#983,.T.);
#983 = LINE('',#984,#985);
#984 = CARTESIAN_POINT('',(-119.8,-12.05551362713,20.));
#985 = VECTOR('',#986,1.);
#986 = DIRECTION('',(-1.,0.,0.));
#987 = FACE_BOUND('',#988,.T.);
#988 = EDGE_LOOP('',(#989,#999,#1007,#1015,#1023,#1031));
#989 = ORIENTED_EDGE('',*,*,#990,.F.);
#990 = EDGE_CURVE('',#991,#993,#995,.T.);
#991 = VERTEX_POINT('',#992);
#992 = CARTESIAN_POINT('',(-98.1,-15.,20.));
#993 = VERTEX_POINT('',#994);
#994 = CARTESIAN_POINT('',(-99.8,-12.05551362713,20.));
#995 = LINE('',#996,#997);
#996 = CARTESIAN_POINT('',(-98.1,-15.,20.));
#997 = VECTOR('',#998,1.);
#998 = DIRECTION('',(-0.5,0.866025403784,0.));
#999 = ORIENTED_EDGE('',*,*,#1000,.F.);
#1000 = EDGE_CURVE('',#1001,#991,#1003,.T.);
#1001 = VERTEX_POINT('',#1002);
#1002 = CARTESIAN_POINT('',(-99.8,-17.94448637286,20.));
#1003 = LINE('',#1004,#1005);
#1004 = CARTESIAN_POINT('',(-99.8,-17.94448637286,20.));
#1005 = VECTOR('',#1006,1.);
#1006 = DIRECTION('',(0.5,0.866025403784,0.));
#1007 = ORIENTED_EDGE('',*,*,#1008,.F.);
#1008 = EDGE_CURVE('',#1009,#1001,#1011,.T.);
#1009 = VERTEX_POINT('',#1010);
#1010 = CARTESIAN_POINT('',(-103.2,-17.94448637286,20.));
#1011 = LINE('',#1012,#1013);
#1012 = CARTESIAN_POINT('',(-103.2,-17.94448637286,20.));
#1013 = VECTOR('',#1014,1.);
#1014 = DIRECTION('',(1.,0.,0.));
#1015 = ORIENTED_EDGE('',*,*,#1016,.F.);
#1016 = EDGE_CURVE('',#1017,#1009,#1019,.T.);
#1017 = VERTEX_POINT('',#1018);
#1018 = CARTESIAN_POINT('',(-104.9,-15.,20.));
#1019 = LINE('',#1020,#1021);
#1020 = CARTESIAN_POINT('',(-104.9,-15.,20.));
#1021 = VECTOR('',#1022,1.);
#1022 = DIRECTION('',(0.5,-0.866025403784,0.));
#1023 = ORIENTED_EDGE('',*,*,#1024,.F.);
#1024 = EDGE_CURVE('',#1025,#1017,#1027,.T.);
#1025 = VERTEX_POINT('',#1026);
#1026 = CARTESIAN_POINT('',(-103.2,-12.05551362713,20.));
#1027 = LINE('',#1028,#1029);
#1028 = CARTESIAN_POINT('',(-103.2,-12.05551362713,20.));
#1029 = VECTOR('',#1030,1.);
#1030 = DIRECTION('',(-0.5,-0.866025403784,0.));
#1031 = ORIENTED_EDGE('',*,*,#1032,.F.);
#1032 = EDGE_CURVE('',#993,#1025,#1033,.T.);
#1033 = LINE('',#1034,#1035);
#1034 = CARTESIAN_POINT('',(-99.8,-12.05551362713,20.));
#1035 = VECTOR('',#1036,1.);
#1036 = DIRECTION('',(-1.,0.,0.));
#1037 = FACE_BOUND('',#1038,.T.);
#1038 = EDGE_LOOP('',(#1039));
#1039 = ORIENTED_EDGE('',*,*,#1040,.F.);
#1040 = EDGE_CURVE('',#1041,#1041,#1043,.T.);
#1041 = VERTEX_POINT('',#1042);
#1042 = CARTESIAN_POINT('',(-76.05,-24.5,20.));
#1043 = CIRCLE('',#1044,1.45);
#1044 = AXIS2_PLACEMENT_3D('',#1045,#1046,#1047);
#1045 = CARTESIAN_POINT('',(-77.5,-24.5,20.));
#1046 = DIRECTION('',(0.,0.,1.));
#1047 = DIRECTION('',(1.,0.,0.));
#1048 = FACE_BOUND('',#1049,.T.);
#1049 = EDGE_LOOP('',(#1050,#1060,#1068,#1076,#1084,#1092));
#1050 = ORIENTED_EDGE('',*,*,#1051,.F.);
#1051 = EDGE_CURVE('',#1052,#1054,#1056,.T.);
#1052 = VERTEX_POINT('',#1053);
#1053 = CARTESIAN_POINT('',(-66.6,-12.,20.));
#1054 = VERTEX_POINT('',#1055);
#1055 = CARTESIAN_POINT('',(-68.3,-9.055513627133,20.));
#1056 = LINE('',#1057,#1058);
#1057 = CARTESIAN_POINT('',(-66.6,-12.,20.));
#1058 = VECTOR('',#1059,1.);
#1059 = DIRECTION('',(-0.5,0.866025403784,0.));
#1060 = ORIENTED_EDGE('',*,*,#1061,.F.);
#1061 = EDGE_CURVE('',#1062,#1052,#1064,.T.);
#1062 = VERTEX_POINT('',#1063);
#1063 = CARTESIAN_POINT('',(-68.3,-14.94448637286,20.));
#1064 = LINE('',#1065,#1066);
#1065 = CARTESIAN_POINT('',(-68.3,-14.94448637286,20.));
#1066 = VECTOR('',#1067,1.);
#1067 = DIRECTION('',(0.5,0.866025403784,0.));
#1068 = ORIENTED_EDGE('',*,*,#1069,.F.);
#1069 = EDGE_CURVE('',#1070,#1062,#1072,.T.);
#1070 = VERTEX_POINT('',#1071);
#1071 = CARTESIAN_POINT('',(-71.7,-14.94448637286,20.));
#1072 = LINE('',#1073,#1074);
#1073 = CARTESIAN_POINT('',(-71.7,-14.94448637286,20.));
#1074 = VECTOR('',#1075,1.);
#1075 = DIRECTION('',(1.,0.,0.));
#1076 = ORIENTED_EDGE('',*,*,#1077,.F.);
#1077 = EDGE_CURVE('',#1078,#1070,#1080,.T.);
#1078 = VERTEX_POINT('',#1079);
#1079 = CARTESIAN_POINT('',(-73.4,-12.,20.));
#1080 = LINE('',#1081,#1082);
#1081 = CARTESIAN_POINT('',(-73.4,-12.,20.));
#1082 = VECTOR('',#1083,1.);
#1083 = DIRECTION('',(0.5,-0.866025403784,0.));
#1084 = ORIENTED_EDGE('',*,*,#1085,.F.);
#1085 = EDGE_CURVE('',#1086,#1078,#1088,.T.);
#1086 = VERTEX_POINT('',#1087);
#1087 = CARTESIAN_POINT('',(-71.7,-9.055513627133,20.));
#1088 = LINE('',#1089,#1090);
#1089 = CARTESIAN_POINT('',(-71.7,-9.055513627133,20.));
#1090 = VECTOR('',#1091,1.);
#1091 = DIRECTION('',(-0.5,-0.866025403784,0.));
#1092 = ORIENTED_EDGE('',*,*,#1093,.F.);
#1093 = EDGE_CURVE('',#1054,#1086,#1094,.T.);
#1094 = LINE('',#1095,#1096);
#1095 = CARTESIAN_POINT('',(-68.3,-9.055513627133,20.));
#1096 = VECTOR('',#1097,1.);
#1097 = DIRECTION('',(-1.,0.,0.));
#1098 = FACE_BOUND('',#1099,.T.);
#1099 = EDGE_LOOP('',(#1100));
#1100 = ORIENTED_EDGE('',*,*,#1101,.F.);
#1101 = EDGE_CURVE('',#1102,#1102,#1104,.T.);
#1102 = VERTEX_POINT('',#1103);
#1103 = CARTESIAN_POINT('',(-51.16351743323,-85.,20.));
#1104 = CIRCLE('',#1105,1.8);
#1105 = AXIS2_PLACEMENT_3D('',#1106,#1107,#1108);
#1106 = CARTESIAN_POINT('',(-52.96351743323,-85.,20.));
#1107 = DIRECTION('',(0.,0.,1.));
#1108 = DIRECTION('',(1.,0.,0.));
#1109 = FACE_BOUND('',#1110,.T.);
#1110 = EDGE_LOOP('',(#1111,#1121,#1129,#1137,#1145,#1153));
#1111 = ORIENTED_EDGE('',*,*,#1112,.F.);
#1112 = EDGE_CURVE('',#1113,#1115,#1117,.T.);
#1113 = VERTEX_POINT('',#1114);
#1114 = CARTESIAN_POINT('',(-17.1,-83.,20.));
#1115 = VERTEX_POINT('',#1116);
#1116 = CARTESIAN_POINT('',(-18.8,-80.05551362713,20.));
#1117 = LINE('',#1118,#1119);
#1118 = CARTESIAN_POINT('',(-17.1,-83.,20.));
#1119 = VECTOR('',#1120,1.);
#1120 = DIRECTION('',(-0.5,0.866025403784,0.));
#1121 = ORIENTED_EDGE('',*,*,#1122,.F.);
#1122 = EDGE_CURVE('',#1123,#1113,#1125,.T.);
#1123 = VERTEX_POINT('',#1124);
#1124 = CARTESIAN_POINT('',(-18.8,-85.94448637286,20.));
#1125 = LINE('',#1126,#1127);
#1126 = CARTESIAN_POINT('',(-18.8,-85.94448637286,20.));
#1127 = VECTOR('',#1128,1.);
#1128 = DIRECTION('',(0.5,0.866025403784,0.));
#1129 = ORIENTED_EDGE('',*,*,#1130,.F.);
#1130 = EDGE_CURVE('',#1131,#1123,#1133,.T.);
#1131 = VERTEX_POINT('',#1132);
#1132 = CARTESIAN_POINT('',(-22.2,-85.94448637286,20.));
#1133 = LINE('',#1134,#1135);
#1134 = CARTESIAN_POINT('',(-22.2,-85.94448637286,20.));
#1135 = VECTOR('',#1136,1.);
#1136 = DIRECTION('',(1.,0.,0.));
#1137 = ORIENTED_EDGE('',*,*,#1138,.F.);
#1138 = EDGE_CURVE('',#1139,#1131,#1141,.T.);
#1139 = VERTEX_POINT('',#1140);
#1140 = CARTESIAN_POINT('',(-23.9,-83.,20.));
#1141 = LINE('',#1142,#1143);
#1142 = CARTESIAN_POINT('',(-23.9,-83.,20.));
#1143 = VECTOR('',#1144,1.);
#1144 = DIRECTION('',(0.5,-0.866025403784,0.));
#1145 = ORIENTED_EDGE('',*,*,#1146,.F.);
#1146 = EDGE_CURVE('',#1147,#1139,#1149,.T.);
#1147 = VERTEX_POINT('',#1148);
#1148 = CARTESIAN_POINT('',(-22.2,-80.05551362713,20.));
#1149 = LINE('',#1150,#1151);
#1150 = CARTESIAN_POINT('',(-22.2,-80.05551362713,20.));
#1151 = VECTOR('',#1152,1.);
#1152 = DIRECTION('',(-0.5,-0.866025403784,0.));
#1153 = ORIENTED_EDGE('',*,*,#1154,.F.);
#1154 = EDGE_CURVE('',#1115,#1147,#1155,.T.);
#1155 = LINE('',#1156,#1157);
#1156 = CARTESIAN_POINT('',(-18.8,-80.05551362713,20.));
#1157 = VECTOR('',#1158,1.);
#1158 = DIRECTION('',(-1.,0.,0.));
#1159 = FACE_BOUND('',#1160,.T.);
#1160 = EDGE_LOOP('',(#1161,#1171,#1179,#1187,#1195,#1203));
#1161 = ORIENTED_EDGE('',*,*,#1162,.F.);
#1162 = EDGE_CURVE('',#1163,#1165,#1167,.T.);
#1163 = VERTEX_POINT('',#1164);
#1164 = CARTESIAN_POINT('',(-17.1,-63.,20.));
#1165 = VERTEX_POINT('',#1166);
#1166 = CARTESIAN_POINT('',(-18.8,-60.05551362713,20.));
#1167 = LINE('',#1168,#1169);
#1168 = CARTESIAN_POINT('',(-17.1,-63.,20.));
#1169 = VECTOR('',#1170,1.);
#1170 = DIRECTION('',(-0.5,0.866025403784,0.));
#1171 = ORIENTED_EDGE('',*,*,#1172,.F.);
#1172 = EDGE_CURVE('',#1173,#1163,#1175,.T.);
#1173 = VERTEX_POINT('',#1174);
#1174 = CARTESIAN_POINT('',(-18.8,-65.94448637286,20.));
#1175 = LINE('',#1176,#1177);
#1176 = CARTESIAN_POINT('',(-18.8,-65.94448637286,20.));
#1177 = VECTOR('',#1178,1.);
#1178 = DIRECTION('',(0.5,0.866025403784,0.));
#1179 = ORIENTED_EDGE('',*,*,#1180,.F.);
#1180 = EDGE_CURVE('',#1181,#1173,#1183,.T.);
#1181 = VERTEX_POINT('',#1182);
#1182 = CARTESIAN_POINT('',(-22.2,-65.94448637286,20.));
#1183 = LINE('',#1184,#1185);
#1184 = CARTESIAN_POINT('',(-22.2,-65.94448637286,20.));
#1185 = VECTOR('',#1186,1.);
#1186 = DIRECTION('',(1.,0.,0.));
#1187 = ORIENTED_EDGE('',*,*,#1188,.F.);
#1188 = EDGE_CURVE('',#1189,#1181,#1191,.T.);
#1189 = VERTEX_POINT('',#1190);
#1190 = CARTESIAN_POINT('',(-23.9,-63.,20.));
#1191 = LINE('',#1192,#1193);
#1192 = CARTESIAN_POINT('',(-23.9,-63.,20.));
#1193 = VECTOR('',#1194,1.);
#1194 = DIRECTION('',(0.5,-0.866025403784,0.));
#1195 = ORIENTED_EDGE('',*,*,#1196,.F.);
#1196 = EDGE_CURVE('',#1197,#1189,#1199,.T.);
#1197 = VERTEX_POINT('',#1198);
#1198 = CARTESIAN_POINT('',(-22.2,-60.05551362713,20.));
#1199 = LINE('',#1200,#1201);
#1200 = CARTESIAN_POINT('',(-22.2,-60.05551362713,20.));
#1201 = VECTOR('',#1202,1.);
#1202 = DIRECTION('',(-0.5,-0.866025403784,0.));
#1203 = ORIENTED_EDGE('',*,*,#1204,.F.);
#1204 = EDGE_CURVE('',#1165,#1197,#1205,.T.);
#1205 = LINE('',#1206,#1207);
#1206 = CARTESIAN_POINT('',(-18.8,-60.05551362713,20.));
#1207 = VECTOR('',#1208,1.);
#1208 = DIRECTION('',(-1.,0.,0.));
#1209 = FACE_BOUND('',#1210,.T.);
#1210 = EDGE_LOOP('',(#1211,#1221,#1229,#1237,#1245,#1253));
#1211 = ORIENTED_EDGE('',*,*,#1212,.F.);
#1212 = EDGE_CURVE('',#1213,#1215,#1217,.T.);
#1213 = VERTEX_POINT('',#1214);
#1214 = CARTESIAN_POINT('',(23.9,-83.,20.));
#1215 = VERTEX_POINT('',#1216);
#1216 = CARTESIAN_POINT('',(22.2,-80.05551362713,20.));
#1217 = LINE('',#1218,#1219);
#1218 = CARTESIAN_POINT('',(23.9,-83.,20.));
#1219 = VECTOR('',#1220,1.);
#1220 = DIRECTION('',(-0.5,0.866025403784,0.));
#1221 = ORIENTED_EDGE('',*,*,#1222,.F.);
#1222 = EDGE_CURVE('',#1223,#1213,#1225,.T.);
#1223 = VERTEX_POINT('',#1224);
#1224 = CARTESIAN_POINT('',(22.2,-85.94448637286,20.));
#1225 = LINE('',#1226,#1227);
#1226 = CARTESIAN_POINT('',(22.2,-85.94448637286,20.));
#1227 = VECTOR('',#1228,1.);
#1228 = DIRECTION('',(0.5,0.866025403784,0.));
#1229 = ORIENTED_EDGE('',*,*,#1230,.F.);
#1230 = EDGE_CURVE('',#1231,#1223,#1233,.T.);
#1231 = VERTEX_POINT('',#1232);
#1232 = CARTESIAN_POINT('',(18.8,-85.94448637286,20.));
#1233 = LINE('',#1234,#1235);
#1234 = CARTESIAN_POINT('',(18.8,-85.94448637286,20.));
#1235 = VECTOR('',#1236,1.);
#1236 = DIRECTION('',(1.,0.,0.));
#1237 = ORIENTED_EDGE('',*,*,#1238,.F.);
#1238 = EDGE_CURVE('',#1239,#1231,#1241,.T.);
#1239 = VERTEX_POINT('',#1240);
#1240 = CARTESIAN_POINT('',(17.1,-83.,20.));
#1241 = LINE('',#1242,#1243);
#1242 = CARTESIAN_POINT('',(17.1,-83.,20.));
#1243 = VECTOR('',#1244,1.);
#1244 = DIRECTION('',(0.5,-0.866025403784,0.));
#1245 = ORIENTED_EDGE('',*,*,#1246,.F.);
#1246 = EDGE_CURVE('',#1247,#1239,#1249,.T.);
#1247 = VERTEX_POINT('',#1248);
#1248 = CARTESIAN_POINT('',(18.8,-80.05551362713,20.));
#1249 = LINE('',#1250,#1251);
#1250 = CARTESIAN_POINT('',(18.8,-80.05551362713,20.));
#1251 = VECTOR('',#1252,1.);
#1252 = DIRECTION('',(-0.5,-0.866025403784,0.));
#1253 = ORIENTED_EDGE('',*,*,#1254,.F.);
#1254 = EDGE_CURVE('',#1215,#1247,#1255,.T.);
#1255 = LINE('',#1256,#1257);
#1256 = CARTESIAN_POINT('',(22.2,-80.05551362713,20.));
#1257 = VECTOR('',#1258,1.);
#1258 = DIRECTION('',(-1.,0.,0.));
#1259 = FACE_BOUND('',#1260,.T.);
#1260 = EDGE_LOOP('',(#1261));
#1261 = ORIENTED_EDGE('',*,*,#1262,.F.);
#1262 = EDGE_CURVE('',#1263,#1263,#1265,.T.);
#1263 = VERTEX_POINT('',#1264);
#1264 = CARTESIAN_POINT('',(31.8,-85.,20.));
#1265 = CIRCLE('',#1266,1.8);
#1266 = AXIS2_PLACEMENT_3D('',#1267,#1268,#1269);
#1267 = CARTESIAN_POINT('',(30.,-85.,20.));
#1268 = DIRECTION('',(0.,0.,1.));
#1269 = DIRECTION('',(1.,0.,0.));
#1270 = FACE_BOUND('',#1271,.T.);
#1271 = EDGE_LOOP('',(#1272,#1282,#1290,#1298,#1306,#1314));
#1272 = ORIENTED_EDGE('',*,*,#1273,.F.);
#1273 = EDGE_CURVE('',#1274,#1276,#1278,.T.);
#1274 = VERTEX_POINT('',#1275);
#1275 = CARTESIAN_POINT('',(23.9,-63.,20.));
#1276 = VERTEX_POINT('',#1277);
#1277 = CARTESIAN_POINT('',(22.2,-60.05551362713,20.));
#1278 = LINE('',#1279,#1280);
#1279 = CARTESIAN_POINT('',(23.9,-63.,20.));
#1280 = VECTOR('',#1281,1.);
#1281 = DIRECTION('',(-0.5,0.866025403784,0.));
#1282 = ORIENTED_EDGE('',*,*,#1283,.F.);
#1283 = EDGE_CURVE('',#1284,#1274,#1286,.T.);
#1284 = VERTEX_POINT('',#1285);
#1285 = CARTESIAN_POINT('',(22.2,-65.94448637286,20.));
#1286 = LINE('',#1287,#1288);
#1287 = CARTESIAN_POINT('',(22.2,-65.94448637286,20.));
#1288 = VECTOR('',#1289,1.);
#1289 = DIRECTION('',(0.5,0.866025403784,0.));
#1290 = ORIENTED_EDGE('',*,*,#1291,.F.);
#1291 = EDGE_CURVE('',#1292,#1284,#1294,.T.);
#1292 = VERTEX_POINT('',#1293);
#1293 = CARTESIAN_POINT('',(18.8,-65.94448637286,20.));
#1294 = LINE('',#1295,#1296);
#1295 = CARTESIAN_POINT('',(18.8,-65.94448637286,20.));
#1296 = VECTOR('',#1297,1.);
#1297 = DIRECTION('',(1.,0.,0.));
#1298 = ORIENTED_EDGE('',*,*,#1299,.F.);
#1299 = EDGE_CURVE('',#1300,#1292,#1302,.T.);
#1300 = VERTEX_POINT('',#1301);
#1301 = CARTESIAN_POINT('',(17.1,-63.,20.));
#1302 = LINE('',#1303,#1304);
#1303 = CARTESIAN_POINT('',(17.1,-63.,20.));
#1304 = VECTOR('',#1305,1.);
#1305 = DIRECTION('',(0.5,-0.866025403784,0.));
#1306 = ORIENTED_EDGE('',*,*,#1307,.F.);
#1307 = EDGE_CURVE('',#1308,#1300,#1310,.T.);
#1308 = VERTEX_POINT('',#1309);
#1309 = CARTESIAN_POINT('',(18.8,-60.05551362713,20.));
#1310 = LINE('',#1311,#1312);
#1311 = CARTESIAN_POINT('',(18.8,-60.05551362713,20.));
#1312 = VECTOR('',#1313,1.);
#1313 = DIRECTION('',(-0.5,-0.866025403784,0.));
#1314 = ORIENTED_EDGE('',*,*,#1315,.F.);
#1315 = EDGE_CURVE('',#1276,#1308,#1316,.T.);
#1316 = LINE('',#1317,#1318);
#1317 = CARTESIAN_POINT('',(22.2,-60.05551362713,20.));
#1318 = VECTOR('',#1319,1.);
#1319 = DIRECTION('',(-1.,0.,0.));
#1320 = FACE_BOUND('',#1321,.T.);
#1321 = EDGE_LOOP('',(#1322,#1333,#1341,#1350));
#1322 = ORIENTED_EDGE('',*,*,#1323,.F.);
#1323 = EDGE_CURVE('',#1324,#1326,#1328,.T.);
#1324 = VERTEX_POINT('',#1325);
#1325 = CARTESIAN_POINT('',(-48.,-21.,20.));
#1326 = VERTEX_POINT('',#1327);
#1327 = CARTESIAN_POINT('',(-48.,-25.,20.));
#1328 = CIRCLE('',#1329,2.);
#1329 = AXIS2_PLACEMENT_3D('',#1330,#1331,#1332);
#1330 = CARTESIAN_POINT('',(-48.,-23.,20.));
#1331 = DIRECTION('',(0.,0.,1.));
#1332 = DIRECTION('',(1.,0.,0.));
#1333 = ORIENTED_EDGE('',*,*,#1334,.T.);
#1334 = EDGE_CURVE('',#1324,#1335,#1337,.T.);
#1335 = VERTEX_POINT('',#1336);
#1336 = CARTESIAN_POINT('',(-44.,-21.,20.));
#1337 = LINE('',#1338,#1339);
#1338 = CARTESIAN_POINT('',(-48.,-21.,20.));
#1339 = VECTOR('',#1340,1.);
#1340 = DIRECTION('',(1.,0.,0.));
#1341 = ORIENTED_EDGE('',*,*,#1342,.F.);
#1342 = EDGE_CURVE('',#1343,#1335,#1345,.T.);
#1343 = VERTEX_POINT('',#1344);
#1344 = CARTESIAN_POINT('',(-44.,-25.,20.));
#1345 = CIRCLE('',#1346,2.);
#1346 = AXIS2_PLACEMENT_3D('',#1347,#1348,#1349);
#1347 = CARTESIAN_POINT('',(-44.,-23.,20.));
#1348 = DIRECTION('',(0.,0.,1.));
#1349 = DIRECTION('',(1.,0.,0.));
#1350 = ORIENTED_EDGE('',*,*,#1351,.F.);
#1351 = EDGE_CURVE('',#1326,#1343,#1352,.T.);
#1352 = LINE('',#1353,#1354);
#1353 = CARTESIAN_POINT('',(-48.,-25.,20.));
#1354 = VECTOR('',#1355,1.);
#1355 = DIRECTION('',(1.,0.,0.));
#1356 = FACE_BOUND('',#1357,.T.);
#1357 = EDGE_LOOP('',(#1358,#1369,#1377,#1386));
#1358 = ORIENTED_EDGE('',*,*,#1359,.F.);
#1359 = EDGE_CURVE('',#1360,#1362,#1364,.T.);
#1360 = VERTEX_POINT('',#1361);
#1361 = CARTESIAN_POINT('',(-28.,-25.,20.));
#1362 = VERTEX_POINT('',#1363);
#1363 = CARTESIAN_POINT('',(-28.,-21.,20.));
#1364 = CIRCLE('',#1365,2.);
#1365 = AXIS2_PLACEMENT_3D('',#1366,#1367,#1368);
#1366 = CARTESIAN_POINT('',(-28.,-23.,20.));
#1367 = DIRECTION('',(0.,0.,1.));
#1368 = DIRECTION('',(1.,0.,0.));
#1369 = ORIENTED_EDGE('',*,*,#1370,.T.);
#1370 = EDGE_CURVE('',#1360,#1371,#1373,.T.);
#1371 = VERTEX_POINT('',#1372);
#1372 = CARTESIAN_POINT('',(-32.,-25.,20.));
#1373 = LINE('',#1374,#1375);
#1374 = CARTESIAN_POINT('',(-28.,-25.,20.));
#1375 = VECTOR('',#1376,1.);
#1376 = DIRECTION('',(-1.,0.,0.));
#1377 = ORIENTED_EDGE('',*,*,#1378,.F.);
#1378 = EDGE_CURVE('',#1379,#1371,#1381,.T.);
#1379 = VERTEX_POINT('',#1380);
#1380 = CARTESIAN_POINT('',(-32.,-21.,20.));
#1381 = CIRCLE('',#1382,2.);
#1382 = AXIS2_PLACEMENT_3D('',#1383,#1384,#1385);
#1383 = CARTESIAN_POINT('',(-32.,-23.,20.));
#1384 = DIRECTION('',(0.,0.,1.));
#1385 = DIRECTION('',(1.,0.,0.));
#1386 = ORIENTED_EDGE('',*,*,#1387,.F.);
#1387 = EDGE_CURVE('',#1362,#1379,#1388,.T.);
#1388 = LINE('',#1389,#1390);
#1389 = CARTESIAN_POINT('',(-28.,-21.,20.));
#1390 = VECTOR('',#1391,1.);
#1391 = DIRECTION('',(-1.,0.,0.));
#1392 = FACE_BOUND('',#1393,.T.);
#1393 = EDGE_LOOP('',(#1394));
#1394 = ORIENTED_EDGE('',*,*,#1395,.F.);
#1395 = EDGE_CURVE('',#1396,#1396,#1398,.T.);
#1396 = VERTEX_POINT('',#1397);
#1397 = CARTESIAN_POINT('',(-18.05,-24.5,20.));
#1398 = CIRCLE('',#1399,1.45);
#1399 = AXIS2_PLACEMENT_3D('',#1400,#1401,#1402);
#1400 = CARTESIAN_POINT('',(-19.5,-24.5,20.));
#1401 = DIRECTION('',(0.,0.,1.));
#1402 = DIRECTION('',(1.,0.,0.));
#1403 = FACE_BOUND('',#1404,.T.);
#1404 = EDGE_LOOP('',(#1405,#1415,#1423,#1431,#1439,#1447));
#1405 = ORIENTED_EDGE('',*,*,#1406,.F.);
#1406 = EDGE_CURVE('',#1407,#1409,#1411,.T.);
#1407 = VERTEX_POINT('',#1408);
#1408 = CARTESIAN_POINT('',(-26.6,-12.,20.));
#1409 = VERTEX_POINT('',#1410);
#1410 = CARTESIAN_POINT('',(-28.3,-9.055513627133,20.));
#1411 = LINE('',#1412,#1413);
#1412 = CARTESIAN_POINT('',(-26.6,-12.,20.));
#1413 = VECTOR('',#1414,1.);
#1414 = DIRECTION('',(-0.5,0.866025403784,0.));
#1415 = ORIENTED_EDGE('',*,*,#1416,.F.);
#1416 = EDGE_CURVE('',#1417,#1407,#1419,.T.);
#1417 = VERTEX_POINT('',#1418);
#1418 = CARTESIAN_POINT('',(-28.3,-14.94448637286,20.));
#1419 = LINE('',#1420,#1421);
#1420 = CARTESIAN_POINT('',(-28.3,-14.94448637286,20.));
#1421 = VECTOR('',#1422,1.);
#1422 = DIRECTION('',(0.5,0.866025403784,0.));
#1423 = ORIENTED_EDGE('',*,*,#1424,.F.);
#1424 = EDGE_CURVE('',#1425,#1417,#1427,.T.);
#1425 = VERTEX_POINT('',#1426);
#1426 = CARTESIAN_POINT('',(-31.7,-14.94448637286,20.));
#1427 = LINE('',#1428,#1429);
#1428 = CARTESIAN_POINT('',(-31.7,-14.94448637286,20.));
#1429 = VECTOR('',#1430,1.);
#1430 = DIRECTION('',(1.,0.,0.));
#1431 = ORIENTED_EDGE('',*,*,#1432,.F.);
#1432 = EDGE_CURVE('',#1433,#1425,#1435,.T.);
#1433 = VERTEX_POINT('',#1434);
#1434 = CARTESIAN_POINT('',(-33.4,-12.,20.));
#1435 = LINE('',#1436,#1437);
#1436 = CARTESIAN_POINT('',(-33.4,-12.,20.));
#1437 = VECTOR('',#1438,1.);
#1438 = DIRECTION('',(0.5,-0.866025403784,0.));
#1439 = ORIENTED_EDGE('',*,*,#1440,.F.);
#1440 = EDGE_CURVE('',#1441,#1433,#1443,.T.);
#1441 = VERTEX_POINT('',#1442);
#1442 = CARTESIAN_POINT('',(-31.7,-9.055513627133,20.));
#1443 = LINE('',#1444,#1445);
#1444 = CARTESIAN_POINT('',(-31.7,-9.055513627133,20.));
#1445 = VECTOR('',#1446,1.);
#1446 = DIRECTION('',(-0.5,-0.866025403784,0.));
#1447 = ORIENTED_EDGE('',*,*,#1448,.F.);
#1448 = EDGE_CURVE('',#1409,#1441,#1449,.T.);
#1449 = LINE('',#1450,#1451);
#1450 = CARTESIAN_POINT('',(-28.3,-9.055513627133,20.));
#1451 = VECTOR('',#1452,1.);
#1452 = DIRECTION('',(-1.,0.,0.));
#1453 = FACE_BOUND('',#1454,.T.);
#1454 = EDGE_LOOP('',(#1455,#1466,#1474,#1483));
#1455 = ORIENTED_EDGE('',*,*,#1456,.F.);
#1456 = EDGE_CURVE('',#1457,#1459,#1461,.T.);
#1457 = VERTEX_POINT('',#1458);
#1458 = CARTESIAN_POINT('',(-8.,-30.,20.));
#1459 = VERTEX_POINT('',#1460);
#1460 = CARTESIAN_POINT('',(-8.,-38.,20.));
#1461 = CIRCLE('',#1462,4.);
#1462 = AXIS2_PLACEMENT_3D('',#1463,#1464,#1465);
#1463 = CARTESIAN_POINT('',(-8.,-34.,20.));
#1464 = DIRECTION('',(0.,0.,1.));
#1465 = DIRECTION('',(1.,0.,0.));
#1466 = ORIENTED_EDGE('',*,*,#1467,.T.);
#1467 = EDGE_CURVE('',#1457,#1468,#1470,.T.);
#1468 = VERTEX_POINT('',#1469);
#1469 = CARTESIAN_POINT('',(8.,-30.,20.));
#1470 = LINE('',#1471,#1472);
#1471 = CARTESIAN_POINT('',(-8.,-30.,20.));
#1472 = VECTOR('',#1473,1.);
#1473 = DIRECTION('',(1.,0.,0.));
#1474 = ORIENTED_EDGE('',*,*,#1475,.F.);
#1475 = EDGE_CURVE('',#1476,#1468,#1478,.T.);
#1476 = VERTEX_POINT('',#1477);
#1477 = CARTESIAN_POINT('',(8.,-38.,20.));
#1478 = CIRCLE('',#1479,4.);
#1479 = AXIS2_PLACEMENT_3D('',#1480,#1481,#1482);
#1480 = CARTESIAN_POINT('',(8.,-34.,20.));
#1481 = DIRECTION('',(0.,0.,1.));
#1482 = DIRECTION('',(1.,0.,0.));
#1483 = ORIENTED_EDGE('',*,*,#1484,.F.);
#1484 = EDGE_CURVE('',#1459,#1476,#1485,.T.);
#1485 = LINE('',#1486,#1487);
#1486 = CARTESIAN_POINT('',(-8.,-38.,20.));
#1487 = VECTOR('',#1488,1.);
#1488 = DIRECTION('',(1.,0.,0.));
#1489 = FACE_BOUND('',#1490,.T.);
#1490 = EDGE_LOOP('',(#1491,#1502,#1510,#1519));
#1491 = ORIENTED_EDGE('',*,*,#1492,.F.);
#1492 = EDGE_CURVE('',#1493,#1495,#1497,.T.);
#1493 = VERTEX_POINT('',#1494);
#1494 = CARTESIAN_POINT('',(30.,-25.,20.));
#1495 = VERTEX_POINT('',#1496);
#1496 = CARTESIAN_POINT('',(22.,-25.,20.));
#1497 = CIRCLE('',#1498,4.);
#1498 = AXIS2_PLACEMENT_3D('',#1499,#1500,#1501);
#1499 = CARTESIAN_POINT('',(26.,-25.,20.));
#1500 = DIRECTION('',(0.,0.,1.));
#1501 = DIRECTION('',(1.,0.,0.));
#1502 = ORIENTED_EDGE('',*,*,#1503,.T.);
#1503 = EDGE_CURVE('',#1493,#1504,#1506,.T.);
#1504 = VERTEX_POINT('',#1505);
#1505 = CARTESIAN_POINT('',(30.,-33.,20.));
#1506 = LINE('',#1507,#1508);
#1507 = CARTESIAN_POINT('',(30.,-25.,20.));
#1508 = VECTOR('',#1509,1.);
#1509 = DIRECTION('',(0.,-1.,0.));
#1510 = ORIENTED_EDGE('',*,*,#1511,.F.);
#1511 = EDGE_CURVE('',#1512,#1504,#1514,.T.);
#1512 = VERTEX_POINT('',#1513);
#1513 = CARTESIAN_POINT('',(22.,-33.,20.));
#1514 = CIRCLE('',#1515,4.);
#1515 = AXIS2_PLACEMENT_3D('',#1516,#1517,#1518);
#1516 = CARTESIAN_POINT('',(26.,-33.,20.));
#1517 = DIRECTION('',(0.,0.,1.));
#1518 = DIRECTION('',(1.,0.,0.));
#1519 = ORIENTED_EDGE('',*,*,#1520,.F.);
#1520 = EDGE_CURVE('',#1495,#1512,#1521,.T.);
#1521 = LINE('',#1522,#1523);
#1522 = CARTESIAN_POINT('',(22.,-25.,20.));
#1523 = VECTOR('',#1524,1.);
#1524 = DIRECTION('',(0.,-1.,0.));
#1525 = FACE_BOUND('',#1526,.T.);
#1526 = EDGE_LOOP('',(#1527));
#1527 = ORIENTED_EDGE('',*,*,#1528,.F.);
#1528 = EDGE_CURVE('',#1529,#1529,#1531,.T.);
#1529 = VERTEX_POINT('',#1530);
#1530 = CARTESIAN_POINT('',(-138.2,1.E-15,20.));
#1531 = CIRCLE('',#1532,1.8);
#1532 = AXIS2_PLACEMENT_3D('',#1533,#1534,#1535);
#1533 = CARTESIAN_POINT('',(-140.,6.E-16,20.));
#1534 = DIRECTION('',(0.,0.,1.));
#1535 = DIRECTION('',(1.,0.,0.));
#1536 = FACE_BOUND('',#1537,.T.);
#1537 = EDGE_LOOP('',(#1538,#1548,#1556,#1564,#1572,#1580));
#1538 = ORIENTED_EDGE('',*,*,#1539,.F.);
#1539 = EDGE_CURVE('',#1540,#1542,#1544,.T.);
#1540 = VERTEX_POINT('',#1541);
#1541 = CARTESIAN_POINT('',(-118.1,15.,20.));
#1542 = VERTEX_POINT('',#1543);
#1543 = CARTESIAN_POINT('',(-119.8,17.944486372867,20.));
#1544 = LINE('',#1545,#1546);
#1545 = CARTESIAN_POINT('',(-118.1,15.,20.));
#1546 = VECTOR('',#1547,1.);
#1547 = DIRECTION('',(-0.5,0.866025403784,0.));
#1548 = ORIENTED_EDGE('',*,*,#1549,.F.);
#1549 = EDGE_CURVE('',#1550,#1540,#1552,.T.);
#1550 = VERTEX_POINT('',#1551);
#1551 = CARTESIAN_POINT('',(-119.8,12.055513627133,20.));
#1552 = LINE('',#1553,#1554);
#1553 = CARTESIAN_POINT('',(-119.8,12.055513627133,20.));
#1554 = VECTOR('',#1555,1.);
#1555 = DIRECTION('',(0.5,0.866025403784,0.));
#1556 = ORIENTED_EDGE('',*,*,#1557,.F.);
#1557 = EDGE_CURVE('',#1558,#1550,#1560,.T.);
#1558 = VERTEX_POINT('',#1559);
#1559 = CARTESIAN_POINT('',(-123.2,12.055513627133,20.));
#1560 = LINE('',#1561,#1562);
#1561 = CARTESIAN_POINT('',(-123.2,12.055513627133,20.));
#1562 = VECTOR('',#1563,1.);
#1563 = DIRECTION('',(1.,0.,0.));
#1564 = ORIENTED_EDGE('',*,*,#1565,.F.);
#1565 = EDGE_CURVE('',#1566,#1558,#1568,.T.);
#1566 = VERTEX_POINT('',#1567);
#1567 = CARTESIAN_POINT('',(-124.9,15.,20.));
#1568 = LINE('',#1569,#1570);
#1569 = CARTESIAN_POINT('',(-124.9,15.,20.));
#1570 = VECTOR('',#1571,1.);
#1571 = DIRECTION('',(0.5,-0.866025403784,0.));
#1572 = ORIENTED_EDGE('',*,*,#1573,.F.);
#1573 = EDGE_CURVE('',#1574,#1566,#1576,.T.);
#1574 = VERTEX_POINT('',#1575);
#1575 = CARTESIAN_POINT('',(-123.2,17.944486372867,20.));
#1576 = LINE('',#1577,#1578);
#1577 = CARTESIAN_POINT('',(-123.2,17.944486372867,20.));
#1578 = VECTOR('',#1579,1.);
#1579 = DIRECTION('',(-0.5,-0.866025403784,0.));
#1580 = ORIENTED_EDGE('',*,*,#1581,.F.);
#1581 = EDGE_CURVE('',#1542,#1574,#1582,.T.);
#1582 = LINE('',#1583,#1584);
#1583 = CARTESIAN_POINT('',(-119.8,17.944486372867,20.));
#1584 = VECTOR('',#1585,1.);
#1585 = DIRECTION('',(-1.,0.,0.));
#1586 = FACE_BOUND('',#1587,.T.);
#1587 = EDGE_LOOP('',(#1588,#1598,#1606,#1614,#1622,#1630));
#1588 = ORIENTED_EDGE('',*,*,#1589,.F.);
#1589 = EDGE_CURVE('',#1590,#1592,#1594,.T.);
#1590 = VERTEX_POINT('',#1591);
#1591 = CARTESIAN_POINT('',(-98.1,15.,20.));
#1592 = VERTEX_POINT('',#1593);
#1593 = CARTESIAN_POINT('',(-99.8,17.944486372867,20.));
#1594 = LINE('',#1595,#1596);
#1595 = CARTESIAN_POINT('',(-98.1,15.,20.));
#1596 = VECTOR('',#1597,1.);
#1597 = DIRECTION('',(-0.5,0.866025403784,0.));
#1598 = ORIENTED_EDGE('',*,*,#1599,.F.);
#1599 = EDGE_CURVE('',#1600,#1590,#1602,.T.);
#1600 = VERTEX_POINT('',#1601);
#1601 = CARTESIAN_POINT('',(-99.8,12.055513627133,20.));
#1602 = LINE('',#1603,#1604);
#1603 = CARTESIAN_POINT('',(-99.8,12.055513627133,20.));
#1604 = VECTOR('',#1605,1.);
#1605 = DIRECTION('',(0.5,0.866025403784,0.));
#1606 = ORIENTED_EDGE('',*,*,#1607,.F.);
#1607 = EDGE_CURVE('',#1608,#1600,#1610,.T.);
#1608 = VERTEX_POINT('',#1609);
#1609 = CARTESIAN_POINT('',(-103.2,12.055513627133,20.));
#1610 = LINE('',#1611,#1612);
#1611 = CARTESIAN_POINT('',(-103.2,12.055513627133,20.));
#1612 = VECTOR('',#1613,1.);
#1613 = DIRECTION('',(1.,0.,0.));
#1614 = ORIENTED_EDGE('',*,*,#1615,.F.);
#1615 = EDGE_CURVE('',#1616,#1608,#1618,.T.);
#1616 = VERTEX_POINT('',#1617);
#1617 = CARTESIAN_POINT('',(-104.9,15.,20.));
#1618 = LINE('',#1619,#1620);
#1619 = CARTESIAN_POINT('',(-104.9,15.,20.));
#1620 = VECTOR('',#1621,1.);
#1621 = DIRECTION('',(0.5,-0.866025403784,0.));
#1622 = ORIENTED_EDGE('',*,*,#1623,.F.);
#1623 = EDGE_CURVE('',#1624,#1616,#1626,.T.);
#1624 = VERTEX_POINT('',#1625);
#1625 = CARTESIAN_POINT('',(-103.2,17.944486372867,20.));
#1626 = LINE('',#1627,#1628);
#1627 = CARTESIAN_POINT('',(-103.2,17.944486372867,20.));
#1628 = VECTOR('',#1629,1.);
#1629 = DIRECTION('',(-0.5,-0.866025403784,0.));
#1630 = ORIENTED_EDGE('',*,*,#1631,.F.);
#1631 = EDGE_CURVE('',#1592,#1624,#1632,.T.);
#1632 = LINE('',#1633,#1634);
#1633 = CARTESIAN_POINT('',(-99.8,17.944486372867,20.));
#1634 = VECTOR('',#1635,1.);
#1635 = DIRECTION('',(-1.,0.,0.));
#1636 = FACE_BOUND('',#1637,.T.);
#1637 = EDGE_LOOP('',(#1638,#1648,#1656,#1664,#1672,#1680));
#1638 = ORIENTED_EDGE('',*,*,#1639,.F.);
#1639 = EDGE_CURVE('',#1640,#1642,#1644,.T.);
#1640 = VERTEX_POINT('',#1641);
#1641 = CARTESIAN_POINT('',(-66.6,12.,20.));
#1642 = VERTEX_POINT('',#1643);
#1643 = CARTESIAN_POINT('',(-68.3,14.944486372867,20.));
#1644 = LINE('',#1645,#1646);
#1645 = CARTESIAN_POINT('',(-66.6,12.,20.));
#1646 = VECTOR('',#1647,1.);
#1647 = DIRECTION('',(-0.5,0.866025403784,0.));
#1648 = ORIENTED_EDGE('',*,*,#1649,.F.);
#1649 = EDGE_CURVE('',#1650,#1640,#1652,.T.);
#1650 = VERTEX_POINT('',#1651);
#1651 = CARTESIAN_POINT('',(-68.3,9.055513627133,20.));
#1652 = LINE('',#1653,#1654);
#1653 = CARTESIAN_POINT('',(-68.3,9.055513627133,20.));
#1654 = VECTOR('',#1655,1.);
#1655 = DIRECTION('',(0.5,0.866025403784,0.));
#1656 = ORIENTED_EDGE('',*,*,#1657,.F.);
#1657 = EDGE_CURVE('',#1658,#1650,#1660,.T.);
#1658 = VERTEX_POINT('',#1659);
#1659 = CARTESIAN_POINT('',(-71.7,9.055513627133,20.));
#1660 = LINE('',#1661,#1662);
#1661 = CARTESIAN_POINT('',(-71.7,9.055513627133,20.));
#1662 = VECTOR('',#1663,1.);
#1663 = DIRECTION('',(1.,0.,0.));
#1664 = ORIENTED_EDGE('',*,*,#1665,.F.);
#1665 = EDGE_CURVE('',#1666,#1658,#1668,.T.);
#1666 = VERTEX_POINT('',#1667);
#1667 = CARTESIAN_POINT('',(-73.4,12.,20.));
#1668 = LINE('',#1669,#1670);
#1669 = CARTESIAN_POINT('',(-73.4,12.,20.));
#1670 = VECTOR('',#1671,1.);
#1671 = DIRECTION('',(0.5,-0.866025403784,0.));
#1672 = ORIENTED_EDGE('',*,*,#1673,.F.);
#1673 = EDGE_CURVE('',#1674,#1666,#1676,.T.);
#1674 = VERTEX_POINT('',#1675);
#1675 = CARTESIAN_POINT('',(-71.7,14.944486372867,20.));
#1676 = LINE('',#1677,#1678);
#1677 = CARTESIAN_POINT('',(-71.7,14.944486372867,20.));
#1678 = VECTOR('',#1679,1.);
#1679 = DIRECTION('',(-0.5,-0.866025403784,0.));
#1680 = ORIENTED_EDGE('',*,*,#1681,.F.);
#1681 = EDGE_CURVE('',#1642,#1674,#1682,.T.);
#1682 = LINE('',#1683,#1684);
#1683 = CARTESIAN_POINT('',(-68.3,14.944486372867,20.));
#1684 = VECTOR('',#1685,1.);
#1685 = DIRECTION('',(-1.,0.,0.));
#1686 = FACE_BOUND('',#1687,.T.);
#1687 = EDGE_LOOP('',(#1688));
#1688 = ORIENTED_EDGE('',*,*,#1689,.F.);
#1689 = EDGE_CURVE('',#1690,#1690,#1692,.T.);
#1690 = VERTEX_POINT('',#1691);
#1691 = CARTESIAN_POINT('',(-76.05,24.5,20.));
#1692 = CIRCLE('',#1693,1.45);
#1693 = AXIS2_PLACEMENT_3D('',#1694,#1695,#1696);
#1694 = CARTESIAN_POINT('',(-77.5,24.5,20.));
#1695 = DIRECTION('',(0.,0.,1.));
#1696 = DIRECTION('',(1.,0.,0.));
#1697 = FACE_BOUND('',#1698,.T.);
#1698 = EDGE_LOOP('',(#1699,#1709,#1717,#1725,#1733,#1741));
#1699 = ORIENTED_EDGE('',*,*,#1700,.F.);
#1700 = EDGE_CURVE('',#1701,#1703,#1705,.T.);
#1701 = VERTEX_POINT('',#1702);
#1702 = CARTESIAN_POINT('',(-26.6,12.,20.));
#1703 = VERTEX_POINT('',#1704);
#1704 = CARTESIAN_POINT('',(-28.3,14.944486372867,20.));
#1705 = LINE('',#1706,#1707);
#1706 = CARTESIAN_POINT('',(-26.6,12.,20.));
#1707 = VECTOR('',#1708,1.);
#1708 = DIRECTION('',(-0.5,0.866025403784,0.));
#1709 = ORIENTED_EDGE('',*,*,#1710,.F.);
#1710 = EDGE_CURVE('',#1711,#1701,#1713,.T.);
#1711 = VERTEX_POINT('',#1712);
#1712 = CARTESIAN_POINT('',(-28.3,9.055513627133,20.));
#1713 = LINE('',#1714,#1715);
#1714 = CARTESIAN_POINT('',(-28.3,9.055513627133,20.));
#1715 = VECTOR('',#1716,1.);
#1716 = DIRECTION('',(0.5,0.866025403784,0.));
#1717 = ORIENTED_EDGE('',*,*,#1718,.F.);
#1718 = EDGE_CURVE('',#1719,#1711,#1721,.T.);
#1719 = VERTEX_POINT('',#1720);
#1720 = CARTESIAN_POINT('',(-31.7,9.055513627133,20.));
#1721 = LINE('',#1722,#1723);
#1722 = CARTESIAN_POINT('',(-31.7,9.055513627133,20.));
#1723 = VECTOR('',#1724,1.);
#1724 = DIRECTION('',(1.,0.,0.));
#1725 = ORIENTED_EDGE('',*,*,#1726,.F.);
#1726 = EDGE_CURVE('',#1727,#1719,#1729,.T.);
#1727 = VERTEX_POINT('',#1728);
#1728 = CARTESIAN_POINT('',(-33.4,12.,20.));
#1729 = LINE('',#1730,#1731);
#1730 = CARTESIAN_POINT('',(-33.4,12.,20.));
#1731 = VECTOR('',#1732,1.);
#1732 = DIRECTION('',(0.5,-0.866025403784,0.));
#1733 = ORIENTED_EDGE('',*,*,#1734,.F.);
#1734 = EDGE_CURVE('',#1735,#1727,#1737,.T.);
#1735 = VERTEX_POINT('',#1736);
#1736 = CARTESIAN_POINT('',(-31.7,14.944486372867,20.));
#1737 = LINE('',#1738,#1739);
#1738 = CARTESIAN_POINT('',(-31.7,14.944486372867,20.));
#1739 = VECTOR('',#1740,1.);
#1740 = DIRECTION('',(-0.5,-0.866025403784,0.));
#1741 = ORIENTED_EDGE('',*,*,#1742,.F.);
#1742 = EDGE_CURVE('',#1703,#1735,#1743,.T.);
#1743 = LINE('',#1744,#1745);
#1744 = CARTESIAN_POINT('',(-28.3,14.944486372867,20.));
#1745 = VECTOR('',#1746,1.);
#1746 = DIRECTION('',(-1.,0.,0.));
#1747 = FACE_BOUND('',#1748,.T.);
#1748 = EDGE_LOOP('',(#1749,#1760,#1768,#1777));
#1749 = ORIENTED_EDGE('',*,*,#1750,.F.);
#1750 = EDGE_CURVE('',#1751,#1753,#1755,.T.);
#1751 = VERTEX_POINT('',#1752);
#1752 = CARTESIAN_POINT('',(-48.,25.,20.));
#1753 = VERTEX_POINT('',#1754);
#1754 = CARTESIAN_POINT('',(-48.,21.,20.));
#1755 = CIRCLE('',#1756,2.);
#1756 = AXIS2_PLACEMENT_3D('',#1757,#1758,#1759);
#1757 = CARTESIAN_POINT('',(-48.,23.,20.));
#1758 = DIRECTION('',(0.,0.,1.));
#1759 = DIRECTION('',(1.,0.,0.));
#1760 = ORIENTED_EDGE('',*,*,#1761,.T.);
#1761 = EDGE_CURVE('',#1751,#1762,#1764,.T.);
#1762 = VERTEX_POINT('',#1763);
#1763 = CARTESIAN_POINT('',(-44.,25.,20.));
#1764 = LINE('',#1765,#1766);
#1765 = CARTESIAN_POINT('',(-48.,25.,20.));
#1766 = VECTOR('',#1767,1.);
#1767 = DIRECTION('',(1.,0.,0.));
#1768 = ORIENTED_EDGE('',*,*,#1769,.F.);
#1769 = EDGE_CURVE('',#1770,#1762,#1772,.T.);
#1770 = VERTEX_POINT('',#1771);
#1771 = CARTESIAN_POINT('',(-44.,21.,20.));
#1772 = CIRCLE('',#1773,2.);
#1773 = AXIS2_PLACEMENT_3D('',#1774,#1775,#1776);
#1774 = CARTESIAN_POINT('',(-44.,23.,20.));
#1775 = DIRECTION('',(0.,0.,1.));
#1776 = DIRECTION('',(1.,0.,0.));
#1777 = ORIENTED_EDGE('',*,*,#1778,.F.);
#1778 = EDGE_CURVE('',#1753,#1770,#1779,.T.);
#1779 = LINE('',#1780,#1781);
#1780 = CARTESIAN_POINT('',(-48.,21.,20.));
#1781 = VECTOR('',#1782,1.);
#1782 = DIRECTION('',(1.,0.,0.));
#1783 = FACE_BOUND('',#1784,.T.);
#1784 = EDGE_LOOP('',(#1785,#1796,#1804,#1813));
#1785 = ORIENTED_EDGE('',*,*,#1786,.F.);
#1786 = EDGE_CURVE('',#1787,#1789,#1791,.T.);
#1787 = VERTEX_POINT('',#1788);
#1788 = CARTESIAN_POINT('',(-28.,21.,20.));
#1789 = VERTEX_POINT('',#1790);
#1790 = CARTESIAN_POINT('',(-28.,25.,20.));
#1791 = CIRCLE('',#1792,2.);
#1792 = AXIS2_PLACEMENT_3D('',#1793,#1794,#1795);
#1793 = CARTESIAN_POINT('',(-28.,23.,20.));
#1794 = DIRECTION('',(0.,0.,1.));
#1795 = DIRECTION('',(1.,0.,0.));
#1796 = ORIENTED_EDGE('',*,*,#1797,.T.);
#1797 = EDGE_CURVE('',#1787,#1798,#1800,.T.);
#1798 = VERTEX_POINT('',#1799);
#1799 = CARTESIAN_POINT('',(-32.,21.,20.));
#1800 = LINE('',#1801,#1802);
#1801 = CARTESIAN_POINT('',(-28.,21.,20.));
#1802 = VECTOR('',#1803,1.);
#1803 = DIRECTION('',(-1.,0.,0.));
#1804 = ORIENTED_EDGE('',*,*,#1805,.F.);
#1805 = EDGE_CURVE('',#1806,#1798,#1808,.T.);
#1806 = VERTEX_POINT('',#1807);
#1807 = CARTESIAN_POINT('',(-32.,25.,20.));
#1808 = CIRCLE('',#1809,2.);
#1809 = AXIS2_PLACEMENT_3D('',#1810,#1811,#1812);
#1810 = CARTESIAN_POINT('',(-32.,23.,20.));
#1811 = DIRECTION('',(0.,0.,1.));
#1812 = DIRECTION('',(1.,0.,0.));
#1813 = ORIENTED_EDGE('',*,*,#1814,.F.);
#1814 = EDGE_CURVE('',#1789,#1806,#1815,.T.);
#1815 = LINE('',#1816,#1817);
#1816 = CARTESIAN_POINT('',(-28.,25.,20.));
#1817 = VECTOR('',#1818,1.);
#1818 = DIRECTION('',(-1.,0.,0.));
#1819 = FACE_BOUND('',#1820,.T.);
#1820 = EDGE_LOOP('',(#1821));
#1821 = ORIENTED_EDGE('',*,*,#1822,.F.);
#1822 = EDGE_CURVE('',#1823,#1823,#1825,.T.);
#1823 = VERTEX_POINT('',#1824);
#1824 = CARTESIAN_POINT('',(-18.05,24.5,20.));
#1825 = CIRCLE('',#1826,1.45);
#1826 = AXIS2_PLACEMENT_3D('',#1827,#1828,#1829);
#1827 = CARTESIAN_POINT('',(-19.5,24.5,20.));
#1828 = DIRECTION('',(0.,0.,1.));
#1829 = DIRECTION('',(1.,0.,0.));
#1830 = FACE_BOUND('',#1831,.T.);
#1831 = EDGE_LOOP('',(#1832,#1843,#1851,#1860));
#1832 = ORIENTED_EDGE('',*,*,#1833,.F.);
#1833 = EDGE_CURVE('',#1834,#1836,#1838,.T.);
#1834 = VERTEX_POINT('',#1835);
#1835 = CARTESIAN_POINT('',(-8.,38.,20.));
#1836 = VERTEX_POINT('',#1837);
#1837 = CARTESIAN_POINT('',(-8.,30.,20.));
#1838 = CIRCLE('',#1839,4.);
#1839 = AXIS2_PLACEMENT_3D('',#1840,#1841,#1842);
#1840 = CARTESIAN_POINT('',(-8.,34.,20.));
#1841 = DIRECTION('',(0.,0.,1.));
#1842 = DIRECTION('',(1.,0.,0.));
#1843 = ORIENTED_EDGE('',*,*,#1844,.T.);
#1844 = EDGE_CURVE('',#1834,#1845,#1847,.T.);
#1845 = VERTEX_POINT('',#1846);
#1846 = CARTESIAN_POINT('',(8.,38.,20.));
#1847 = LINE('',#1848,#1849);
#1848 = CARTESIAN_POINT('',(-8.,38.,20.));
#1849 = VECTOR('',#1850,1.);
#1850 = DIRECTION('',(1.,0.,0.));
#1851 = ORIENTED_EDGE('',*,*,#1852,.F.);
#1852 = EDGE_CURVE('',#1853,#1845,#1855,.T.);
#1853 = VERTEX_POINT('',#1854);
#1854 = CARTESIAN_POINT('',(8.,30.,20.));
#1855 = CIRCLE('',#1856,4.);
#1856 = AXIS2_PLACEMENT_3D('',#1857,#1858,#1859);
#1857 = CARTESIAN_POINT('',(8.,34.,20.));
#1858 = DIRECTION('',(0.,0.,1.));
#1859 = DIRECTION('',(1.,0.,0.));
#1860 = ORIENTED_EDGE('',*,*,#1861,.F.);
#1861 = EDGE_CURVE('',#1836,#1853,#1862,.T.);
#1862 = LINE('',#1863,#1864);
#1863 = CARTESIAN_POINT('',(-8.,30.,20.));
#1864 = VECTOR('',#1865,1.);
#1865 = DIRECTION('',(1.,0.,0.));
#1866 = FACE_BOUND('',#1867,.T.);
#1867 = EDGE_LOOP('',(#1868,#1878,#1886,#1894,#1902,#1910));
#1868 = ORIENTED_EDGE('',*,*,#1869,.F.);
#1869 = EDGE_CURVE('',#1870,#1872,#1874,.T.);
#1870 = VERTEX_POINT('',#1871);
#1871 = CARTESIAN_POINT('',(-17.1,63.,20.));
#1872 = VERTEX_POINT('',#1873);
#1873 = CARTESIAN_POINT('',(-18.8,65.944486372867,20.));
#1874 = LINE('',#1875,#1876);
#1875 = CARTESIAN_POINT('',(-17.1,63.,20.));
#1876 = VECTOR('',#1877,1.);
#1877 = DIRECTION('',(-0.5,0.866025403784,0.));
#1878 = ORIENTED_EDGE('',*,*,#1879,.F.);
#1879 = EDGE_CURVE('',#1880,#1870,#1882,.T.);
#1880 = VERTEX_POINT('',#1881);
#1881 = CARTESIAN_POINT('',(-18.8,60.055513627133,20.));
#1882 = LINE('',#1883,#1884);
#1883 = CARTESIAN_POINT('',(-18.8,60.055513627133,20.));
#1884 = VECTOR('',#1885,1.);
#1885 = DIRECTION('',(0.5,0.866025403784,0.));
#1886 = ORIENTED_EDGE('',*,*,#1887,.F.);
#1887 = EDGE_CURVE('',#1888,#1880,#1890,.T.);
#1888 = VERTEX_POINT('',#1889);
#1889 = CARTESIAN_POINT('',(-22.2,60.055513627133,20.));
#1890 = LINE('',#1891,#1892);
#1891 = CARTESIAN_POINT('',(-22.2,60.055513627133,20.));
#1892 = VECTOR('',#1893,1.);
#1893 = DIRECTION('',(1.,0.,0.));
#1894 = ORIENTED_EDGE('',*,*,#1895,.F.);
#1895 = EDGE_CURVE('',#1896,#1888,#1898,.T.);
#1896 = VERTEX_POINT('',#1897);
#1897 = CARTESIAN_POINT('',(-23.9,63.,20.));
#1898 = LINE('',#1899,#1900);
#1899 = CARTESIAN_POINT('',(-23.9,63.,20.));
#1900 = VECTOR('',#1901,1.);
#1901 = DIRECTION('',(0.5,-0.866025403784,0.));
#1902 = ORIENTED_EDGE('',*,*,#1903,.F.);
#1903 = EDGE_CURVE('',#1904,#1896,#1906,.T.);
#1904 = VERTEX_POINT('',#1905);
#1905 = CARTESIAN_POINT('',(-22.2,65.944486372867,20.));
#1906 = LINE('',#1907,#1908);
#1907 = CARTESIAN_POINT('',(-22.2,65.944486372867,20.));
#1908 = VECTOR('',#1909,1.);
#1909 = DIRECTION('',(-0.5,-0.866025403784,0.));
#1910 = ORIENTED_EDGE('',*,*,#1911,.F.);
#1911 = EDGE_CURVE('',#1872,#1904,#1912,.T.);
#1912 = LINE('',#1913,#1914);
#1913 = CARTESIAN_POINT('',(-18.8,65.944486372867,20.));
#1914 = VECTOR('',#1915,1.);
#1915 = DIRECTION('',(-1.,0.,0.));
#1916 = FACE_BOUND('',#1917,.T.);
#1917 = EDGE_LOOP('',(#1918));
#1918 = ORIENTED_EDGE('',*,*,#1919,.F.);
#1919 = EDGE_CURVE('',#1920,#1920,#1922,.T.);
#1920 = VERTEX_POINT('',#1921);
#1921 = CARTESIAN_POINT('',(-51.16351743323,85.,20.));
#1922 = CIRCLE('',#1923,1.8);
#1923 = AXIS2_PLACEMENT_3D('',#1924,#1925,#1926);
#1924 = CARTESIAN_POINT('',(-52.96351743323,85.,20.));
#1925 = DIRECTION('',(0.,0.,1.));
#1926 = DIRECTION('',(1.,0.,0.));
#1927 = FACE_BOUND('',#1928,.T.);
#1928 = EDGE_LOOP('',(#1929,#1939,#1947,#1955,#1963,#1971));
#1929 = ORIENTED_EDGE('',*,*,#1930,.F.);
#1930 = EDGE_CURVE('',#1931,#1933,#1935,.T.);
#1931 = VERTEX_POINT('',#1932);
#1932 = CARTESIAN_POINT('',(-17.1,83.,20.));
#1933 = VERTEX_POINT('',#1934);
#1934 = CARTESIAN_POINT('',(-18.8,85.944486372867,20.));
#1935 = LINE('',#1936,#1937);
#1936 = CARTESIAN_POINT('',(-17.1,83.,20.));
#1937 = VECTOR('',#1938,1.);
#1938 = DIRECTION('',(-0.5,0.866025403784,0.));
#1939 = ORIENTED_EDGE('',*,*,#1940,.F.);
#1940 = EDGE_CURVE('',#1941,#1931,#1943,.T.);
#1941 = VERTEX_POINT('',#1942);
#1942 = CARTESIAN_POINT('',(-18.8,80.055513627133,20.));
#1943 = LINE('',#1944,#1945);
#1944 = CARTESIAN_POINT('',(-18.8,80.055513627133,20.));
#1945 = VECTOR('',#1946,1.);
#1946 = DIRECTION('',(0.5,0.866025403784,0.));
#1947 = ORIENTED_EDGE('',*,*,#1948,.F.);
#1948 = EDGE_CURVE('',#1949,#1941,#1951,.T.);
#1949 = VERTEX_POINT('',#1950);
#1950 = CARTESIAN_POINT('',(-22.2,80.055513627133,20.));
#1951 = LINE('',#1952,#1953);
#1952 = CARTESIAN_POINT('',(-22.2,80.055513627133,20.));
#1953 = VECTOR('',#1954,1.);
#1954 = DIRECTION('',(1.,0.,0.));
#1955 = ORIENTED_EDGE('',*,*,#1956,.F.);
#1956 = EDGE_CURVE('',#1957,#1949,#1959,.T.);
#1957 = VERTEX_POINT('',#1958);
#1958 = CARTESIAN_POINT('',(-23.9,83.,20.));
#1959 = LINE('',#1960,#1961);
#1960 = CARTESIAN_POINT('',(-23.9,83.,20.));
#1961 = VECTOR('',#1962,1.);
#1962 = DIRECTION('',(0.5,-0.866025403784,0.));
#1963 = ORIENTED_EDGE('',*,*,#1964,.F.);
#1964 = EDGE_CURVE('',#1965,#1957,#1967,.T.);
#1965 = VERTEX_POINT('',#1966);
#1966 = CARTESIAN_POINT('',(-22.2,85.944486372867,20.));
#1967 = LINE('',#1968,#1969);
#1968 = CARTESIAN_POINT('',(-22.2,85.944486372867,20.));
#1969 = VECTOR('',#1970,1.);
#1970 = DIRECTION('',(-0.5,-0.866025403784,0.));
#1971 = ORIENTED_EDGE('',*,*,#1972,.F.);
#1972 = EDGE_CURVE('',#1933,#1965,#1973,.T.);
#1973 = LINE('',#1974,#1975);
#1974 = CARTESIAN_POINT('',(-18.8,85.944486372867,20.));
#1975 = VECTOR('',#1976,1.);
#1976 = DIRECTION('',(-1.,0.,0.));
#1977 = FACE_BOUND('',#1978,.T.);
#1978 = EDGE_LOOP('',(#1979,#1989,#1997,#2005,#2013,#2021));
#1979 = ORIENTED_EDGE('',*,*,#1980,.F.);
#1980 = EDGE_CURVE('',#1981,#1983,#1985,.T.);
#1981 = VERTEX_POINT('',#1982);
#1982 = CARTESIAN_POINT('',(23.9,63.,20.));
#1983 = VERTEX_POINT('',#1984);
#1984 = CARTESIAN_POINT('',(22.2,65.944486372867,20.));
#1985 = LINE('',#1986,#1987);
#1986 = CARTESIAN_POINT('',(23.9,63.,20.));
#1987 = VECTOR('',#1988,1.);
#1988 = DIRECTION('',(-0.5,0.866025403784,0.));
#1989 = ORIENTED_EDGE('',*,*,#1990,.F.);
#1990 = EDGE_CURVE('',#1991,#1981,#1993,.T.);
#1991 = VERTEX_POINT('',#1992);
#1992 = CARTESIAN_POINT('',(22.2,60.055513627133,20.));
#1993 = LINE('',#1994,#1995);
#1994 = CARTESIAN_POINT('',(22.2,60.055513627133,20.));
#1995 = VECTOR('',#1996,1.);
#1996 = DIRECTION('',(0.5,0.866025403784,0.));
#1997 = ORIENTED_EDGE('',*,*,#1998,.F.);
#1998 = EDGE_CURVE('',#1999,#1991,#2001,.T.);
#1999 = VERTEX_POINT('',#2000);
#2000 = CARTESIAN_POINT('',(18.8,60.055513627133,20.));
#2001 = LINE('',#2002,#2003);
#2002 = CARTESIAN_POINT('',(18.8,60.055513627133,20.));
#2003 = VECTOR('',#2004,1.);
#2004 = DIRECTION('',(1.,0.,0.));
#2005 = ORIENTED_EDGE('',*,*,#2006,.F.);
#2006 = EDGE_CURVE('',#2007,#1999,#2009,.T.);
#2007 = VERTEX_POINT('',#2008);
#2008 = CARTESIAN_POINT('',(17.1,63.,20.));
#2009 = LINE('',#2010,#2011);
#2010 = CARTESIAN_POINT('',(17.1,63.,20.));
#2011 = VECTOR('',#2012,1.);
#2012 = DIRECTION('',(0.5,-0.866025403784,0.));
#2013 = ORIENTED_EDGE('',*,*,#2014,.F.);
#2014 = EDGE_CURVE('',#2015,#2007,#2017,.T.);
#2015 = VERTEX_POINT('',#2016);
#2016 = CARTESIAN_POINT('',(18.8,65.944486372867,20.));
#2017 = LINE('',#2018,#2019);
#2018 = CARTESIAN_POINT('',(18.8,65.944486372867,20.));
#2019 = VECTOR('',#2020,1.);
#2020 = DIRECTION('',(-0.5,-0.866025403784,0.));
#2021 = ORIENTED_EDGE('',*,*,#2022,.F.);
#2022 = EDGE_CURVE('',#1983,#2015,#2023,.T.);
#2023 = LINE('',#2024,#2025);
#2024 = CARTESIAN_POINT('',(22.2,65.944486372867,20.));
#2025 = VECTOR('',#2026,1.);
#2026 = DIRECTION('',(-1.,0.,0.));
#2027 = FACE_BOUND('',#2028,.T.);
#2028 = EDGE_LOOP('',(#2029,#2039,#2047,#2055,#2063,#2071));
#2029 = ORIENTED_EDGE('',*,*,#2030,.F.);
#2030 = EDGE_CURVE('',#2031,#2033,#2035,.T.);
#2031 = VERTEX_POINT('',#2032);
#2032 = CARTESIAN_POINT('',(23.9,83.,20.));
#2033 = VERTEX_POINT('',#2034);
#2034 = CARTESIAN_POINT('',(22.2,85.944486372867,20.));
#2035 = LINE('',#2036,#2037);
#2036 = CARTESIAN_POINT('',(23.9,83.,20.));
#2037 = VECTOR('',#2038,1.);
#2038 = DIRECTION('',(-0.5,0.866025403784,0.));
#2039 = ORIENTED_EDGE('',*,*,#2040,.F.);
#2040 = EDGE_CURVE('',#2041,#2031,#2043,.T.);
#2041 = VERTEX_POINT('',#2042);
#2042 = CARTESIAN_POINT('',(22.2,80.055513627133,20.));
#2043 = LINE('',#2044,#2045);
#2044 = CARTESIAN_POINT('',(22.2,80.055513627133,20.));
#2045 = VECTOR('',#2046,1.);
#2046 = DIRECTION('',(0.5,0.866025403784,0.));
#2047 = ORIENTED_EDGE('',*,*,#2048,.F.);
#2048 = EDGE_CURVE('',#2049,#2041,#2051,.T.);
#2049 = VERTEX_POINT('',#2050);
#2050 = CARTESIAN_POINT('',(18.8,80.055513627133,20.));
#2051 = LINE('',#2052,#2053);
#2052 = CARTESIAN_POINT('',(18.8,80.055513627133,20.));
#2053 = VECTOR('',#2054,1.);
#2054 = DIRECTION('',(1.,0.,0.));
#2055 = ORIENTED_EDGE('',*,*,#2056,.F.);
#2056 = EDGE_CURVE('',#2057,#2049,#2059,.T.);
#2057 = VERTEX_POINT('',#2058);
#2058 = CARTESIAN_POINT('',(17.1,83.,20.));
#2059 = LINE('',#2060,#2061);
#2060 = CARTESIAN_POINT('',(17.1,83.,20.));
#2061 = VECTOR('',#2062,1.);
#2062 = DIRECTION('',(0.5,-0.866025403784,0.));
#2063 = ORIENTED_EDGE('',*,*,#2064,.F.);
#2064 = EDGE_CURVE('',#2065,#2057,#2067,.T.);
#2065 = VERTEX_POINT('',#2066);
#2066 = CARTESIAN_POINT('',(18.8,85.944486372867,20.));
#2067 = LINE('',#2068,#2069);
#2068 = CARTESIAN_POINT('',(18.8,85.944486372867,20.));
#2069 = VECTOR('',#2070,1.);
#2070 = DIRECTION('',(-0.5,-0.866025403784,0.));
#2071 = ORIENTED_EDGE('',*,*,#2072,.F.);
#2072 = EDGE_CURVE('',#2033,#2065,#2073,.T.);
#2073 = LINE('',#2074,#2075);
#2074 = CARTESIAN_POINT('',(22.2,85.944486372867,20.));
#2075 = VECTOR('',#2076,1.);
#2076 = DIRECTION('',(-1.,0.,0.));
#2077 = FACE_BOUND('',#2078,.T.);
#2078 = EDGE_LOOP('',(#2079));
#2079 = ORIENTED_EDGE('',*,*,#2080,.F.);
#2080 = EDGE_CURVE('',#2081,#2081,#2083,.T.);
#2081 = VERTEX_POINT('',#2082);
#2082 = CARTESIAN_POINT('',(31.8,85.,20.));
#2083 = CIRCLE('',#2084,1.8);
#2084 = AXIS2_PLACEMENT_3D('',#2085,#2086,#2087);
#2085 = CARTESIAN_POINT('',(30.,85.,20.));
#2086 = DIRECTION('',(0.,0.,1.));
#2087 = DIRECTION('',(1.,0.,0.));
#2088 = PLANE('',#2089);
#2089 = AXIS2_PLACEMENT_3D('',#2090,#2091,#2092);
#2090 = CARTESIAN_POINT('',(-30.46945690682,-1.085212735863,20.));
#2091 = DIRECTION('',(0.,0.,1.));
#2092 = DIRECTION('',(1.,0.,0.));
#2093 = ADVANCED_FACE('',(#2094),#2105,.T.);
#2094 = FACE_BOUND('',#2095,.T.);
#2095 = EDGE_LOOP('',(#2096,#2102,#2103,#2104));
#2096 = ORIENTED_EDGE('',*,*,#2097,.T.);
#2097 = EDGE_CURVE('',#130,#881,#2098,.T.);
#2098 = LINE('',#2099,#2100);
#2099 = CARTESIAN_POINT('',(-56.45695468908,-88.57713518607,15.));
#2100 = VECTOR('',#2101,1.);
#2101 = DIRECTION('',(0.,0.,1.));
#2102 = ORIENTED_EDGE('',*,*,#880,.T.);
#2103 = ORIENTED_EDGE('',*,*,#71,.F.);
#2104 = ORIENTED_EDGE('',*,*,#129,.F.);
#2105 = PLANE('',#2106);
#2106 = AXIS2_PLACEMENT_3D('',#2107,#2108,#2109);
#2107 = CARTESIAN_POINT('',(-56.45695468908,-88.57713518607,15.));
#2108 = DIRECTION('',(-0.698687451169,-0.715427037215,0.));
#2109 = DIRECTION('',(-0.715427037215,0.698687451169,0.));
#2110 = ADVANCED_FACE('',(#2111),#2122,.T.);
#2111 = FACE_BOUND('',#2112,.T.);
#2112 = EDGE_LOOP('',(#2113,#2114,#2115,#2121));
#2113 = ORIENTED_EDGE('',*,*,#94,.T.);
#2114 = ORIENTED_EDGE('',*,*,#931,.T.);
#2115 = ORIENTED_EDGE('',*,*,#2116,.F.);
#2116 = EDGE_CURVE('',#172,#923,#2117,.T.);
#2117 = LINE('',#2118,#2119);
#2118 = CARTESIAN_POINT('',(30.,90.,15.));
#2119 = VECTOR('',#2120,1.);
#2120 = DIRECTION('',(0.,0.,1.));
#2121 = ORIENTED_EDGE('',*,*,#180,.F.);
#2122 = PLANE('',#2123);
#2123 = AXIS2_PLACEMENT_3D('',#2124,#2125,#2126);
#2124 = CARTESIAN_POINT('',(-52.96351743323,90.,15.));
#2125 = DIRECTION('',(0.,1.,0.));
#2126 = DIRECTION('',(1.,0.,0.));
#2127 = ADVANCED_FACE('',(#2128),#2139,.T.);
#2128 = FACE_BOUND('',#2129,.F.);
#2129 = EDGE_LOOP('',(#2130,#2131,#2132,#2138));
#2130 = ORIENTED_EDGE('',*,*,#2097,.T.);
#2131 = ORIENTED_EDGE('',*,*,#888,.T.);
#2132 = ORIENTED_EDGE('',*,*,#2133,.F.);
#2133 = EDGE_CURVE('',#138,#889,#2134,.T.);
#2134 = LINE('',#2135,#2136);
#2135 = CARTESIAN_POINT('',(-52.96351743323,-90.,15.));
#2136 = VECTOR('',#2137,1.);
#2137 = DIRECTION('',(0.,0.,1.));
#2138 = ORIENTED_EDGE('',*,*,#137,.F.);
#2139 = CYLINDRICAL_SURFACE('',#2140,5.);
#2140 = AXIS2_PLACEMENT_3D('',#2141,#2142,#2143);
#2141 = CARTESIAN_POINT('',(-52.96351743323,-85.,15.));
#2142 = DIRECTION('',(-0.,-0.,-1.));
#2143 = DIRECTION('',(1.,0.,0.));
#2144 = ADVANCED_FACE('',(#2145),#2156,.T.);
#2145 = FACE_BOUND('',#2146,.F.);
#2146 = EDGE_LOOP('',(#2147,#2153,#2154,#2155));
#2147 = ORIENTED_EDGE('',*,*,#2148,.T.);
#2148 = EDGE_CURVE('',#164,#915,#2149,.T.);
#2149 = LINE('',#2150,#2151);
#2150 = CARTESIAN_POINT('',(35.,85.,15.));
#2151 = VECTOR('',#2152,1.);
#2152 = DIRECTION('',(0.,0.,1.));
#2153 = ORIENTED_EDGE('',*,*,#922,.T.);
#2154 = ORIENTED_EDGE('',*,*,#2116,.F.);
#2155 = ORIENTED_EDGE('',*,*,#171,.F.);
#2156 = CYLINDRICAL_SURFACE('',#2157,5.);
#2157 = AXIS2_PLACEMENT_3D('',#2158,#2159,#2160);
#2158 = CARTESIAN_POINT('',(30.,85.,15.));
#2159 = DIRECTION('',(-0.,-0.,-1.));
#2160 = DIRECTION('',(1.,0.,0.));
#2161 = ADVANCED_FACE('',(#2162),#2173,.T.);
#2162 = FACE_BOUND('',#2163,.T.);
#2163 = EDGE_LOOP('',(#2164,#2170,#2171,#2172));
#2164 = ORIENTED_EDGE('',*,*,#2165,.T.);
#2165 = EDGE_CURVE('',#147,#898,#2166,.T.);
#2166 = LINE('',#2167,#2168);
#2167 = CARTESIAN_POINT('',(30.,-90.,15.));
#2168 = VECTOR('',#2169,1.);
#2169 = DIRECTION('',(0.,0.,1.));
#2170 = ORIENTED_EDGE('',*,*,#897,.T.);
#2171 = ORIENTED_EDGE('',*,*,#2133,.F.);
#2172 = ORIENTED_EDGE('',*,*,#146,.F.);
#2173 = PLANE('',#2174);
#2174 = AXIS2_PLACEMENT_3D('',#2175,#2176,#2177);
#2175 = CARTESIAN_POINT('',(30.,-90.,15.));
#2176 = DIRECTION('',(1.7E-16,-1.,0.));
#2177 = DIRECTION('',(-1.,-1.7E-16,0.));
#2178 = ADVANCED_FACE('',(#2179),#2190,.T.);
#2179 = FACE_BOUND('',#2180,.T.);
#2180 = EDGE_LOOP('',(#2181,#2182,#2183,#2189));
#2181 = ORIENTED_EDGE('',*,*,#2148,.T.);
#2182 = ORIENTED_EDGE('',*,*,#914,.T.);
#2183 = ORIENTED_EDGE('',*,*,#2184,.F.);
#2184 = EDGE_CURVE('',#155,#906,#2185,.T.);
#2185 = LINE('',#2186,#2187);
#2186 = CARTESIAN_POINT('',(35.,-85.,15.));
#2187 = VECTOR('',#2188,1.);
#2188 = DIRECTION('',(0.,0.,1.));
#2189 = ORIENTED_EDGE('',*,*,#163,.F.);
#2190 = PLANE('',#2191);
#2191 = AXIS2_PLACEMENT_3D('',#2192,#2193,#2194);
#2192 = CARTESIAN_POINT('',(35.,85.,15.));
#2193 = DIRECTION('',(1.,0.,0.));
#2194 = DIRECTION('',(0.,-1.,0.));
#2195 = ADVANCED_FACE('',(#2196),#2202,.T.);
#2196 = FACE_BOUND('',#2197,.F.);
#2197 = EDGE_LOOP('',(#2198,#2199,#2200,#2201));
#2198 = ORIENTED_EDGE('',*,*,#2165,.T.);
#2199 = ORIENTED_EDGE('',*,*,#905,.T.);
#2200 = ORIENTED_EDGE('',*,*,#2184,.F.);
#2201 = ORIENTED_EDGE('',*,*,#154,.F.);
#2202 = CYLINDRICAL_SURFACE('',#2203,5.);
#2203 = AXIS2_PLACEMENT_3D('',#2204,#2205,#2206);
#2204 = CARTESIAN_POINT('',(30.,-85.,15.));
#2205 = DIRECTION('',(-0.,-0.,-1.));
#2206 = DIRECTION('',(1.,0.,0.));
#2207 = ADVANCED_FACE('',(#2208),#2227,.F.);
#2208 = FACE_BOUND('',#2209,.T.);
#2209 = EDGE_LOOP('',(#2210,#2211,#2219,#2226));
#2210 = ORIENTED_EDGE('',*,*,#189,.F.);
#2211 = ORIENTED_EDGE('',*,*,#2212,.T.);
#2212 = EDGE_CURVE('',#190,#2213,#2215,.T.);
#2213 = VERTEX_POINT('',#2214);
#2214 = CARTESIAN_POINT('',(-119.7,-15.,17.6));
#2215 = LINE('',#2216,#2217);
#2216 = CARTESIAN_POINT('',(-119.7,-15.,15.));
#2217 = VECTOR('',#2218,1.);
#2218 = DIRECTION('',(0.,0.,1.));
#2219 = ORIENTED_EDGE('',*,*,#2220,.F.);
#2220 = EDGE_CURVE('',#2213,#2213,#2221,.T.);
#2221 = CIRCLE('',#2222,1.8);
#2222 = AXIS2_PLACEMENT_3D('',#2223,#2224,#2225);
#2223 = CARTESIAN_POINT('',(-121.5,-15.,17.6));
#2224 = DIRECTION('',(0.,0.,-1.));
#2225 = DIRECTION('',(1.,0.,0.));
#2226 = ORIENTED_EDGE('',*,*,#2212,.F.);
#2227 = CYLINDRICAL_SURFACE('',#2228,1.8);
#2228 = AXIS2_PLACEMENT_3D('',#2229,#2230,#2231);
#2229 = CARTESIAN_POINT('',(-121.5,-15.,15.));
#2230 = DIRECTION('',(-0.,-0.,-1.));
#2231 = DIRECTION('',(1.,0.,0.));
#2232 = ADVANCED_FACE('',(#2233),#2252,.F.);
#2233 = FACE_BOUND('',#2234,.T.);
#2234 = EDGE_LOOP('',(#2235,#2236,#2244,#2251));
#2235 = ORIENTED_EDGE('',*,*,#200,.F.);
#2236 = ORIENTED_EDGE('',*,*,#2237,.T.);
#2237 = EDGE_CURVE('',#201,#2238,#2240,.T.);
#2238 = VERTEX_POINT('',#2239);
#2239 = CARTESIAN_POINT('',(-99.7,-15.,17.6));
#2240 = LINE('',#2241,#2242);
#2241 = CARTESIAN_POINT('',(-99.7,-15.,15.));
#2242 = VECTOR('',#2243,1.);
#2243 = DIRECTION('',(0.,0.,1.));
#2244 = ORIENTED_EDGE('',*,*,#2245,.F.);
#2245 = EDGE_CURVE('',#2238,#2238,#2246,.T.);
#2246 = CIRCLE('',#2247,1.8);
#2247 = AXIS2_PLACEMENT_3D('',#2248,#2249,#2250);
#2248 = CARTESIAN_POINT('',(-101.5,-15.,17.6));
#2249 = DIRECTION('',(0.,0.,-1.));
#2250 = DIRECTION('',(1.,0.,0.));
#2251 = ORIENTED_EDGE('',*,*,#2237,.F.);
#2252 = CYLINDRICAL_SURFACE('',#2253,1.8);
#2253 = AXIS2_PLACEMENT_3D('',#2254,#2255,#2256);
#2254 = CARTESIAN_POINT('',(-101.5,-15.,15.));
#2255 = DIRECTION('',(-0.,-0.,-1.));
#2256 = DIRECTION('',(1.,0.,0.));
#2257 = ADVANCED_FACE('',(#2258),#2283,.F.);
#2258 = FACE_BOUND('',#2259,.F.);
#2259 = EDGE_LOOP('',(#2260,#2268,#2276,#2282));
#2260 = ORIENTED_EDGE('',*,*,#2261,.T.);
#2261 = EDGE_CURVE('',#212,#2262,#2264,.T.);
#2262 = VERTEX_POINT('',#2263);
#2263 = CARTESIAN_POINT('',(-75.99999999998,-21.90192378865,17.));
#2264 = LINE('',#2265,#2266);
#2265 = CARTESIAN_POINT('',(-75.99999999998,-21.90192378865,15.));
#2266 = VECTOR('',#2267,1.);
#2267 = DIRECTION('',(0.,0.,1.));
#2268 = ORIENTED_EDGE('',*,*,#2269,.T.);
#2269 = EDGE_CURVE('',#2262,#2270,#2272,.T.);
#2270 = VERTEX_POINT('',#2271);
#2271 = CARTESIAN_POINT('',(-74.5,-24.49999999999,17.));
#2272 = LINE('',#2273,#2274);
#2273 = CARTESIAN_POINT('',(-75.99999999998,-21.90192378865,17.));
#2274 = VECTOR('',#2275,1.);
#2275 = DIRECTION('',(0.499999999998,-0.866025403786,0.));
#2276 = ORIENTED_EDGE('',*,*,#2277,.F.);
#2277 = EDGE_CURVE('',#214,#2270,#2278,.T.);
#2278 = LINE('',#2279,#2280);
#2279 = CARTESIAN_POINT('',(-74.5,-24.49999999999,15.));
#2280 = VECTOR('',#2281,1.);
#2281 = DIRECTION('',(0.,0.,1.));
#2282 = ORIENTED_EDGE('',*,*,#211,.F.);
#2283 = PLANE('',#2284);
#2284 = AXIS2_PLACEMENT_3D('',#2285,#2286,#2287);
#2285 = CARTESIAN_POINT('',(-75.99999999998,-21.90192378865,15.));
#2286 = DIRECTION('',(0.866025403786,0.499999999998,0.));
#2287 = DIRECTION('',(0.499999999998,-0.866025403786,0.));
#2288 = ADVANCED_FACE('',(#2289),#2307,.F.);
#2289 = FACE_BOUND('',#2290,.F.);
#2290 = EDGE_LOOP('',(#2291,#2299,#2305,#2306));
#2291 = ORIENTED_EDGE('',*,*,#2292,.T.);
#2292 = EDGE_CURVE('',#246,#2293,#2295,.T.);
#2293 = VERTEX_POINT('',#2294);
#2294 = CARTESIAN_POINT('',(-78.99999999998,-21.90192378864,17.));
#2295 = LINE('',#2296,#2297);
#2296 = CARTESIAN_POINT('',(-78.99999999998,-21.90192378864,15.));
#2297 = VECTOR('',#2298,1.);
#2298 = DIRECTION('',(0.,0.,1.));
#2299 = ORIENTED_EDGE('',*,*,#2300,.T.);
#2300 = EDGE_CURVE('',#2293,#2262,#2301,.T.);
#2301 = LINE('',#2302,#2303);
#2302 = CARTESIAN_POINT('',(-78.99999999998,-21.90192378864,17.));
#2303 = VECTOR('',#2304,1.);
#2304 = DIRECTION('',(1.,-4.48945E-12,0.));
#2305 = ORIENTED_EDGE('',*,*,#2261,.F.);
#2306 = ORIENTED_EDGE('',*,*,#253,.F.);
#2307 = PLANE('',#2308);
#2308 = AXIS2_PLACEMENT_3D('',#2309,#2310,#2311);
#2309 = CARTESIAN_POINT('',(-78.99999999998,-21.90192378864,15.));
#2310 = DIRECTION('',(4.48945E-12,1.,0.));
#2311 = DIRECTION('',(1.,-4.48945E-12,0.));
#2312 = ADVANCED_FACE('',(#2313),#2331,.F.);
#2313 = FACE_BOUND('',#2314,.F.);
#2314 = EDGE_LOOP('',(#2315,#2316,#2324,#2330));
#2315 = ORIENTED_EDGE('',*,*,#2277,.T.);
#2316 = ORIENTED_EDGE('',*,*,#2317,.T.);
#2317 = EDGE_CURVE('',#2270,#2318,#2320,.T.);
#2318 = VERTEX_POINT('',#2319);
#2319 = CARTESIAN_POINT('',(-76.,-27.09807621135,17.));
#2320 = LINE('',#2321,#2322);
#2321 = CARTESIAN_POINT('',(-74.5,-24.49999999999,17.));
#2322 = VECTOR('',#2323,1.);
#2323 = DIRECTION('',(-0.5,-0.866025403785,0.));
#2324 = ORIENTED_EDGE('',*,*,#2325,.F.);
#2325 = EDGE_CURVE('',#222,#2318,#2326,.T.);
#2326 = LINE('',#2327,#2328);
#2327 = CARTESIAN_POINT('',(-76.,-27.09807621135,15.));
#2328 = VECTOR('',#2329,1.);
#2329 = DIRECTION('',(0.,0.,1.));
#2330 = ORIENTED_EDGE('',*,*,#221,.F.);
#2331 = PLANE('',#2332);
#2332 = AXIS2_PLACEMENT_3D('',#2333,#2334,#2335);
#2333 = CARTESIAN_POINT('',(-74.5,-24.49999999999,15.));
#2334 = DIRECTION('',(0.866025403785,-0.5,0.));
#2335 = DIRECTION('',(-0.5,-0.866025403785,0.));
#2336 = ADVANCED_FACE('',(#2337),#2355,.F.);
#2337 = FACE_BOUND('',#2338,.F.);
#2338 = EDGE_LOOP('',(#2339,#2347,#2353,#2354));
#2339 = ORIENTED_EDGE('',*,*,#2340,.T.);
#2340 = EDGE_CURVE('',#238,#2341,#2343,.T.);
#2341 = VERTEX_POINT('',#2342);
#2342 = CARTESIAN_POINT('',(-80.5,-24.49999999998,17.));
#2343 = LINE('',#2344,#2345);
#2344 = CARTESIAN_POINT('',(-80.5,-24.49999999998,15.));
#2345 = VECTOR('',#2346,1.);
#2346 = DIRECTION('',(0.,0.,1.));
#2347 = ORIENTED_EDGE('',*,*,#2348,.T.);
#2348 = EDGE_CURVE('',#2341,#2293,#2349,.T.);
#2349 = LINE('',#2350,#2351);
#2350 = CARTESIAN_POINT('',(-80.5,-24.49999999998,17.));
#2351 = VECTOR('',#2352,1.);
#2352 = DIRECTION('',(0.500000000004,0.866025403782,0.));
#2353 = ORIENTED_EDGE('',*,*,#2292,.F.);
#2354 = ORIENTED_EDGE('',*,*,#245,.F.);
#2355 = PLANE('',#2356);
#2356 = AXIS2_PLACEMENT_3D('',#2357,#2358,#2359);
#2357 = CARTESIAN_POINT('',(-80.5,-24.49999999998,15.));
#2358 = DIRECTION('',(-0.866025403782,0.500000000004,0.));
#2359 = DIRECTION('',(0.500000000004,0.866025403782,0.));
#2360 = ADVANCED_FACE('',(#2361),#2379,.F.);
#2361 = FACE_BOUND('',#2362,.F.);
#2362 = EDGE_LOOP('',(#2363,#2364,#2372,#2378));
#2363 = ORIENTED_EDGE('',*,*,#2325,.T.);
#2364 = ORIENTED_EDGE('',*,*,#2365,.T.);
#2365 = EDGE_CURVE('',#2318,#2366,#2368,.T.);
#2366 = VERTEX_POINT('',#2367);
#2367 = CARTESIAN_POINT('',(-79.00000000001,-27.09807621134,17.));
#2368 = LINE('',#2369,#2370);
#2369 = CARTESIAN_POINT('',(-76.,-27.09807621135,17.));
#2370 = VECTOR('',#2371,1.);
#2371 = DIRECTION('',(-1.,1.98952E-12,-0.));
#2372 = ORIENTED_EDGE('',*,*,#2373,.F.);
#2373 = EDGE_CURVE('',#230,#2366,#2374,.T.);
#2374 = LINE('',#2375,#2376);
#2375 = CARTESIAN_POINT('',(-79.00000000001,-27.09807621134,15.));
#2376 = VECTOR('',#2377,1.);
#2377 = DIRECTION('',(0.,0.,1.));
#2378 = ORIENTED_EDGE('',*,*,#229,.F.);
#2379 = PLANE('',#2380);
#2380 = AXIS2_PLACEMENT_3D('',#2381,#2382,#2383);
#2381 = CARTESIAN_POINT('',(-76.,-27.09807621135,15.));
#2382 = DIRECTION('',(-1.98952E-12,-1.,0.));
#2383 = DIRECTION('',(-1.,1.98952E-12,0.));
#2384 = ADVANCED_FACE('',(#2385),#2396,.F.);
#2385 = FACE_BOUND('',#2386,.F.);
#2386 = EDGE_LOOP('',(#2387,#2388,#2394,#2395));
#2387 = ORIENTED_EDGE('',*,*,#2373,.T.);
#2388 = ORIENTED_EDGE('',*,*,#2389,.T.);
#2389 = EDGE_CURVE('',#2366,#2341,#2390,.T.);
#2390 = LINE('',#2391,#2392);
#2391 = CARTESIAN_POINT('',(-79.00000000001,-27.09807621134,17.));
#2392 = VECTOR('',#2393,1.);
#2393 = DIRECTION('',(-0.499999999996,0.866025403787,-0.));
#2394 = ORIENTED_EDGE('',*,*,#2340,.F.);
#2395 = ORIENTED_EDGE('',*,*,#237,.F.);
#2396 = PLANE('',#2397);
#2397 = AXIS2_PLACEMENT_3D('',#2398,#2399,#2400);
#2398 = CARTESIAN_POINT('',(-79.00000000001,-27.09807621134,15.));
#2399 = DIRECTION('',(-0.866025403787,-0.499999999996,0.));
#2400 = DIRECTION('',(-0.499999999996,0.866025403787,0.));
#2401 = ADVANCED_FACE('',(#2402),#2421,.F.);
#2402 = FACE_BOUND('',#2403,.T.);
#2403 = EDGE_LOOP('',(#2404,#2405,#2413,#2420));
#2404 = ORIENTED_EDGE('',*,*,#261,.F.);
#2405 = ORIENTED_EDGE('',*,*,#2406,.T.);
#2406 = EDGE_CURVE('',#262,#2407,#2409,.T.);
#2407 = VERTEX_POINT('',#2408);
#2408 = CARTESIAN_POINT('',(-68.2,-12.,17.6));
#2409 = LINE('',#2410,#2411);
#2410 = CARTESIAN_POINT('',(-68.2,-12.,15.));
#2411 = VECTOR('',#2412,1.);
#2412 = DIRECTION('',(0.,0.,1.));
#2413 = ORIENTED_EDGE('',*,*,#2414,.F.);
#2414 = EDGE_CURVE('',#2407,#2407,#2415,.T.);
#2415 = CIRCLE('',#2416,1.8);
#2416 = AXIS2_PLACEMENT_3D('',#2417,#2418,#2419);
#2417 = CARTESIAN_POINT('',(-70.,-12.,17.6));
#2418 = DIRECTION('',(0.,0.,-1.));
#2419 = DIRECTION('',(1.,0.,0.));
#2420 = ORIENTED_EDGE('',*,*,#2406,.F.);
#2421 = CYLINDRICAL_SURFACE('',#2422,1.8);
#2422 = AXIS2_PLACEMENT_3D('',#2423,#2424,#2425);
#2423 = CARTESIAN_POINT('',(-70.,-12.,15.));
#2424 = DIRECTION('',(-0.,-0.,-1.));
#2425 = DIRECTION('',(1.,0.,0.));
#2426 = ADVANCED_FACE('',(#2427),#2809,.F.);
#2427 = FACE_BOUND('',#2428,.T.);
#2428 = EDGE_LOOP('',(#2429,#2436,#2437,#2438));
#2429 = ORIENTED_EDGE('',*,*,#2430,.F.);
#2430 = EDGE_CURVE('',#273,#2431,#2433,.T.);
#2431 = VERTEX_POINT('',#2432);
#2432 = CARTESIAN_POINT('',(-51.16351743323,-85.,16.2));
#2433 = B_SPLINE_CURVE_WITH_KNOTS('',1,(#2434,#2435),.UNSPECIFIED.,.F.,
  .F.,(2,2),(0.,1.),.PIECEWISE_BEZIER_KNOTS.);
#2434 = CARTESIAN_POINT('',(-49.96351743323,-85.,15.));
#2435 = CARTESIAN_POINT('',(-51.96351743323,-85.,17.));
#2436 = ORIENTED_EDGE('',*,*,#272,.T.);
#2437 = ORIENTED_EDGE('',*,*,#2430,.T.);
#2438 = ORIENTED_EDGE('',*,*,#2439,.T.);
#2439 = EDGE_CURVE('',#2431,#2431,#2440,.T.);
#2440 = B_SPLINE_CURVE_WITH_KNOTS('',7,(#2441,#2442,#2443,#2444,#2445,
    #2446,#2447,#2448,#2449,#2450,#2451,#2452,#2453,#2454,#2455,#2456,
    #2457,#2458,#2459,#2460,#2461,#2462,#2463,#2464,#2465,#2466,#2467,
    #2468,#2469,#2470,#2471,#2472,#2473,#2474,#2475,#2476,#2477,#2478,
    #2479,#2480,#2481,#2482,#2483,#2484,#2485,#2486,#2487,#2488,#2489,
    #2490,#2491,#2492,#2493,#2494,#2495,#2496,#2497,#2498,#2499,#2500,
    #2501,#2502,#2503,#2504,#2505,#2506,#2507,#2508,#2509,#2510,#2511,
    #2512,#2513,#2514,#2515,#2516,#2517,#2518,#2519,#2520,#2521,#2522,
    #2523,#2524,#2525,#2526,#2527,#2528,#2529,#2530,#2531,#2532,#2533,
    #2534,#2535,#2536,#2537,#2538,#2539,#2540,#2541,#2542,#2543,#2544,
    #2545,#2546,#2547,#2548,#2549,#2550,#2551,#2552,#2553,#2554,#2555,
    #2556,#2557,#2558,#2559,#2560,#2561,#2562,#2563,#2564,#2565,#2566,
    #2567,#2568,#2569,#2570,#2571,#2572,#2573,#2574,#2575,#2576,#2577,
    #2578,#2579,#2580,#2581,#2582,#2583,#2584,#2585,#2586,#2587,#2588,
    #2589,#2590,#2591,#2592,#2593,#2594,#2595,#2596,#2597,#2598,#2599,
    #2600,#2601,#2602,#2603,#2604,#2605,#2606,#2607,#2608,#2609,#2610,
    #2611,#2612,#2613,#2614,#2615,#2616,#2617,#2618,#2619,#2620,#2621,
    #2622,#2623,#2624,#2625,#2626,#2627,#2628,#2629,#2630,#2631,#2632,
    #2633,#2634,#2635,#2636,#2637,#2638,#2639,#2640,#2641,#2642,#2643,
    #2644,#2645,#2646,#2647,#2648,#2649,#2650,#2651,#2652,#2653,#2654,
    #2655,#2656,#2657,#2658,#2659,#2660,#2661,#2662,#2663,#2664,#2665,
    #2666,#2667,#2668,#2669,#2670,#2671,#2672,#2673,#2674,#2675,#2676,
    #2677,#2678,#2679,#2680,#2681,#2682,#2683,#2684,#2685,#2686,#2687,
    #2688,#2689,#2690,#2691,#2692,#2693,#2694,#2695,#2696,#2697,#2698,
    #2699,#2700,#2701,#2702,#2703,#2704,#2705,#2706,#2707,#2708,#2709,
    #2710,#2711,#2712,#2713,#2714,#2715,#2716,#2717,#2718,#2719,#2720,
    #2721,#2722,#2723,#2724,#2725,#2726,#2727,#2728,#2729,#2730,#2731,
    #2732,#2733,#2734,#2735,#2736,#2737,#2738,#2739,#2740,#2741,#2742,
    #2743,#2744,#2745,#2746,#2747,#2748,#2749,#2750,#2751,#2752,#2753,
    #2754,#2755,#2756,#2757,#2758,#2759,#2760,#2761,#2762,#2763,#2764,
    #2765,#2766,#2767,#2768,#2769,#2770,#2771,#2772,#2773,#2774,#2775,
    #2776,#2777,#2778,#2779,#2780,#2781,#2782,#2783,#2784,#2785,#2786,
    #2787,#2788,#2789,#2790,#2791,#2792,#2793,#2794,#2795,#2796,#2797,
    #2798,#2799,#2800,#2801,#2802,#2803,#2804,#2805,#2806,#2807,#2808),
  .UNSPECIFIED.,.T.,.F.,(8,6,6,6,6,6,6,6,6,6,6,6,6,6,6,6,6,6,6,6,6,6,6,6
    ,6,6,6,6,6,6,6,6,6,6,6,6,6,6,6,6,6,6,6,6,6,6,6,6,6,6,6,6,6,6,6,6,6,6
    ,6,6,6,8),(0.,1.909570810267E-02,3.366888930205E-02,
    4.824207050141E-02,6.281525170078E-02,7.738843290015E-02,
    9.196161409951E-02,0.106534795299,0.121107976498,0.135681157698,
    0.150254338897,0.164827520096,0.179400701296,0.193973882495,
    0.208547063694,0.22261772146,0.237190902659,0.251764083858,
    0.266337265058,0.280910446257,0.295483627457,0.310056808656,
    0.324629989855,0.339203171055,0.353776352254,0.368349533454,
    0.382922714653,0.397495895852,0.412069077052,0.426642258251,
    0.44121543945,0.45578862065,0.470361801849,0.484934983049,
    0.499508164248,0.514081345447,0.528654526647,0.543227707846,
    0.557800889045,0.572374070245,0.586947251444,0.601520432643,
    0.616093613843,0.630666795042,0.645239976242,0.659813157441,
    0.67438633864,0.68895951984,0.703532701039,0.718105882238,
    0.732679063438,0.747252244637,0.761825425836,0.776398607036,
    0.790469264801,0.805042446,0.8196156272,0.834188808399,
    0.848761989598,0.863335170798,0.871878070349,1.),.UNSPECIFIED.);
#2441 = CARTESIAN_POINT('',(-51.16351743323,-85.,16.200000000001));
#2442 = CARTESIAN_POINT('',(-51.16351743323,-84.96914661141,
    16.200000000001));
#2443 = CARTESIAN_POINT('',(-51.16413439592,-84.93829446016,
    16.200000000001));
#2444 = CARTESIAN_POINT('',(-51.16536830261,-84.9074575848,
    16.200000000001));
#2445 = CARTESIAN_POINT('',(-51.16721869676,-84.8766502924,
    16.200000000001));
#2446 = CARTESIAN_POINT('',(-51.16968468396,-84.84588715862,
    16.200000000001));
#2447 = CARTESIAN_POINT('',(-51.17276493194,-84.81518302763,
    16.200000000001));
#2448 = CARTESIAN_POINT('',(-51.17927584038,-84.76117724824,
    16.200000000001));
#2449 = CARTESIAN_POINT('',(-51.18245074042,-84.73784448846,
    16.200000000001));
#2450 = CARTESIAN_POINT('',(-51.18598158225,-84.71456127132,
    16.200000000001));
#2451 = CARTESIAN_POINT('',(-51.18986742887,-84.69133411043,
    16.200000000001));
#2452 = CARTESIAN_POINT('',(-51.19410719473,-84.66816949453,
    16.200000000001));
#2453 = CARTESIAN_POINT('',(-51.19869964572,-84.64507388752,
    16.200000000001));
#2454 = CARTESIAN_POINT('',(-51.20858715258,-84.59903356938,
    16.200000000001));
#2455 = CARTESIAN_POINT('',(-51.21388220971,-84.57608885236,
    16.200000000001));
#2456 = CARTESIAN_POINT('',(-51.21952718758,-84.55322601638,
    16.200000000001));
#2457 = CARTESIAN_POINT('',(-51.22552055754,-84.53045146208,
    16.200000000001));
#2458 = CARTESIAN_POINT('',(-51.23186064529,-84.50777155177,
    16.200000000001));
#2459 = CARTESIAN_POINT('',(-51.23854563084,-84.48519260943,
    16.200000000001));
#2460 = CARTESIAN_POINT('',(-51.25260146624,-84.44024923196,
    16.200000000001));
#2461 = CARTESIAN_POINT('',(-51.25997231788,-84.4178847911,
    16.200000000001));
#2462 = CARTESIAN_POINT('',(-51.26768413754,-84.39563388366,
    16.200000000001));
#2463 = CARTESIAN_POINT('',(-51.27573481772,-84.37350274371,
    16.200000000001));
#2464 = CARTESIAN_POINT('',(-51.28412210939,-84.3514975538,
    16.200000000001));
#2465 = CARTESIAN_POINT('',(-51.29284362195,-84.32962444502,
    16.200000000001));
#2466 = CARTESIAN_POINT('',(-51.31095002453,-84.28615454886,
    16.200000000001));
#2467 = CARTESIAN_POINT('',(-51.32033491686,-84.26455775593,
    16.200000000001));
#2468 = CARTESIAN_POINT('',(-51.33004896782,-84.24310519761,
    16.200000000001));
#2469 = CARTESIAN_POINT('',(-51.34008950873,-84.22180288916,
    16.200000000001));
#2470 = CARTESIAN_POINT('',(-51.35045373466,-84.20065678159,
    16.200000000001));
#2471 = CARTESIAN_POINT('',(-51.36113870442,-84.17967276171,
    16.200000000001));
#2472 = CARTESIAN_POINT('',(-51.38314397672,-84.13804054249,
    16.200000000001));
#2473 = CARTESIAN_POINT('',(-51.39446428208,-84.11739233783,
    16.200000000001));
#2474 = CARTESIAN_POINT('',(-51.40609917894,-84.09691786056,
    16.200000000001));
#2475 = CARTESIAN_POINT('',(-51.4180454598,-84.07662285673,
    16.200000000001));
#2476 = CARTESIAN_POINT('',(-51.43029978735,-84.05651299594,
    16.200000000001));
#2477 = CARTESIAN_POINT('',(-51.44285869444,-84.03659387142,
    16.200000000001));
#2478 = CARTESIAN_POINT('',(-51.46857847385,-83.99714812851,
    16.200000000001));
#2479 = CARTESIAN_POINT('',(-51.48173934944,-83.97762150508,
    16.200000000001));
#2480 = CARTESIAN_POINT('',(-51.49519761375,-83.95829664632,
    16.200000000001));
#2481 = CARTESIAN_POINT('',(-51.50894954729,-83.9391789809,
    16.200000000001));
#2482 = CARTESIAN_POINT('',(-51.52299130833,-83.92027384955,
    16.200000000001));
#2483 = CARTESIAN_POINT('',(-51.53731893284,-83.90158650504,
    16.200000000001));
#2484 = CARTESIAN_POINT('',(-51.56653773617,-83.86465771927,
    16.200000000001));
#2485 = CARTESIAN_POINT('',(-51.58142891872,-83.84641627329,
    16.200000000001));
#2486 = CARTESIAN_POINT('',(-51.59659779563,-83.82840293885,
    16.200000000001));
#2487 = CARTESIAN_POINT('',(-51.61204016662,-83.81062278179,
    16.200000000001));
#2488 = CARTESIAN_POINT('',(-51.62775171772,-83.79308076918,
    16.200000000001));
#2489 = CARTESIAN_POINT('',(-51.6437280212,-83.77578176932,
    16.200000000001));
#2490 = CARTESIAN_POINT('',(-51.67620105006,-83.74167933417,
    16.200000000001));
#2491 = CARTESIAN_POINT('',(-51.69269777959,-83.72487589452,
    16.200000000001));
#2492 = CARTESIAN_POINT('',(-51.70945018255,-83.70832500212,
    16.200000000001));
#2493 = CARTESIAN_POINT('',(-51.7264536131,-83.69203131755,
    16.200000000001));
#2494 = CARTESIAN_POINT('',(-51.74370332112,-83.67599939261,
    16.200000000001));
#2495 = CARTESIAN_POINT('',(-51.76119445233,-83.66023367036,
    16.200000000001));
#2496 = CARTESIAN_POINT('',(-51.79664964407,-83.62924329983,
    16.200000000001));
#2497 = CARTESIAN_POINT('',(-51.81461370913,-83.6140186476,
    16.200000000001));
#2498 = CARTESIAN_POINT('',(-51.83280928466,-83.59906886246,
    16.200000000001));
#2499 = CARTESIAN_POINT('',(-51.85123131811,-83.58439816068,
    16.200000000001));
#2500 = CARTESIAN_POINT('',(-51.86987466309,-83.57001064067,
    16.200000000001));
#2501 = CARTESIAN_POINT('',(-51.88873407938,-83.55591028301,
    16.200000000001));
#2502 = CARTESIAN_POINT('',(-51.92687438645,-83.52829161788,
    16.200000000001));
#2503 = CARTESIAN_POINT('',(-51.9461552821,-83.51477330689,
    16.200000000001));
#2504 = CARTESIAN_POINT('',(-51.96564158563,-83.50154987999,
    16.200000000001));
#2505 = CARTESIAN_POINT('',(-51.98532788014,-83.48862507378,
    16.200000000001));
#2506 = CARTESIAN_POINT('',(-52.00520866606,-83.47600249894,
    16.200000000001));
#2507 = CARTESIAN_POINT('',(-52.02527836114,-83.46368564023,
    16.200000000001));
#2508 = CARTESIAN_POINT('',(-52.06578423979,-83.43967007276,
    16.200000000001));
#2509 = CARTESIAN_POINT('',(-52.08622042854,-83.42797136093,
    16.200000000001));
#2510 = CARTESIAN_POINT('',(-52.10683420166,-83.41658507961,
    16.200000000001));
#2511 = CARTESIAN_POINT('',(-52.12761982326,-83.40551445444,
    16.200000000001));
#2512 = CARTESIAN_POINT('',(-52.14857148667,-83.3947625781,
    16.200000000001));
#2513 = CARTESIAN_POINT('',(-52.1696833144,-83.38433241036,
    16.200000000001));
#2514 = CARTESIAN_POINT('',(-52.21221540187,-83.36412114565,
    16.200000000001));
#2515 = CARTESIAN_POINT('',(-52.23363566706,-83.3543400461,
    16.200000000001));
#2516 = CARTESIAN_POINT('',(-52.25520420526,-83.34488630588,
    16.200000000001));
#2517 = CARTESIAN_POINT('',(-52.2769150097,-83.33576261267,
    16.200000000001));
#2518 = CARTESIAN_POINT('',(-52.29876201524,-83.32697151527,
    16.200000000001));
#2519 = CARTESIAN_POINT('',(-52.32073909836,-83.3185154236,
    16.200000000001));
#2520 = CARTESIAN_POINT('',(-52.36494105609,-83.30227779387,
    16.200000000001));
#2521 = CARTESIAN_POINT('',(-52.38716593635,-83.29449625374,
    16.200000000001));
#2522 = CARTESIAN_POINT('',(-52.40950853603,-83.28705425912,
    16.200000000001));
#2523 = CARTESIAN_POINT('',(-52.43196262776,-83.2799539372,
    16.200000000001));
#2524 = CARTESIAN_POINT('',(-52.45452193877,-83.27319727152,
    16.200000000001));
#2525 = CARTESIAN_POINT('',(-52.47718015085,-83.266786102,
    16.200000000001));
#2526 = CARTESIAN_POINT('',(-52.52189714139,-83.25486725057,
    16.200000000001));
#2527 = CARTESIAN_POINT('',(-52.54394965314,-83.24933603578,
    16.200000000001));
#2528 = CARTESIAN_POINT('',(-52.56608270815,-83.2441300071,
    16.200000000001));
#2529 = CARTESIAN_POINT('',(-52.58829055086,-83.23925056314,
    16.200000000001));
#2530 = CARTESIAN_POINT('',(-52.61056739761,-83.23469897466,
    16.200000000001));
#2531 = CARTESIAN_POINT('',(-52.63290743666,-83.23047638459,
    16.200000000001));
#2532 = CARTESIAN_POINT('',(-52.67850212639,-83.22255221081,
    16.200000000001));
#2533 = CARTESIAN_POINT('',(-52.70176095248,-83.21887461944,
    16.200000000001));
#2534 = CARTESIAN_POINT('',(-52.72507481782,-83.21555216144,
    16.200000000001));
#2535 = CARTESIAN_POINT('',(-52.74843721486,-83.21258581492,
    16.200000000001));
#2536 = CARTESIAN_POINT('',(-52.77184161707,-83.20997640854,
    16.200000000001));
#2537 = CARTESIAN_POINT('',(-52.79528147894,-83.20772462157,
    16.200000000001));
#2538 = CARTESIAN_POINT('',(-52.84221899305,-83.20393734607,
    16.200000000001));
#2539 = CARTESIAN_POINT('',(-52.86571665128,-83.20240185705,
    16.200000000001));
#2540 = CARTESIAN_POINT('',(-52.8892366462,-83.2012250463,
    16.200000000001));
#2541 = CARTESIAN_POINT('',(-52.91277240806,-83.2004072928,
    16.200000000001));
#2542 = CARTESIAN_POINT('',(-52.93631736191,-83.19994882501,
    16.200000000001));
#2543 = CARTESIAN_POINT('',(-52.95986492754,-83.19984972082,
    16.200000000001));
#2544 = CARTESIAN_POINT('',(-53.00695211155,-83.20037009439,
    16.200000000001));
#2545 = CARTESIAN_POINT('',(-53.03049173594,-83.20098957222,
    16.200000000001));
#2546 = CARTESIAN_POINT('',(-53.05402080729,-83.20196826817,
    16.200000000001));
#2547 = CARTESIAN_POINT('',(-53.07753274873,-83.20330595893,
    16.200000000001));
#2548 = CARTESIAN_POINT('',(-53.10102099197,-83.20500227081,
    16.200000000001));
#2549 = CARTESIAN_POINT('',(-53.12447897724,-83.20705667971,
    16.200000000001));
#2550 = CARTESIAN_POINT('',(-53.17132132948,-83.21188034261,
    16.200000000001));
#2551 = CARTESIAN_POINT('',(-53.19470570242,-83.21464959723,
    16.200000000001));
#2552 = CARTESIAN_POINT('',(-53.21804672102,-83.21777560026,
    16.200000000001));
#2553 = CARTESIAN_POINT('',(-53.24133785639,-83.22125752796,
    16.200000000001));
#2554 = CARTESIAN_POINT('',(-53.2645726019,-83.22509440761,
    16.200000000001));
#2555 = CARTESIAN_POINT('',(-53.28774447319,-83.22928511753,
    16.200000000001));
#2556 = CARTESIAN_POINT('',(-53.3339495432,-83.23837165658,
    16.200000000001));
#2557 = CARTESIAN_POINT('',(-53.35698274782,-83.24326748687,
    16.200000000001));
#2558 = CARTESIAN_POINT('',(-53.37994016002,-83.24851460697,
    16.200000000001));
#2559 = CARTESIAN_POINT('',(-53.40281535358,-83.25411159963,
    16.200000000001));
#2560 = CARTESIAN_POINT('',(-53.42560193807,-83.26005690126,
    16.200000000001));
#2561 = CARTESIAN_POINT('',(-53.44829355887,-83.26634880197,
    16.200000000001));
#2562 = CARTESIAN_POINT('',(-53.49347423543,-83.27962208912,
    16.200000000001));
#2563 = CARTESIAN_POINT('',(-53.51596329697,-83.28660347727,
    16.200000000001));
#2564 = CARTESIAN_POINT('',(-53.53834476301,-83.29392775349,
    16.200000000001));
#2565 = CARTESIAN_POINT('',(-53.56061236384,-83.30159291888,
    16.200000000001));
#2566 = CARTESIAN_POINT('',(-53.58275987877,-83.30959683208,
    16.200000000001));
#2567 = CARTESIAN_POINT('',(-53.60478113615,-83.31793720933,
    16.200000000001));
#2568 = CARTESIAN_POINT('',(-53.64855889052,-83.33528603951,
    16.200000000001));
#2569 = CARTESIAN_POINT('',(-53.67031539311,-83.34429449467,
    16.200000000001));
#2570 = CARTESIAN_POINT('',(-53.69193339857,-83.35363456341,
    16.200000000001));
#2571 = CARTESIAN_POINT('',(-53.71340684623,-83.36330368191,
    16.200000000001));
#2572 = CARTESIAN_POINT('',(-53.73472973726,-83.37329914902,
    16.200000000001));
#2573 = CARTESIAN_POINT('',(-53.75589613466,-83.3836181262,
    16.200000000001));
#2574 = CARTESIAN_POINT('',(-53.79790419193,-83.40489714898,
    16.200000000001));
#2575 = CARTESIAN_POINT('',(-53.81874585717,-83.4158571973,
    16.200000000001));
#2576 = CARTESIAN_POINT('',(-53.839419284,-83.42713480642,
    16.200000000001));
#2577 = CARTESIAN_POINT('',(-53.85991867156,-83.43872686909,
    16.200000000001));
#2578 = CARTESIAN_POINT('',(-53.88023829312,-83.45063014696,
    16.200000000001));
#2579 = CARTESIAN_POINT('',(-53.90037249611,-83.46284127053,
    16.200000000001));
#2580 = CARTESIAN_POINT('',(-53.9402589081,-83.48787220788,
    16.200000000001));
#2581 = CARTESIAN_POINT('',(-53.9600111222,-83.50069202486,
    16.200000000001));
#2582 = CARTESIAN_POINT('',(-53.97956676612,-83.51381268929,
    16.200000000001));
#2583 = CARTESIAN_POINT('',(-53.99892034742,-83.52723057654,
    16.200000000001));
#2584 = CARTESIAN_POINT('',(-54.01806645946,-83.54094193818,
    16.200000000001));
#2585 = CARTESIAN_POINT('',(-54.03699978145,-83.55494290199,
    16.200000000001));
#2586 = CARTESIAN_POINT('',(-54.07443037535,-83.58351604193,
    16.200000000001));
#2587 = CARTESIAN_POINT('',(-54.09292765206,-83.59808822172,
    16.200000000001));
#2588 = CARTESIAN_POINT('',(-54.1112016737,-83.61294201508,
    16.200000000001));
#2589 = CARTESIAN_POINT('',(-54.12924730228,-83.62807331035,
    16.200000000001));
#2590 = CARTESIAN_POINT('',(-54.14705949654,-83.64347788044,
    16.200000000001));
#2591 = CARTESIAN_POINT('',(-54.16463331204,-83.65915138285,
    16.200000000001));
#2592 = CARTESIAN_POINT('',(-54.19929449018,-83.69102733644,
    16.200000000001));
#2593 = CARTESIAN_POINT('',(-54.21638185724,-83.70722979168,
    16.200000000001));
#2594 = CARTESIAN_POINT('',(-54.23322115482,-83.72369226723,
    16.200000000001));
#2595 = CARTESIAN_POINT('',(-54.24980764239,-83.74041019884,
    16.200000000001));
#2596 = CARTESIAN_POINT('',(-54.26613668633,-83.75737891619,
    16.200000000001));
#2597 = CARTESIAN_POINT('',(-54.28220375996,-83.77459364285,
    16.200000000001));
#2598 = CARTESIAN_POINT('',(-54.31380512711,-83.80950534978,
    16.200000000001));
#2599 = CARTESIAN_POINT('',(-54.32933942466,-83.82720233451,
    16.200000000001));
#2600 = CARTESIAN_POINT('',(-54.34460291667,-83.84513556779,
    16.200000000001));
#2601 = CARTESIAN_POINT('',(-54.35959129979,-83.86330007105,
    16.200000000001));
#2602 = CARTESIAN_POINT('',(-54.37430038685,-83.88169076985,
    16.200000000001));
#2603 = CARTESIAN_POINT('',(-54.38872610687,-83.90030249386,
    16.200000000001));
#2604 = CARTESIAN_POINT('',(-54.41700290326,-83.93795745997,
    16.200000000001));
#2605 = CARTESIAN_POINT('',(-54.43085398324,-83.95700070687,
    16.200000000001));
#2606 = CARTESIAN_POINT('',(-54.44441379044,-83.97625445126,
    16.200000000001));
#2607 = CARTESIAN_POINT('',(-54.45767849476,-83.99571334194,
    16.200000000001));
#2608 = CARTESIAN_POINT('',(-54.47064439058,-84.01537194286,
    16.200000000001));
#2609 = CARTESIAN_POINT('',(-54.4833078967,-84.03522473313,
    16.200000000001));
#2610 = CARTESIAN_POINT('',(-54.50802321618,-84.07530748091,
    16.200000000001));
#2611 = CARTESIAN_POINT('',(-54.52007503269,-84.09553744354,
    16.200000000001));
#2612 = CARTESIAN_POINT('',(-54.5318175495,-84.11595038902,
    16.200000000001));
#2613 = CARTESIAN_POINT('',(-54.54324744186,-84.13654063836,
    16.200000000001));
#2614 = CARTESIAN_POINT('',(-54.5543615167,-84.15730243945,
    16.200000000001));
#2615 = CARTESIAN_POINT('',(-54.56515671267,-84.17822996709,
    16.200000000001));
#2616 = CARTESIAN_POINT('',(-54.58610348753,-84.22040467882,
    16.200000000001));
#2617 = CARTESIAN_POINT('',(-54.59625506911,-84.2416518683,
    16.200000000001));
#2618 = CARTESIAN_POINT('',(-54.60608191542,-84.26305299294,
    16.200000000001));
#2619 = CARTESIAN_POINT('',(-54.6155812349,-84.28460209353,
    16.200000000001));
#2620 = CARTESIAN_POINT('',(-54.62475037382,-84.30629315012,
    16.200000000001));
#2621 = CARTESIAN_POINT('',(-54.63358681627,-84.32812008197,
    16.200000000001));
#2622 = CARTESIAN_POINT('',(-54.65058955211,-84.37203341321,
    16.200000000001));
#2623 = CARTESIAN_POINT('',(-54.65875584767,-84.39411981821,
    16.200000000001));
#2624 = CARTESIAN_POINT('',(-54.66658469306,-84.416329821,
    16.200000000001));
#2625 = CARTESIAN_POINT('',(-54.67407385331,-84.43865723209,
    16.200000000001));
#2626 = CARTESIAN_POINT('',(-54.68122123624,-84.46109581408,
    16.200000000001));
#2627 = CARTESIAN_POINT('',(-54.68802489247,-84.48363928167,
    16.200000000001));
#2628 = CARTESIAN_POINT('',(-54.70094113847,-84.52892332163,
    16.200000000001));
#2629 = CARTESIAN_POINT('',(-54.70705372988,-84.5516638998,
    16.200000000001));
#2630 = CARTESIAN_POINT('',(-54.71281898342,-84.57449670287,
    16.200000000001));
#2631 = CARTESIAN_POINT('',(-54.71823523941,-84.59741536291,
    16.200000000001));
#2632 = CARTESIAN_POINT('',(-54.72330098478,-84.62041347736,
    16.200000000001));
#2633 = CARTESIAN_POINT('',(-54.72801485301,-84.64348460901,
    16.200000000001));
#2634 = CARTESIAN_POINT('',(-54.73673639541,-84.68975996297,
    16.200000000001));
#2635 = CARTESIAN_POINT('',(-54.7407440707,-84.7129641912,
    16.200000000001));
#2636 = CARTESIAN_POINT('',(-54.74439743045,-84.73622849878,
    16.200000000001));
#2637 = CARTESIAN_POINT('',(-54.7476954042,-84.75954639269,
    16.200000000001));
#2638 = CARTESIAN_POINT('',(-54.75063707062,-84.78291135883,
    16.200000000001));
#2639 = CARTESIAN_POINT('',(-54.75322165753,-84.80631686202,
    16.200000000001));
#2640 = CARTESIAN_POINT('',(-54.75767542629,-84.85319582991,
    16.200000000001));
#2641 = CARTESIAN_POINT('',(-54.75954460871,-84.8766693006,
    16.200000000001));
#2642 = CARTESIAN_POINT('',(-54.76105546641,-84.90017020171,
    16.200000000001));
#2643 = CARTESIAN_POINT('',(-54.76220752712,-84.92369196958,
    16.200000000001));
#2644 = CARTESIAN_POINT('',(-54.76300046899,-84.94722803313,
    16.200000000001));
#2645 = CARTESIAN_POINT('',(-54.76343412063,-84.97077181395,
    16.200000000001));
#2646 = CARTESIAN_POINT('',(-54.76358280157,-85.01786163854,
    16.200000000001));
#2647 = CARTESIAN_POINT('',(-54.76329783089,-85.04140768833,
    16.200000000001));
#2648 = CARTESIAN_POINT('',(-54.76265352842,-85.06494828983,
    16.200000000001));
#2649 = CARTESIAN_POINT('',(-54.76165002399,-85.08847686365,
    16.200000000001));
#2650 = CARTESIAN_POINT('',(-54.76028759795,-85.11198683684,
    16.200000000001));
#2651 = CARTESIAN_POINT('',(-54.75856668113,-85.13547164288,
    16.200000000001));
#2652 = CARTESIAN_POINT('',(-54.7544090286,-85.18237780038,
    16.200000000001));
#2653 = CARTESIAN_POINT('',(-54.75197229234,-85.20579915784,
    16.200000000001));
#2654 = CARTESIAN_POINT('',(-54.74917822773,-85.22918223393,
    16.200000000001));
#2655 = CARTESIAN_POINT('',(-54.74602756564,-85.2525204887,
    16.200000000001));
#2656 = CARTESIAN_POINT('',(-54.74252118625,-85.27580740236,
    16.200000000001));
#2657 = CARTESIAN_POINT('',(-54.73866011901,-85.29903647528,
    16.200000000001));
#2658 = CARTESIAN_POINT('',(-54.73023096627,-85.34536598068,
    16.200000000001));
#2659 = CARTESIAN_POINT('',(-54.72566287969,-85.36846641908,
    16.200000000001));
#2660 = CARTESIAN_POINT('',(-54.72074246191,-85.39149606374,
    16.200000000001));
#2661 = CARTESIAN_POINT('',(-54.71547103876,-85.41444846895,
    16.200000000001));
#2662 = CARTESIAN_POINT('',(-54.70985008286,-85.43731722273,
    16.200000000001));
#2663 = CARTESIAN_POINT('',(-54.70388121365,-85.46009594678,
    16.200000000001));
#2664 = CARTESIAN_POINT('',(-54.69125118108,-85.50546064631,
    16.200000000001));
#2665 = CARTESIAN_POINT('',(-54.68459001611,-85.52804662759,
    16.200000000001));
#2666 = CARTESIAN_POINT('',(-54.67758446899,-85.5505298959,
    16.200000000001));
#2667 = CARTESIAN_POINT('',(-54.67023644934,-85.57290415375,
    16.200000000001));
#2668 = CARTESIAN_POINT('',(-54.66254800993,-85.59516315067,
    16.200000000001));
#2669 = CARTESIAN_POINT('',(-54.65452134659,-85.61730068316,
    16.200000000001));
#2670 = CARTESIAN_POINT('',(-54.63779625002,-85.66132050632,
    16.200000000001));
#2671 = CARTESIAN_POINT('',(-54.62909781465,-85.68320280261,
    16.200000000001));
#2672 = CARTESIAN_POINT('',(-54.62006583143,-85.70495132724,
    16.200000000001));
#2673 = CARTESIAN_POINT('',(-54.61070277782,-85.72655998371,
    16.200000000001));
#2674 = CARTESIAN_POINT('',(-54.60101126948,-85.74802273541,
    16.200000000001));
#2675 = CARTESIAN_POINT('',(-54.59099406031,-85.76933360562,
    16.200000000001));
#2676 = CARTESIAN_POINT('',(-54.57031402445,-85.81163974943,
    16.200000000001));
#2677 = CARTESIAN_POINT('',(-54.55965119514,-85.83263502842,
    16.200000000001));
#2678 = CARTESIAN_POINT('',(-54.54866844679,-85.8534665978,
    16.200000000001));
#2679 = CARTESIAN_POINT('',(-54.53736880392,-85.87412861315,
    16.200000000001));
#2680 = CARTESIAN_POINT('',(-54.52575542321,-85.89461530231,
    16.200000000001));
#2681 = CARTESIAN_POINT('',(-54.51383159348,-85.91492096541,
    16.200000000001));
#2682 = CARTESIAN_POINT('',(-54.48936987799,-85.95515898427,
    16.200000000001));
#2683 = CARTESIAN_POINT('',(-54.4768319891,-85.97509134517,
    16.200000000001));
#2684 = CARTESIAN_POINT('',(-54.46399049031,-85.9948314301,
    16.200000000001));
#2685 = CARTESIAN_POINT('',(-54.45084892785,-86.01437369567,
    16.200000000001));
#2686 = CARTESIAN_POINT('',(-54.43741097296,-86.03371268252,
    16.200000000001));
#2687 = CARTESIAN_POINT('',(-54.42368042186,-86.05284301539,
    16.200000000001));
#2688 = CARTESIAN_POINT('',(-54.39564196971,-86.0906757907,
    16.200000000001));
#2689 = CARTESIAN_POINT('',(-54.38133406508,-86.10937823798,
    16.200000000001));
#2690 = CARTESIAN_POINT('',(-54.36674140335,-86.12786145382,
    16.200000000001));
#2691 = CARTESIAN_POINT('',(-54.35186802278,-86.14612024232,
    16.200000000001));
#2692 = CARTESIAN_POINT('',(-54.33671807838,-86.16414950268,
    16.200000000001));
#2693 = CARTESIAN_POINT('',(-54.321295842,-86.18194422926,
    16.200000000001));
#2694 = CARTESIAN_POINT('',(-54.28991556248,-86.21705479381,
    16.200000000001));
#2695 = CARTESIAN_POINT('',(-54.27395751532,-86.23437063627,
    16.200000000001));
#2696 = CARTESIAN_POINT('',(-54.2577359496,-86.25144212859,
    16.200000000001));
#2697 = CARTESIAN_POINT('',(-54.24125536175,-86.26826446586,
    16.200000000001));
#2698 = CARTESIAN_POINT('',(-54.22452035578,-86.28483294858,
    16.200000000001));
#2699 = CARTESIAN_POINT('',(-54.20753564333,-86.30114298267,
    16.200000000001));
#2700 = CARTESIAN_POINT('',(-54.1730764439,-86.33323717624,
    16.200000000001));
#2701 = CARTESIAN_POINT('',(-54.15560195252,-86.34902133983,
    16.200000000001));
#2702 = CARTESIAN_POINT('',(-54.1378873889,-86.36453808176,
    16.200000000001));
#2703 = CARTESIAN_POINT('',(-54.11993766997,-86.37978302838,
    16.200000000001));
#2704 = CARTESIAN_POINT('',(-54.10175781017,-86.39475192086,
    16.200000000001));
#2705 = CARTESIAN_POINT('',(-54.08335292146,-86.40944061517,
    16.200000000001));
#2706 = CARTESIAN_POINT('',(-54.04610350515,-86.43824954904,
    16.200000000001));
#2707 = CARTESIAN_POINT('',(-54.02725897278,-86.45236979227,
    16.200000000001));
#2708 = CARTESIAN_POINT('',(-54.00819982584,-86.46620178281,
    16.200000000001));
#2709 = CARTESIAN_POINT('',(-53.98893136058,-86.47974161492,
    16.200000000001));
#2710 = CARTESIAN_POINT('',(-53.96945895985,-86.49298550612,
    16.200000000001));
#2711 = CARTESIAN_POINT('',(-53.94978809309,-86.50592979714,
    16.200000000001));
#2712 = CARTESIAN_POINT('',(-53.91006053964,-86.53121210683,
    16.200000000001));
#2713 = CARTESIAN_POINT('',(-53.89000384787,-86.54355012874,
    16.200000000001));
#2714 = CARTESIAN_POINT('',(-53.86975979728,-86.55558148194,
    16.200000000001));
#2715 = CARTESIAN_POINT('',(-53.84933401904,-86.56730276132,
    16.200000000001));
#2716 = CARTESIAN_POINT('',(-53.82873221931,-86.57871069243,
    16.200000000001));
#2717 = CARTESIAN_POINT('',(-53.80796017922,-86.58980213145,
    16.200000000001));
#2718 = CARTESIAN_POINT('',(-53.76608733051,-86.61134599897,
    16.200000000001));
#2719 = CARTESIAN_POINT('',(-53.74498651654,-86.62179843022,
    16.200000000001));
#2720 = CARTESIAN_POINT('',(-53.7237271692,-86.63192834606,
    16.200000000001));
#2721 = CARTESIAN_POINT('',(-53.70231520743,-86.64173287053,
    16.200000000001));
#2722 = CARTESIAN_POINT('',(-53.68075661287,-86.65120926464,
    16.200000000001));
#2723 = CARTESIAN_POINT('',(-53.65905742991,-86.66035492634,
    16.200000000001));
#2724 = CARTESIAN_POINT('',(-53.61539010134,-86.67797985476,
    16.200000000001));
#2725 = CARTESIAN_POINT('',(-53.59342195015,-86.68645912373,
    16.200000000001));
#2726 = CARTESIAN_POINT('',(-53.57132541924,-86.69460273264,
    16.200000000001));
#2727 = CARTESIAN_POINT('',(-53.54910666573,-86.7024083588,
    16.200000000001));
#2728 = CARTESIAN_POINT('',(-53.52677189667,-86.70987382162,
    16.200000000001));
#2729 = CARTESIAN_POINT('',(-53.50432736901,-86.71699708263,
    16.200000000001));
#2730 = CARTESIAN_POINT('',(-53.45923141032,-86.73055540834,
    16.200000000001));
#2731 = CARTESIAN_POINT('',(-53.43657997352,-86.73699047476,
    16.200000000001));
#2732 = CARTESIAN_POINT('',(-53.41383138624,-86.74307954869,
    16.200000000001));
#2733 = CARTESIAN_POINT('',(-53.39099199219,-86.74882088013,
    16.200000000001));
#2734 = CARTESIAN_POINT('',(-53.3680681718,-86.75421286518,
    16.200000000001));
#2735 = CARTESIAN_POINT('',(-53.3450663422,-86.75925404603,
    16.200000000001));
#2736 = CARTESIAN_POINT('',(-53.29891957236,-86.76863217586,
    16.200000000001));
#2737 = CARTESIAN_POINT('',(-53.27577462621,-86.77296912604,
    16.200000000001));
#2738 = CARTESIAN_POINT('',(-53.25256457276,-86.77695265003,
    16.200000000001));
#2739 = CARTESIAN_POINT('',(-53.22929588916,-86.78058158524,
    16.200000000001));
#2740 = CARTESIAN_POINT('',(-53.20597507576,-86.78385491787,
    16.200000000001));
#2741 = CARTESIAN_POINT('',(-53.18260865612,-86.78677178298,
    16.200000000001));
#2742 = CARTESIAN_POINT('',(-53.1357976979,-86.79189114592,
    16.200000000001));
#2743 = CARTESIAN_POINT('',(-53.11235315334,-86.7940936444,
    16.200000000001));
#2744 = CARTESIAN_POINT('',(-53.08887609014,-86.79593824406,
    16.200000000001));
#2745 = CARTESIAN_POINT('',(-53.06537306461,-86.79742437941,
    16.200000000001));
#2746 = CARTESIAN_POINT('',(-53.04185064257,-86.79855163528,
    16.200000000001));
#2747 = CARTESIAN_POINT('',(-53.01831539935,-86.79931974683,
    16.200000000001));
#2748 = CARTESIAN_POINT('',(-52.97123244018,-86.80013745227,
    16.200000000001));
#2749 = CARTESIAN_POINT('',(-52.94768471822,-86.80018704628,
    16.200000000001));
#2750 = CARTESIAN_POINT('',(-52.92413733872,-86.79987726734,
    16.200000000001));
#2751 = CARTESIAN_POINT('',(-52.90059688223,-86.79920815183,
    16.200000000001));
#2752 = CARTESIAN_POINT('',(-52.87706992503,-86.79817988665,
    16.200000000001));
#2753 = CARTESIAN_POINT('',(-52.85356303911,-86.79679280932,
    16.200000000001));
#2754 = CARTESIAN_POINT('',(-52.80660254527,-86.79330200645,
    16.200000000001));
#2755 = CARTESIAN_POINT('',(-52.78314893135,-86.79119828047,
    16.200000000001));
#2756 = CARTESIAN_POINT('',(-52.75972851812,-86.78873671831,
    16.200000000001));
#2757 = CARTESIAN_POINT('',(-52.73634785524,-86.78591795785,
    16.200000000001));
#2758 = CARTESIAN_POINT('',(-52.71301347435,-86.78274278656,
    16.200000000001));
#2759 = CARTESIAN_POINT('',(-52.68973188905,-86.77921214143,
    16.200000000001));
#2760 = CARTESIAN_POINT('',(-52.64408806946,-86.7715760432,
    16.200000000001));
#2761 = CARTESIAN_POINT('',(-52.62172181137,-86.76749460835,
    16.200000000001));
#2762 = CARTESIAN_POINT('',(-52.59941666678,-86.76308378261,
    16.200000000001));
#2763 = CARTESIAN_POINT('',(-52.57717845454,-86.75834467218,
    16.200000000001));
#2764 = CARTESIAN_POINT('',(-52.55501296622,-86.75327851128,
    16.200000000001));
#2765 = CARTESIAN_POINT('',(-52.5329259661,-86.74788666215,
    16.200000000001));
#2766 = CARTESIAN_POINT('',(-52.48813460295,-86.73625042349,
    16.200000000001));
#2767 = CARTESIAN_POINT('',(-52.46543635791,-86.72998246201,
    16.200000000001));
#2768 = CARTESIAN_POINT('',(-52.44283483026,-86.72336838671,
    16.200000000001));
#2769 = CARTESIAN_POINT('',(-52.42033634969,-86.71640999759,
    16.200000000001));
#2770 = CARTESIAN_POINT('',(-52.39794720139,-86.70910923855,
    16.200000000001));
#2771 = CARTESIAN_POINT('',(-52.37567362603,-86.70146819739,
    16.200000000001));
#2772 = CARTESIAN_POINT('',(-52.33137001356,-86.68551001427,
    16.200000000001));
#2773 = CARTESIAN_POINT('',(-52.30933997079,-86.67719287027,
    16.200000000001));
#2774 = CARTESIAN_POINT('',(-52.28743788755,-86.6685399058,
    16.200000000001));
#2775 = CARTESIAN_POINT('',(-52.26566990243,-86.65955349209,
    16.200000000001));
#2776 = CARTESIAN_POINT('',(-52.24404209657,-86.65023613958,
    16.200000000001));
#2777 = CARTESIAN_POINT('',(-52.22256049358,-86.64059049796,
    16.200000000001));
#2778 = CARTESIAN_POINT('',(-52.17990162569,-86.62064821432,
    16.200000000001));
#2779 = CARTESIAN_POINT('',(-52.15872435534,-86.61035156976,
    16.200000000001));
#2780 = CARTESIAN_POINT('',(-52.1377052146,-86.59973221162,
    16.200000000001));
#2781 = CARTESIAN_POINT('',(-52.11685009956,-86.58879306249,
    16.200000000001));
#2782 = CARTESIAN_POINT('',(-52.0961648363,-86.57753717834,
    16.200000000001));
#2783 = CARTESIAN_POINT('',(-52.07565518095,-86.56596774851,
    16.200000000001));
#2784 = CARTESIAN_POINT('',(-52.03499845838,-86.54220844303,
    16.200000000001));
#2785 = CARTESIAN_POINT('',(-52.01485138598,-86.53001856434,
    16.200000000001));
#2786 = CARTESIAN_POINT('',(-51.99489128845,-86.51752178271,
    16.200000000001));
#2787 = CARTESIAN_POINT('',(-51.97512376995,-86.50472154757,
    16.200000000001));
#2788 = CARTESIAN_POINT('',(-51.95555435274,-86.49162143482,
    16.200000000001));
#2789 = CARTESIAN_POINT('',(-51.9361884772,-86.47822514676,
    16.200000000001));
#2790 = CARTESIAN_POINT('',(-51.89787452652,-86.45084787755,
    16.200000000001));
#2791 = CARTESIAN_POINT('',(-51.87892644648,-86.4368668929,
    16.200000000001));
#2792 = CARTESIAN_POINT('',(-51.86019262009,-86.42259738719,
    16.200000000001));
#2793 = CARTESIAN_POINT('',(-51.8416783126,-86.40804330785,
    16.200000000001));
#2794 = CARTESIAN_POINT('',(-51.82338869619,-86.3932087207,
    16.200000000001));
#2795 = CARTESIAN_POINT('',(-51.80532884993,-86.37809781,16.200000000001
    ));
#2796 = CARTESIAN_POINT('',(-51.77705456876,-86.35369729762,
    16.200000000001));
#2797 = CARTESIAN_POINT('',(-51.76668604802,-86.34458623916,
    16.200000000001));
#2798 = CARTESIAN_POINT('',(-51.75639920137,-86.33538256932,
    16.200000000001));
#2799 = CARTESIAN_POINT('',(-51.74619502061,-86.32608716753,
    16.200000000001));
#2800 = CARTESIAN_POINT('',(-51.73607448559,-86.31670092635,
    16.200000000001));
#2801 = CARTESIAN_POINT('',(-51.72603856416,-86.30722475151,
    16.200000000001));
#2802 = CARTESIAN_POINT('',(-51.56685804895,-86.15420586125,
    16.200000000001));
#2803 = CARTESIAN_POINT('',(-51.43679630886,-85.99065498087,16.2));
#2804 = CARTESIAN_POINT('',(-51.3293045521,-85.81020688655,
    16.200000000004));
#2805 = CARTESIAN_POINT('',(-51.24688542504,-85.61665345885,
    16.199999999997));
#2806 = CARTESIAN_POINT('',(-51.19128996026,-85.41410683013,
    16.200000000003));
#2807 = CARTESIAN_POINT('',(-51.16351743323,-85.20699904792,
    16.200000000001));
#2808 = CARTESIAN_POINT('',(-51.16351743323,-85.,16.200000000001));
#2809 = CONICAL_SURFACE('',#2810,3.,0.785398163397);
#2810 = AXIS2_PLACEMENT_3D('',#2811,#2812,#2813);
#2811 = CARTESIAN_POINT('',(-52.96351743323,-85.,15.));
#2812 = DIRECTION('',(-0.,-0.,-1.));
#2813 = DIRECTION('',(1.,0.,-0.));
#2814 = ADVANCED_FACE('',(#2815),#2834,.F.);
#2815 = FACE_BOUND('',#2816,.T.);
#2816 = EDGE_LOOP('',(#2817,#2818,#2826,#2833));
#2817 = ORIENTED_EDGE('',*,*,#283,.F.);
#2818 = ORIENTED_EDGE('',*,*,#2819,.T.);
#2819 = EDGE_CURVE('',#284,#2820,#2822,.T.);
#2820 = VERTEX_POINT('',#2821);
#2821 = CARTESIAN_POINT('',(-18.7,-83.,17.6));
#2822 = LINE('',#2823,#2824);
#2823 = CARTESIAN_POINT('',(-18.7,-83.,15.));
#2824 = VECTOR('',#2825,1.);
#2825 = DIRECTION('',(0.,0.,1.));
#2826 = ORIENTED_EDGE('',*,*,#2827,.F.);
#2827 = EDGE_CURVE('',#2820,#2820,#2828,.T.);
#2828 = CIRCLE('',#2829,1.8);
#2829 = AXIS2_PLACEMENT_3D('',#2830,#2831,#2832);
#2830 = CARTESIAN_POINT('',(-20.5,-83.,17.6));
#2831 = DIRECTION('',(0.,0.,-1.));
#2832 = DIRECTION('',(1.,0.,0.));
#2833 = ORIENTED_EDGE('',*,*,#2819,.F.);
#2834 = CYLINDRICAL_SURFACE('',#2835,1.8);
#2835 = AXIS2_PLACEMENT_3D('',#2836,#2837,#2838);
#2836 = CARTESIAN_POINT('',(-20.5,-83.,15.));
#2837 = DIRECTION('',(-0.,-0.,-1.));
#2838 = DIRECTION('',(1.,0.,0.));
#2839 = ADVANCED_FACE('',(#2840),#2859,.F.);
#2840 = FACE_BOUND('',#2841,.T.);
#2841 = EDGE_LOOP('',(#2842,#2843,#2851,#2858));
#2842 = ORIENTED_EDGE('',*,*,#294,.F.);
#2843 = ORIENTED_EDGE('',*,*,#2844,.T.);
#2844 = EDGE_CURVE('',#295,#2845,#2847,.T.);
#2845 = VERTEX_POINT('',#2846);
#2846 = CARTESIAN_POINT('',(-18.7,-63.,17.6));
#2847 = LINE('',#2848,#2849);
#2848 = CARTESIAN_POINT('',(-18.7,-63.,15.));
#2849 = VECTOR('',#2850,1.);
#2850 = DIRECTION('',(0.,0.,1.));
#2851 = ORIENTED_EDGE('',*,*,#2852,.F.);
#2852 = EDGE_CURVE('',#2845,#2845,#2853,.T.);
#2853 = CIRCLE('',#2854,1.8);
#2854 = AXIS2_PLACEMENT_3D('',#2855,#2856,#2857);
#2855 = CARTESIAN_POINT('',(-20.5,-63.,17.6));
#2856 = DIRECTION('',(0.,0.,-1.));
#2857 = DIRECTION('',(1.,0.,0.));
#2858 = ORIENTED_EDGE('',*,*,#2844,.F.);
#2859 = CYLINDRICAL_SURFACE('',#2860,1.8);
#2860 = AXIS2_PLACEMENT_3D('',#2861,#2862,#2863);
#2861 = CARTESIAN_POINT('',(-20.5,-63.,15.));
#2862 = DIRECTION('',(-0.,-0.,-1.));
#2863 = DIRECTION('',(1.,0.,0.));
#2864 = ADVANCED_FACE('',(#2865),#2884,.F.);
#2865 = FACE_BOUND('',#2866,.T.);
#2866 = EDGE_LOOP('',(#2867,#2868,#2876,#2883));
#2867 = ORIENTED_EDGE('',*,*,#305,.F.);
#2868 = ORIENTED_EDGE('',*,*,#2869,.T.);
#2869 = EDGE_CURVE('',#306,#2870,#2872,.T.);
#2870 = VERTEX_POINT('',#2871);
#2871 = CARTESIAN_POINT('',(22.3,-83.,17.6));
#2872 = LINE('',#2873,#2874);
#2873 = CARTESIAN_POINT('',(22.3,-83.,15.));
#2874 = VECTOR('',#2875,1.);
#2875 = DIRECTION('',(0.,0.,1.));
#2876 = ORIENTED_EDGE('',*,*,#2877,.F.);
#2877 = EDGE_CURVE('',#2870,#2870,#2878,.T.);
#2878 = CIRCLE('',#2879,1.8);
#2879 = AXIS2_PLACEMENT_3D('',#2880,#2881,#2882);
#2880 = CARTESIAN_POINT('',(20.5,-83.,17.6));
#2881 = DIRECTION('',(0.,0.,-1.));
#2882 = DIRECTION('',(1.,0.,0.));
#2883 = ORIENTED_EDGE('',*,*,#2869,.F.);
#2884 = CYLINDRICAL_SURFACE('',#2885,1.8);
#2885 = AXIS2_PLACEMENT_3D('',#2886,#2887,#2888);
#2886 = CARTESIAN_POINT('',(20.5,-83.,15.));
#2887 = DIRECTION('',(-0.,-0.,-1.));
#2888 = DIRECTION('',(1.,0.,0.));
#2889 = ADVANCED_FACE('',(#2890),#3272,.F.);
#2890 = FACE_BOUND('',#2891,.T.);
#2891 = EDGE_LOOP('',(#2892,#2899,#2900,#2901));
#2892 = ORIENTED_EDGE('',*,*,#2893,.F.);
#2893 = EDGE_CURVE('',#317,#2894,#2896,.T.);
#2894 = VERTEX_POINT('',#2895);
#2895 = CARTESIAN_POINT('',(31.8,-85.,16.2));
#2896 = B_SPLINE_CURVE_WITH_KNOTS('',1,(#2897,#2898),.UNSPECIFIED.,.F.,
  .F.,(2,2),(0.,1.),.PIECEWISE_BEZIER_KNOTS.);
#2897 = CARTESIAN_POINT('',(33.,-85.,15.));
#2898 = CARTESIAN_POINT('',(31.,-85.,17.));
#2899 = ORIENTED_EDGE('',*,*,#316,.T.);
#2900 = ORIENTED_EDGE('',*,*,#2893,.T.);
#2901 = ORIENTED_EDGE('',*,*,#2902,.T.);
#2902 = EDGE_CURVE('',#2894,#2894,#2903,.T.);
#2903 = B_SPLINE_CURVE_WITH_KNOTS('',7,(#2904,#2905,#2906,#2907,#2908,
    #2909,#2910,#2911,#2912,#2913,#2914,#2915,#2916,#2917,#2918,#2919,
    #2920,#2921,#2922,#2923,#2924,#2925,#2926,#2927,#2928,#2929,#2930,
    #2931,#2932,#2933,#2934,#2935,#2936,#2937,#2938,#2939,#2940,#2941,
    #2942,#2943,#2944,#2945,#2946,#2947,#2948,#2949,#2950,#2951,#2952,
    #2953,#2954,#2955,#2956,#2957,#2958,#2959,#2960,#2961,#2962,#2963,
    #2964,#2965,#2966,#2967,#2968,#2969,#2970,#2971,#2972,#2973,#2974,
    #2975,#2976,#2977,#2978,#2979,#2980,#2981,#2982,#2983,#2984,#2985,
    #2986,#2987,#2988,#2989,#2990,#2991,#2992,#2993,#2994,#2995,#2996,
    #2997,#2998,#2999,#3000,#3001,#3002,#3003,#3004,#3005,#3006,#3007,
    #3008,#3009,#3010,#3011,#3012,#3013,#3014,#3015,#3016,#3017,#3018,
    #3019,#3020,#3021,#3022,#3023,#3024,#3025,#3026,#3027,#3028,#3029,
    #3030,#3031,#3032,#3033,#3034,#3035,#3036,#3037,#3038,#3039,#3040,
    #3041,#3042,#3043,#3044,#3045,#3046,#3047,#3048,#3049,#3050,#3051,
    #3052,#3053,#3054,#3055,#3056,#3057,#3058,#3059,#3060,#3061,#3062,
    #3063,#3064,#3065,#3066,#3067,#3068,#3069,#3070,#3071,#3072,#3073,
    #3074,#3075,#3076,#3077,#3078,#3079,#3080,#3081,#3082,#3083,#3084,
    #3085,#3086,#3087,#3088,#3089,#3090,#3091,#3092,#3093,#3094,#3095,
    #3096,#3097,#3098,#3099,#3100,#3101,#3102,#3103,#3104,#3105,#3106,
    #3107,#3108,#3109,#3110,#3111,#3112,#3113,#3114,#3115,#3116,#3117,
    #3118,#3119,#3120,#3121,#3122,#3123,#3124,#3125,#3126,#3127,#3128,
    #3129,#3130,#3131,#3132,#3133,#3134,#3135,#3136,#3137,#3138,#3139,
    #3140,#3141,#3142,#3143,#3144,#3145,#3146,#3147,#3148,#3149,#3150,
    #3151,#3152,#3153,#3154,#3155,#3156,#3157,#3158,#3159,#3160,#3161,
    #3162,#3163,#3164,#3165,#3166,#3167,#3168,#3169,#3170,#3171,#3172,
    #3173,#3174,#3175,#3176,#3177,#3178,#3179,#3180,#3181,#3182,#3183,
    #3184,#3185,#3186,#3187,#3188,#3189,#3190,#3191,#3192,#3193,#3194,
    #3195,#3196,#3197,#3198,#3199,#3200,#3201,#3202,#3203,#3204,#3205,
    #3206,#3207,#3208,#3209,#3210,#3211,#3212,#3213,#3214,#3215,#3216,
    #3217,#3218,#3219,#3220,#3221,#3222,#3223,#3224,#3225,#3226,#3227,
    #3228,#3229,#3230,#3231,#3232,#3233,#3234,#3235,#3236,#3237,#3238,
    #3239,#3240,#3241,#3242,#3243,#3244,#3245,#3246,#3247,#3248,#3249,
    #3250,#3251,#3252,#3253,#3254,#3255,#3256,#3257,#3258,#3259,#3260,
    #3261,#3262,#3263,#3264,#3265,#3266,#3267,#3268,#3269,#3270,#3271),
  .UNSPECIFIED.,.T.,.F.,(8,6,6,6,6,6,6,6,6,6,6,6,6,6,6,6,6,6,6,6,6,6,6,6
    ,6,6,6,6,6,6,6,6,6,6,6,6,6,6,6,6,6,6,6,6,6,6,6,6,6,6,6,6,6,6,6,6,6,6
    ,6,6,6,8),(0.,1.909570810262E-02,3.366888930196E-02,
    4.82420705013E-02,6.281525170064E-02,7.738843289999E-02,
    9.196161409933E-02,0.106534795299,0.121107976498,0.135681157697,
    0.150254338897,0.164827520096,0.179400701295,0.193973882495,
    0.208547063694,0.223120244894,0.237693426093,0.252266607292,
    0.266839788492,0.281412969691,0.29598615089,0.31055933209,
    0.325132513289,0.339705694488,0.354278875688,0.368852056887,
    0.383425238087,0.397998419286,0.412571600485,0.427144781685,
    0.441717962884,0.456291144083,0.470864325283,0.485437506482,
    0.500010687681,0.514583868881,0.52915705008,0.543227707845,
    0.557800889045,0.572374070244,0.586947251444,0.601520432643,
    0.616093613842,0.630666795042,0.645239976241,0.659813157441,
    0.67438633864,0.688959519839,0.703532701039,0.718105882238,
    0.732679063438,0.747252244637,0.761825425836,0.776398607036,
    0.790469264801,0.805042446,0.8196156272,0.834188808399,
    0.848761989598,0.863335170798,0.871878070349,1.),.UNSPECIFIED.);
#2904 = CARTESIAN_POINT('',(31.8,-85.,16.2));
#2905 = CARTESIAN_POINT('',(31.8,-84.96914661141,16.2));
#2906 = CARTESIAN_POINT('',(31.799383037315,-84.93829446016,16.2));
#2907 = CARTESIAN_POINT('',(31.798149130623,-84.9074575848,
    16.200000000001));
#2908 = CARTESIAN_POINT('',(31.796298736469,-84.8766502924,
    16.200000000001));
#2909 = CARTESIAN_POINT('',(31.793832749267,-84.84588715862,
    16.200000000001));
#2910 = CARTESIAN_POINT('',(31.790752501293,-84.81518302763,
    16.200000000001));
#2911 = CARTESIAN_POINT('',(31.784241592852,-84.76117724824,
    16.200000000001));
#2912 = CARTESIAN_POINT('',(31.781066692808,-84.73784448846,
    16.200000000001));
#2913 = CARTESIAN_POINT('',(31.777535850983,-84.71456127132,
    16.200000000001));
#2914 = CARTESIAN_POINT('',(31.773650004362,-84.69133411043,
    16.200000000001));
#2915 = CARTESIAN_POINT('',(31.769410238498,-84.66816949453,
    16.200000000001));
#2916 = CARTESIAN_POINT('',(31.764817787509,-84.64507388752,
    16.200000000001));
#2917 = CARTESIAN_POINT('',(31.75493028065,-84.59903356938,
    16.200000000001));
#2918 = CARTESIAN_POINT('',(31.749635223517,-84.57608885236,
    16.200000000001));
#2919 = CARTESIAN_POINT('',(31.743990245649,-84.55322601638,
    16.200000000001));
#2920 = CARTESIAN_POINT('',(31.737996875686,-84.53045146208,
    16.200000000001));
#2921 = CARTESIAN_POINT('',(31.731656787939,-84.50777155177,16.2));
#2922 = CARTESIAN_POINT('',(31.724971802389,-84.48519260943,
    16.200000000001));
#2923 = CARTESIAN_POINT('',(31.710915966993,-84.44024923196,
    16.200000000001));
#2924 = CARTESIAN_POINT('',(31.70354511535,-84.4178847911,
    16.200000000001));
#2925 = CARTESIAN_POINT('',(31.695833295693,-84.39563388366,
    16.200000000001));
#2926 = CARTESIAN_POINT('',(31.687782615509,-84.37350274371,
    16.200000000001));
#2927 = CARTESIAN_POINT('',(31.67939532384,-84.3514975538,
    16.200000000001));
#2928 = CARTESIAN_POINT('',(31.670673811284,-84.32962444502,
    16.200000000001));
#2929 = CARTESIAN_POINT('',(31.652567408705,-84.28615454886,
    16.200000000001));
#2930 = CARTESIAN_POINT('',(31.643182516368,-84.26455775593,
    16.200000000001));
#2931 = CARTESIAN_POINT('',(31.633468465407,-84.24310519761,
    16.200000000001));
#2932 = CARTESIAN_POINT('',(31.623427924498,-84.22180288916,
    16.200000000001));
#2933 = CARTESIAN_POINT('',(31.613063698572,-84.20065678159,
    16.200000000001));
#2934 = CARTESIAN_POINT('',(31.602378728813,-84.17967276171,16.2));
#2935 = CARTESIAN_POINT('',(31.580373456509,-84.13804054249,16.2));
#2936 = CARTESIAN_POINT('',(31.569053151153,-84.11739233783,16.2));
#2937 = CARTESIAN_POINT('',(31.55741825429,-84.09691786056,16.2));
#2938 = CARTESIAN_POINT('',(31.545471973426,-84.07662285673,16.2));
#2939 = CARTESIAN_POINT('',(31.533217645882,-84.05651299594,16.2));
#2940 = CARTESIAN_POINT('',(31.520658738787,-84.03659387142,16.2));
#2941 = CARTESIAN_POINT('',(31.494938959384,-83.99714812851,16.2));
#2942 = CARTESIAN_POINT('',(31.481778083788,-83.97762150508,16.2));
#2943 = CARTESIAN_POINT('',(31.468319819484,-83.95829664632,16.2));
#2944 = CARTESIAN_POINT('',(31.454567885938,-83.9391789809,16.2));
#2945 = CARTESIAN_POINT('',(31.440526124898,-83.92027384955,16.2));
#2946 = CARTESIAN_POINT('',(31.426198500391,-83.90158650504,16.2));
#2947 = CARTESIAN_POINT('',(31.396979697065,-83.86465771927,16.2));
#2948 = CARTESIAN_POINT('',(31.382088514511,-83.84641627329,16.2));
#2949 = CARTESIAN_POINT('',(31.366919637605,-83.82840293885,16.2));
#2950 = CARTESIAN_POINT('',(31.351477266609,-83.81062278179,16.2));
#2951 = CARTESIAN_POINT('',(31.335765715511,-83.79308076918,16.2));
#2952 = CARTESIAN_POINT('',(31.319789412028,-83.77578176932,16.2));
#2953 = CARTESIAN_POINT('',(31.287316383169,-83.74167933417,16.2));
#2954 = CARTESIAN_POINT('',(31.270819653645,-83.72487589452,16.2));
#2955 = CARTESIAN_POINT('',(31.254067250677,-83.70832500212,16.2));
#2956 = CARTESIAN_POINT('',(31.237063820136,-83.69203131755,16.2));
#2957 = CARTESIAN_POINT('',(31.219814112107,-83.67599939261,16.2));
#2958 = CARTESIAN_POINT('',(31.202322980897,-83.66023367036,16.2));
#2959 = CARTESIAN_POINT('',(31.16686778916,-83.62924329983,16.2));
#2960 = CARTESIAN_POINT('',(31.148903724104,-83.6140186476,16.2));
#2961 = CARTESIAN_POINT('',(31.130708148574,-83.59906886246,16.2));
#2962 = CARTESIAN_POINT('',(31.112286115123,-83.58439816068,16.2));
#2963 = CARTESIAN_POINT('',(31.093642770139,-83.57001064067,16.2));
#2964 = CARTESIAN_POINT('',(31.074783353849,-83.55591028301,16.2));
#2965 = CARTESIAN_POINT('',(31.036643046782,-83.52829161788,16.2));
#2966 = CARTESIAN_POINT('',(31.017362151132,-83.51477330689,16.2));
#2967 = CARTESIAN_POINT('',(30.9978758476,-83.50154987999,16.2));
#2968 = CARTESIAN_POINT('',(30.978189553088,-83.48862507378,16.2));
#2969 = CARTESIAN_POINT('',(30.958308767171,-83.47600249894,16.2));
#2970 = CARTESIAN_POINT('',(30.938239072092,-83.46368564023,16.2));
#2971 = CARTESIAN_POINT('',(30.897733193437,-83.43967007276,16.2));
#2972 = CARTESIAN_POINT('',(30.877297004686,-83.42797136093,16.2));
#2973 = CARTESIAN_POINT('',(30.856683231574,-83.41658507961,16.2));
#2974 = CARTESIAN_POINT('',(30.835897609971,-83.40551445444,16.2));
#2975 = CARTESIAN_POINT('',(30.81494594656,-83.3947625781,16.2));
#2976 = CARTESIAN_POINT('',(30.793834118835,-83.38433241036,16.2));
#2977 = CARTESIAN_POINT('',(30.751302031357,-83.36412114565,16.2));
#2978 = CARTESIAN_POINT('',(30.729881766172,-83.3543400461,16.2));
#2979 = CARTESIAN_POINT('',(30.708313227967,-83.34488630588,16.2));
#2980 = CARTESIAN_POINT('',(30.686602423527,-83.33576261267,16.2));
#2981 = CARTESIAN_POINT('',(30.664755417994,-83.32697151527,16.2));
#2982 = CARTESIAN_POINT('',(30.642778334867,-83.3185154236,16.2));
#2983 = CARTESIAN_POINT('',(30.598576377136,-83.30227779387,16.2));
#2984 = CARTESIAN_POINT('',(30.576351496885,-83.29449625374,16.2));
#2985 = CARTESIAN_POINT('',(30.554008897205,-83.28705425912,16.2));
#2986 = CARTESIAN_POINT('',(30.531554805467,-83.2799539372,16.2));
#2987 = CARTESIAN_POINT('',(30.508995494458,-83.27319727152,16.2));
#2988 = CARTESIAN_POINT('',(30.486337282381,-83.266786102,16.2));
#2989 = CARTESIAN_POINT('',(30.440835783324,-83.25465814793,16.2));
#2990 = CARTESIAN_POINT('',(30.417992490531,-83.24894136182,16.2));
#2991 = CARTESIAN_POINT('',(30.395063018165,-83.24357346267,16.2));
#2992 = CARTESIAN_POINT('',(30.372053762012,-83.23855599932,16.2));
#2993 = CARTESIAN_POINT('',(30.348971149949,-83.23389037345,16.2));
#2994 = CARTESIAN_POINT('',(30.325821641947,-83.22957783959,16.2));
#2995 = CARTESIAN_POINT('',(30.279401818193,-83.22166117052,16.2));
#2996 = CARTESIAN_POINT('',(30.25613149651,-83.21805703431,16.2));
#2997 = CARTESIAN_POINT('',(30.232807257134,-83.21480820347,16.2));
#2998 = CARTESIAN_POINT('',(30.209435610677,-83.21191563556,16.2));
#2999 = CARTESIAN_POINT('',(30.186023086257,-83.20938013865,16.2));
#3000 = CARTESIAN_POINT('',(30.162576231489,-83.20720237132,16.2));
#3001 = CARTESIAN_POINT('',(30.115626993495,-83.203563314,16.2));
#3002 = CARTESIAN_POINT('',(30.09212460427,-83.20210202354,16.2));
#3003 = CARTESIAN_POINT('',(30.068601010959,-83.20099948008,16.2));
#3004 = CARTESIAN_POINT('',(30.045062784458,-83.20025604187,16.2));
#3005 = CARTESIAN_POINT('',(30.021516500418,-83.19987191659,16.2));
#3006 = CARTESIAN_POINT('',(29.997968739246,-83.19984716137,16.2));
#3007 = CARTESIAN_POINT('',(29.950883432959,-83.20051620422,16.2));
#3008 = CARTESIAN_POINT('',(29.927345881829,-83.20121000237,16.2));
#3009 = CARTESIAN_POINT('',(29.90382001787,-83.20226298352,16.2));
#3010 = CARTESIAN_POINT('',(29.880312417209,-83.20367490362,16.2));
#3011 = CARTESIAN_POINT('',(29.856829646941,-83.20544536821,16.2));
#3012 = CARTESIAN_POINT('',(29.833378265131,-83.20757383251,16.2));
#3013 = CARTESIAN_POINT('',(29.786551376496,-83.21254537021,16.2));
#3014 = CARTESIAN_POINT('',(29.763175863686,-83.21538844425,16.2));
#3015 = CARTESIAN_POINT('',(29.73984483139,-83.21858812802,16.2));
#3016 = CARTESIAN_POINT('',(29.716564805866,-83.2221435772,16.2));
#3017 = CARTESIAN_POINT('',(29.693342290637,-83.22605379852,16.2));
#3018 = CARTESIAN_POINT('',(29.67018376648,-83.23031764982,16.2));
#3019 = CARTESIAN_POINT('',(29.624007616386,-83.23955003028,16.2));
#3020 = CARTESIAN_POINT('',(29.600989984549,-83.24451856061,16.2));
#3021 = CARTESIAN_POINT('',(29.578049253902,-83.2498381397,16.2));
#3022 = CARTESIAN_POINT('',(29.555191846165,-83.25550733001,16.2));
#3023 = CARTESIAN_POINT('',(29.532424146794,-83.26152454778,16.2));
#3024 = CARTESIAN_POINT('',(29.509752504987,-83.26788806307,16.2));
#3025 = CARTESIAN_POINT('',(29.464613962365,-83.28130393637,16.2));
#3026 = CARTESIAN_POINT('',(29.442147055785,-83.2883562961,16.2));
#3027 = CARTESIAN_POINT('',(29.419788826787,-83.29575120248,16.2));
#3028 = CARTESIAN_POINT('',(29.397545538745,-83.30348663681,16.2));
#3029 = CARTESIAN_POINT('',(29.375423405555,-83.31156043811,16.2));
#3030 = CARTESIAN_POINT('',(29.353428591638,-83.31997030314,16.2));
#3031 = CARTESIAN_POINT('',(29.30970583223,-83.33745726961,16.2));
#3032 = CARTESIAN_POINT('',(29.287977881153,-83.34653437328,16.2));
#3033 = CARTESIAN_POINT('',(29.266389473537,-83.3559426516,16.2));
#3034 = CARTESIAN_POINT('',(29.244946661936,-83.36567952162,16.2));
#3035 = CARTESIAN_POINT('',(29.223655436625,-83.37574226325,16.2));
#3036 = CARTESIAN_POINT('',(29.202521725601,-83.38612801924,16.2));
#3037 = CARTESIAN_POINT('',(29.160581063557,-83.40753957111,16.2));
#3038 = CARTESIAN_POINT('',(29.139774107179,-83.41856536974,16.2));
#3039 = CARTESIAN_POINT('',(29.11913639103,-83.42990819639,16.2));
#3040 = CARTESIAN_POINT('',(29.098673706135,-83.44156492552,16.2));
#3041 = CARTESIAN_POINT('',(29.078391768961,-83.45353230071,16.2));
#3042 = CARTESIAN_POINT('',(29.058296221415,-83.46580693463,16.2));
#3043 = CARTESIAN_POINT('',(29.018489040275,-83.49096368355,16.2));
#3044 = CARTESIAN_POINT('',(28.998777401595,-83.50384580176,16.2));
#3045 = CARTESIAN_POINT('',(28.979263281999,-83.51702814528,16.2));
#3046 = CARTESIAN_POINT('',(28.959952162465,-83.53050707215,16.2));
#3047 = CARTESIAN_POINT('',(28.940849437757,-83.54427881688,16.2));
#3048 = CARTESIAN_POINT('',(28.921960416426,-83.55833949049,16.2));
#3049 = CARTESIAN_POINT('',(28.88462022519,-83.5870306704,16.2));
#3050 = CARTESIAN_POINT('',(28.866169050514,-83.60166118038,16.2));
#3051 = CARTESIAN_POINT('',(28.847942018939,-83.61657259763,16.2));
#3052 = CARTESIAN_POINT('',(28.829944255477,-83.63176079428,16.2));
#3053 = CARTESIAN_POINT('',(28.812180787992,-83.64722152735,16.2));
#3054 = CARTESIAN_POINT('',(28.794656547202,-83.66295043875,16.2));
#3055 = CARTESIAN_POINT('',(28.760096186153,-83.69493567176,16.2));
#3056 = CARTESIAN_POINT('',(28.743060061479,-83.71119199746,16.2));
#3057 = CARTESIAN_POINT('',(28.726272826027,-83.72770755891,16.2));
#3058 = CARTESIAN_POINT('',(28.709739205904,-83.74447777694,16.2));
#3059 = CARTESIAN_POINT('',(28.693463819952,-83.76149796662,
    16.200000000001));
#3060 = CARTESIAN_POINT('',(28.677451179746,-83.77876333724,16.2));
#3061 = CARTESIAN_POINT('',(28.64596019944,-83.81377464749,16.2));
#3062 = CARTESIAN_POINT('',(28.630481855317,-83.8315205916,16.2));
#3063 = CARTESIAN_POINT('',(28.615275061318,-83.84950192805,16.2));
#3064 = CARTESIAN_POINT('',(28.600344105047,-83.86771366471,16.2));
#3065 = CARTESIAN_POINT('',(28.585693157625,-83.88615071393,16.2));
#3066 = CARTESIAN_POINT('',(28.571326273686,-83.90480789257,16.2));
#3067 = CARTESIAN_POINT('',(28.543168509066,-83.94255195142,16.2));
#3068 = CARTESIAN_POINT('',(28.529377624787,-83.96163883644,16.2));
#3069 = CARTESIAN_POINT('',(28.515878676455,-83.98093529825,16.2));
#3070 = CARTESIAN_POINT('',(28.502675477251,-84.00043597357,16.2));
#3071 = CARTESIAN_POINT('',(28.48977171563,-84.02013541468,16.2));
#3072 = CARTESIAN_POINT('',(28.477170955312,-84.04002808943,16.2));
#3073 = CARTESIAN_POINT('',(28.452582315267,-84.08018867293,16.2));
#3074 = CARTESIAN_POINT('',(28.440594432398,-84.10045658682,16.2));
#3075 = CARTESIAN_POINT('',(28.428916425426,-84.12090650607,16.2));
#3076 = CARTESIAN_POINT('',(28.417551601164,-84.14153274123,16.2));
#3077 = CARTESIAN_POINT('',(28.406503134496,-84.16232953013,16.2));
#3078 = CARTESIAN_POINT('',(28.395774068374,-84.18329103793,
    16.200000000001));
#3079 = CARTESIAN_POINT('',(28.374960559271,-84.22553167624,
    16.200000000001));
#3080 = CARTESIAN_POINT('',(28.36487611363,-84.24681081216,
    16.200000000001));
#3081 = CARTESIAN_POINT('',(28.355116887662,-84.26824285715,
    16.200000000001));
#3082 = CARTESIAN_POINT('',(28.345685654106,-84.28982184325,
    16.200000000001));
#3083 = CARTESIAN_POINT('',(28.336585047675,-84.31154174212,
    16.200000000001));
#3084 = CARTESIAN_POINT('',(28.327817565061,-84.33339646512,
    16.200000000001));
#3085 = CARTESIAN_POINT('',(28.310953564798,-84.37736326148,
    16.200000000001));
#3086 = CARTESIAN_POINT('',(28.302857044994,-84.39947534044,
    16.200000000001));
#3087 = CARTESIAN_POINT('',(28.295098363913,-84.42170995112,
    16.200000000001));
#3088 = CARTESIAN_POINT('',(28.287679736989,-84.444060897,
    16.200000000001));
#3089 = CARTESIAN_POINT('',(28.280603236691,-84.46652193411,
    16.200000000001));
#3090 = CARTESIAN_POINT('',(28.273870792531,-84.48908677102,
    16.200000000001));
#3091 = CARTESIAN_POINT('',(28.261097589582,-84.53441136669,
    16.200000000001));
#3092 = CARTESIAN_POINT('',(28.255056829161,-84.55717113124,
    16.200000000001));
#3093 = CARTESIAN_POINT('',(28.249363696061,-84.58002202357,
    16.200000000001));
#3094 = CARTESIAN_POINT('',(28.244019829851,-84.60295767052,
    16.200000000001));
#3095 = CARTESIAN_POINT('',(28.239026723394,-84.62597166479,
    16.200000000001));
#3096 = CARTESIAN_POINT('',(28.234385722856,-84.64905756488,
    16.200000000001));
#3097 = CARTESIAN_POINT('',(28.225810332538,-84.69536022536,
    16.200000000001));
#3098 = CARTESIAN_POINT('',(28.221875941663,-84.71857699166,
    16.200000000001));
#3099 = CARTESIAN_POINT('',(28.218296054249,-84.74185271829,
    16.200000000001));
#3100 = CARTESIAN_POINT('',(28.215071720259,-84.76518090891,
    16.200000000001));
#3101 = CARTESIAN_POINT('',(28.212203840446,-84.78855504654,
    16.200000000001));
#3102 = CARTESIAN_POINT('',(28.209693166349,-84.81196859357,
    16.200000000001));
#3103 = CARTESIAN_POINT('',(28.205387434238,-84.85886139,16.200000000001
    ));
#3104 = CARTESIAN_POINT('',(28.203592375675,-84.8823406454,
    16.200000000001));
#3105 = CARTESIAN_POINT('',(28.202155726641,-84.90584619972,
    16.200000000001));
#3106 = CARTESIAN_POINT('',(28.201077938702,-84.92937148782,
    16.200000000001));
#3107 = CARTESIAN_POINT('',(28.200359312949,-84.95290993767,
    16.200000000001));
#3108 = CARTESIAN_POINT('',(28.2,-84.97645497034,16.200000000001));
#3109 = CARTESIAN_POINT('',(28.2,-85.02354502965,16.200000000001));
#3110 = CARTESIAN_POINT('',(28.200359312949,-85.04709006232,
    16.200000000001));
#3111 = CARTESIAN_POINT('',(28.201077938702,-85.07062851217,
    16.200000000001));
#3112 = CARTESIAN_POINT('',(28.202155726641,-85.09415380027,
    16.200000000001));
#3113 = CARTESIAN_POINT('',(28.203592375675,-85.11765935459,
    16.200000000001));
#3114 = CARTESIAN_POINT('',(28.205387434238,-85.14113860999,
    16.200000000001));
#3115 = CARTESIAN_POINT('',(28.209693166349,-85.18803140642,
    16.200000000001));
#3116 = CARTESIAN_POINT('',(28.212203840446,-85.21144495345,
    16.200000000001));
#3117 = CARTESIAN_POINT('',(28.215071720259,-85.23481909108,
    16.200000000001));
#3118 = CARTESIAN_POINT('',(28.218296054249,-85.2581472817,
    16.200000000001));
#3119 = CARTESIAN_POINT('',(28.221875941663,-85.28142300833,
    16.200000000001));
#3120 = CARTESIAN_POINT('',(28.225810332538,-85.30463977463,
    16.200000000001));
#3121 = CARTESIAN_POINT('',(28.234237871315,-85.35014411347,
    16.200000000001));
#3122 = CARTESIAN_POINT('',(28.238707074467,-85.37243612627,
    16.200000000001));
#3123 = CARTESIAN_POINT('',(28.243504557623,-85.394661315,
    16.200000000001));
#3124 = CARTESIAN_POINT('',(28.248629113713,-85.4168138809,
    16.200000000001));
#3125 = CARTESIAN_POINT('',(28.254079408133,-85.43888805472,
    16.200000000001));
#3126 = CARTESIAN_POINT('',(28.259853978744,-85.46087809668,
    16.200000000001));
#3127 = CARTESIAN_POINT('',(28.272266252153,-85.50546064631,
    16.200000000001));
#3128 = CARTESIAN_POINT('',(28.278927417119,-85.52804662759,
    16.200000000001));
#3129 = CARTESIAN_POINT('',(28.285932964242,-85.5505298959,
    16.200000000001));
#3130 = CARTESIAN_POINT('',(28.293280983886,-85.57290415375,
    16.200000000001));
#3131 = CARTESIAN_POINT('',(28.300969423305,-85.59516315067,
    16.200000000001));
#3132 = CARTESIAN_POINT('',(28.308996086642,-85.61730068316,
    16.200000000001));
#3133 = CARTESIAN_POINT('',(28.325721183213,-85.66132050632,
    16.200000000001));
#3134 = CARTESIAN_POINT('',(28.334419618585,-85.68320280261,
    16.200000000001));
#3135 = CARTESIAN_POINT('',(28.343451601802,-85.70495132724,
    16.200000000001));
#3136 = CARTESIAN_POINT('',(28.352814655412,-85.72655998371,
    16.200000000001));
#3137 = CARTESIAN_POINT('',(28.362506163747,-85.74802273541,
    16.200000000001));
#3138 = CARTESIAN_POINT('',(28.372523372925,-85.76933360562,
    16.200000000001));
#3139 = CARTESIAN_POINT('',(28.393203408777,-85.81163974943,
    16.200000000001));
#3140 = CARTESIAN_POINT('',(28.403866238093,-85.83263502842,
    16.200000000001));
#3141 = CARTESIAN_POINT('',(28.414848986443,-85.8534665978,
    16.200000000001));
#3142 = CARTESIAN_POINT('',(28.426148629312,-85.87412861315,
    16.200000000001));
#3143 = CARTESIAN_POINT('',(28.437762010025,-85.89461530231,
    16.200000000001));
#3144 = CARTESIAN_POINT('',(28.44968583975,-85.91492096541,
    16.200000000001));
#3145 = CARTESIAN_POINT('',(28.474147555238,-85.95515898427,
    16.200000000001));
#3146 = CARTESIAN_POINT('',(28.486685444127,-85.97509134517,
    16.200000000001));
#3147 = CARTESIAN_POINT('',(28.49952694292,-85.9948314301,
    16.200000000001));
#3148 = CARTESIAN_POINT('',(28.51266850538,-86.01437369567,
    16.200000000001));
#3149 = CARTESIAN_POINT('',(28.526106460275,-86.03371268252,
    16.200000000001));
#3150 = CARTESIAN_POINT('',(28.539837011372,-86.05284301539,
    16.200000000001));
#3151 = CARTESIAN_POINT('',(28.567875463518,-86.0906757907,
    16.200000000001));
#3152 = CARTESIAN_POINT('',(28.582183368149,-86.10937823798,
    16.200000000001));
#3153 = CARTESIAN_POINT('',(28.596776029877,-86.12786145382,
    16.200000000001));
#3154 = CARTESIAN_POINT('',(28.611649410454,-86.14612024232,
    16.200000000001));
#3155 = CARTESIAN_POINT('',(28.626799354846,-86.16414950268,
    16.200000000001));
#3156 = CARTESIAN_POINT('',(28.642221591228,-86.18194422926,
    16.200000000001));
#3157 = CARTESIAN_POINT('',(28.673601870755,-86.21705479381,
    16.200000000001));
#3158 = CARTESIAN_POINT('',(28.689559917909,-86.23437063627,
    16.200000000001));
#3159 = CARTESIAN_POINT('',(28.705781483627,-86.25144212859,
    16.200000000001));
#3160 = CARTESIAN_POINT('',(28.722262071481,-86.26826446586,
    16.200000000001));
#3161 = CARTESIAN_POINT('',(28.738997077448,-86.28483294858,
    16.200000000001));
#3162 = CARTESIAN_POINT('',(28.7559817899,-86.30114298267,
    16.200000000001));
#3163 = CARTESIAN_POINT('',(28.79044098933,-86.33323717624,
    16.200000000001));
#3164 = CARTESIAN_POINT('',(28.807915480709,-86.34902133983,
    16.200000000001));
#3165 = CARTESIAN_POINT('',(28.82563004433,-86.36453808176,
    16.200000000001));
#3166 = CARTESIAN_POINT('',(28.84357976326,-86.37978302838,
    16.200000000001));
#3167 = CARTESIAN_POINT('',(28.861759623057,-86.39475192086,
    16.200000000001));
#3168 = CARTESIAN_POINT('',(28.880164511766,-86.40944061517,
    16.200000000001));
#3169 = CARTESIAN_POINT('',(28.917413928085,-86.43824954904,
    16.200000000001));
#3170 = CARTESIAN_POINT('',(28.936258460454,-86.45236979227,
    16.200000000001));
#3171 = CARTESIAN_POINT('',(28.95531760739,-86.46620178281,
    16.200000000001));
#3172 = CARTESIAN_POINT('',(28.974586072651,-86.47974161492,
    16.200000000001));
#3173 = CARTESIAN_POINT('',(28.994058473386,-86.49298550612,
    16.200000000001));
#3174 = CARTESIAN_POINT('',(29.013729340143,-86.50592979714,
    16.200000000001));
#3175 = CARTESIAN_POINT('',(29.053456893591,-86.53121210683,
    16.200000000001));
#3176 = CARTESIAN_POINT('',(29.073513585357,-86.54355012874,
    16.200000000001));
#3177 = CARTESIAN_POINT('',(29.093757635952,-86.55558148194,
    16.200000000001));
#3178 = CARTESIAN_POINT('',(29.114183414193,-86.56730276132,
    16.200000000001));
#3179 = CARTESIAN_POINT('',(29.134785213924,-86.57871069243,
    16.200000000001));
#3180 = CARTESIAN_POINT('',(29.155557254016,-86.58980213145,
    16.200000000001));
#3181 = CARTESIAN_POINT('',(29.197430102722,-86.61134599897,
    16.200000000001));
#3182 = CARTESIAN_POINT('',(29.218530916686,-86.62179843022,
    16.200000000001));
#3183 = CARTESIAN_POINT('',(29.239790264029,-86.63192834606,
    16.200000000001));
#3184 = CARTESIAN_POINT('',(29.261202225804,-86.64173287053,
    16.200000000001));
#3185 = CARTESIAN_POINT('',(29.282760820356,-86.65120926464,
    16.200000000001));
#3186 = CARTESIAN_POINT('',(29.304460003316,-86.66035492634,
    16.200000000001));
#3187 = CARTESIAN_POINT('',(29.348127331888,-86.67797985476,
    16.200000000001));
#3188 = CARTESIAN_POINT('',(29.37009548308,-86.68645912373,
    16.200000000001));
#3189 = CARTESIAN_POINT('',(29.392192013989,-86.69460273264,
    16.200000000001));
#3190 = CARTESIAN_POINT('',(29.414410767497,-86.7024083588,
    16.200000000001));
#3191 = CARTESIAN_POINT('',(29.436745536563,-86.70987382162,
    16.200000000001));
#3192 = CARTESIAN_POINT('',(29.459190064217,-86.71699708263,
    16.200000000001));
#3193 = CARTESIAN_POINT('',(29.504286022911,-86.73055540834,
    16.200000000001));
#3194 = CARTESIAN_POINT('',(29.526937459712,-86.73699047476,
    16.200000000001));
#3195 = CARTESIAN_POINT('',(29.549686046988,-86.74307954869,
    16.200000000001));
#3196 = CARTESIAN_POINT('',(29.572525441036,-86.74882088013,
    16.200000000001));
#3197 = CARTESIAN_POINT('',(29.595449261432,-86.75421286518,
    16.200000000001));
#3198 = CARTESIAN_POINT('',(29.618451091027,-86.75925404603,
    16.200000000001));
#3199 = CARTESIAN_POINT('',(29.664597860874,-86.76863217586,
    16.200000000001));
#3200 = CARTESIAN_POINT('',(29.687742807022,-86.77296912604,
    16.200000000001));
#3201 = CARTESIAN_POINT('',(29.710952860466,-86.77695265003,
    16.200000000001));
#3202 = CARTESIAN_POINT('',(29.734221544066,-86.78058158524,
    16.200000000001));
#3203 = CARTESIAN_POINT('',(29.75754235747,-86.78385491787,
    16.200000000001));
#3204 = CARTESIAN_POINT('',(29.780908777114,-86.78677178298,
    16.200000000001));
#3205 = CARTESIAN_POINT('',(29.827719735335,-86.79189114592,
    16.200000000001));
#3206 = CARTESIAN_POINT('',(29.851164279893,-86.7940936444,
    16.200000000001));
#3207 = CARTESIAN_POINT('',(29.874641343091,-86.79593824406,
    16.200000000001));
#3208 = CARTESIAN_POINT('',(29.898144368618,-86.79742437941,
    16.200000000001));
#3209 = CARTESIAN_POINT('',(29.921666790656,-86.79855163528,
    16.200000000001));
#3210 = CARTESIAN_POINT('',(29.945202033882,-86.79931974683,
    16.200000000001));
#3211 = CARTESIAN_POINT('',(29.992284993052,-86.80013745227,
    16.200000000001));
#3212 = CARTESIAN_POINT('',(30.015832715012,-86.80018704628,
    16.200000000001));
#3213 = CARTESIAN_POINT('',(30.039380094512,-86.79987726734,
    16.200000000001));
#3214 = CARTESIAN_POINT('',(30.062920551,-86.79920815183,16.200000000001
    ));
#3215 = CARTESIAN_POINT('',(30.086447508199,-86.79817988665,
    16.200000000001));
#3216 = CARTESIAN_POINT('',(30.109954394116,-86.79679280932,
    16.200000000001));
#3217 = CARTESIAN_POINT('',(30.156914887957,-86.79330200645,
    16.200000000001));
#3218 = CARTESIAN_POINT('',(30.18036850188,-86.79119828047,
    16.200000000001));
#3219 = CARTESIAN_POINT('',(30.203788915114,-86.78873671831,
    16.200000000001));
#3220 = CARTESIAN_POINT('',(30.227169577993,-86.78591795785,
    16.200000000001));
#3221 = CARTESIAN_POINT('',(30.250503958885,-86.78274278656,
    16.200000000001));
#3222 = CARTESIAN_POINT('',(30.273785544184,-86.77921214143,
    16.200000000001));
#3223 = CARTESIAN_POINT('',(30.31942936377,-86.7715760432,
    16.200000000001));
#3224 = CARTESIAN_POINT('',(30.341795621859,-86.76749460835,
    16.200000000001));
#3225 = CARTESIAN_POINT('',(30.364100766449,-86.76308378261,
    16.200000000001));
#3226 = CARTESIAN_POINT('',(30.386338978687,-86.75834467218,
    16.200000000001));
#3227 = CARTESIAN_POINT('',(30.408504467008,-86.75327851128,
    16.200000000001));
#3228 = CARTESIAN_POINT('',(30.43059146713,-86.74788666215,
    16.200000000001));
#3229 = CARTESIAN_POINT('',(30.475382830276,-86.73625042349,
    16.200000000001));
#3230 = CARTESIAN_POINT('',(30.498081075316,-86.72998246201,
    16.200000000001));
#3231 = CARTESIAN_POINT('',(30.520682602969,-86.72336838671,
    16.200000000001));
#3232 = CARTESIAN_POINT('',(30.543181083541,-86.71640999759,
    16.200000000001));
#3233 = CARTESIAN_POINT('',(30.565570231845,-86.70910923855,
    16.200000000001));
#3234 = CARTESIAN_POINT('',(30.587843807201,-86.70146819739,
    16.200000000001));
#3235 = CARTESIAN_POINT('',(30.63214741967,-86.68551001427,
    16.200000000001));
#3236 = CARTESIAN_POINT('',(30.654177462445,-86.67719287027,
    16.200000000001));
#3237 = CARTESIAN_POINT('',(30.676079545685,-86.6685399058,
    16.200000000001));
#3238 = CARTESIAN_POINT('',(30.697847530797,-86.65955349209,
    16.200000000001));
#3239 = CARTESIAN_POINT('',(30.719475336663,-86.65023613958,
    16.200000000001));
#3240 = CARTESIAN_POINT('',(30.740956939647,-86.64059049796,
    16.200000000001));
#3241 = CARTESIAN_POINT('',(30.783615807538,-86.62064821432,
    16.200000000001));
#3242 = CARTESIAN_POINT('',(30.804793077895,-86.61035156976,
    16.200000000001));
#3243 = CARTESIAN_POINT('',(30.825812218628,-86.59973221162,
    16.200000000001));
#3244 = CARTESIAN_POINT('',(30.846667333673,-86.58879306249,
    16.200000000001));
#3245 = CARTESIAN_POINT('',(30.867352596934,-86.57753717834,
    16.200000000001));
#3246 = CARTESIAN_POINT('',(30.887862252283,-86.56596774851,
    16.200000000001));
#3247 = CARTESIAN_POINT('',(30.928518974846,-86.54220844303,
    16.200000000001));
#3248 = CARTESIAN_POINT('',(30.948666047254,-86.53001856434,
    16.200000000001));
#3249 = CARTESIAN_POINT('',(30.968626144777,-86.51752178271,
    16.200000000001));
#3250 = CARTESIAN_POINT('',(30.988393663278,-86.50472154757,
    16.200000000001));
#3251 = CARTESIAN_POINT('',(31.007963080492,-86.49162143482,
    16.200000000001));
#3252 = CARTESIAN_POINT('',(31.027328956029,-86.47822514676,
    16.200000000001));
#3253 = CARTESIAN_POINT('',(31.065642906712,-86.45084787755,
    16.200000000001));
#3254 = CARTESIAN_POINT('',(31.084590986753,-86.4368668929,
    16.200000000001));
#3255 = CARTESIAN_POINT('',(31.103324813144,-86.42259738719,
    16.200000000001));
#3256 = CARTESIAN_POINT('',(31.121839120628,-86.40804330785,
    16.200000000001));
#3257 = CARTESIAN_POINT('',(31.140128737038,-86.3932087207,
    16.200000000001));
#3258 = CARTESIAN_POINT('',(31.158188583299,-86.37809781,16.200000000001
    ));
#3259 = CARTESIAN_POINT('',(31.186462864468,-86.35369729762,
    16.200000000001));
#3260 = CARTESIAN_POINT('',(31.196831385211,-86.34458623916,
    16.200000000001));
#3261 = CARTESIAN_POINT('',(31.207118231865,-86.33538256932,
    16.200000000001));
#3262 = CARTESIAN_POINT('',(31.217322412619,-86.32608716753,
    16.200000000001));
#3263 = CARTESIAN_POINT('',(31.22744294764,-86.31670092635,
    16.200000000001));
#3264 = CARTESIAN_POINT('',(31.237478869071,-86.30722475151,
    16.200000000001));
#3265 = CARTESIAN_POINT('',(31.39665938428,-86.15420586125,
    16.200000000001));
#3266 = CARTESIAN_POINT('',(31.526721124373,-85.99065498087,16.2));
#3267 = CARTESIAN_POINT('',(31.634212881127,-85.81020688655,
    16.200000000003));
#3268 = CARTESIAN_POINT('',(31.716632008189,-85.61665345885,
    16.199999999997));
#3269 = CARTESIAN_POINT('',(31.772227472975,-85.41410683013,
    16.200000000003));
#3270 = CARTESIAN_POINT('',(31.8,-85.20699904792,16.2));
#3271 = CARTESIAN_POINT('',(31.8,-85.,16.2));
#3272 = CONICAL_SURFACE('',#3273,3.,0.785398163397);
#3273 = AXIS2_PLACEMENT_3D('',#3274,#3275,#3276);
#3274 = CARTESIAN_POINT('',(30.,-85.,15.));
#3275 = DIRECTION('',(-0.,-0.,-1.));
#3276 = DIRECTION('',(1.,0.,-0.));
#3277 = ADVANCED_FACE('',(#3278),#3297,.F.);
#3278 = FACE_BOUND('',#3279,.T.);
#3279 = EDGE_LOOP('',(#3280,#3281,#3289,#3296));
#3280 = ORIENTED_EDGE('',*,*,#327,.F.);
#3281 = ORIENTED_EDGE('',*,*,#3282,.T.);
#3282 = EDGE_CURVE('',#328,#3283,#3285,.T.);
#3283 = VERTEX_POINT('',#3284);
#3284 = CARTESIAN_POINT('',(22.3,-63.,17.6));
#3285 = LINE('',#3286,#3287);
#3286 = CARTESIAN_POINT('',(22.3,-63.,15.));
#3287 = VECTOR('',#3288,1.);
#3288 = DIRECTION('',(0.,0.,1.));
#3289 = ORIENTED_EDGE('',*,*,#3290,.F.);
#3290 = EDGE_CURVE('',#3283,#3283,#3291,.T.);
#3291 = CIRCLE('',#3292,1.8);
#3292 = AXIS2_PLACEMENT_3D('',#3293,#3294,#3295);
#3293 = CARTESIAN_POINT('',(20.5,-63.,17.6));
#3294 = DIRECTION('',(0.,0.,-1.));
#3295 = DIRECTION('',(1.,0.,0.));
#3296 = ORIENTED_EDGE('',*,*,#3282,.F.);
#3297 = CYLINDRICAL_SURFACE('',#3298,1.8);
#3298 = AXIS2_PLACEMENT_3D('',#3299,#3300,#3301);
#3299 = CARTESIAN_POINT('',(20.5,-63.,15.));
#3300 = DIRECTION('',(-0.,-0.,-1.));
#3301 = DIRECTION('',(1.,0.,0.));
#3302 = ADVANCED_FACE('',(#3303),#3319,.F.);
#3303 = FACE_BOUND('',#3304,.T.);
#3304 = EDGE_LOOP('',(#3305,#3311,#3312,#3318));
#3305 = ORIENTED_EDGE('',*,*,#3306,.T.);
#3306 = EDGE_CURVE('',#339,#1324,#3307,.T.);
#3307 = LINE('',#3308,#3309);
#3308 = CARTESIAN_POINT('',(-48.,-21.,15.));
#3309 = VECTOR('',#3310,1.);
#3310 = DIRECTION('',(0.,0.,1.));
#3311 = ORIENTED_EDGE('',*,*,#1323,.T.);
#3312 = ORIENTED_EDGE('',*,*,#3313,.F.);
#3313 = EDGE_CURVE('',#341,#1326,#3314,.T.);
#3314 = LINE('',#3315,#3316);
#3315 = CARTESIAN_POINT('',(-48.,-25.,15.));
#3316 = VECTOR('',#3317,1.);
#3317 = DIRECTION('',(0.,0.,1.));
#3318 = ORIENTED_EDGE('',*,*,#338,.F.);
#3319 = CYLINDRICAL_SURFACE('',#3320,2.);
#3320 = AXIS2_PLACEMENT_3D('',#3321,#3322,#3323);
#3321 = CARTESIAN_POINT('',(-48.,-23.,15.));
#3322 = DIRECTION('',(-0.,-0.,-1.));
#3323 = DIRECTION('',(1.,0.,0.));
#3324 = ADVANCED_FACE('',(#3325),#3336,.F.);
#3325 = FACE_BOUND('',#3326,.F.);
#3326 = EDGE_LOOP('',(#3327,#3328,#3329,#3335));
#3327 = ORIENTED_EDGE('',*,*,#3306,.T.);
#3328 = ORIENTED_EDGE('',*,*,#1334,.T.);
#3329 = ORIENTED_EDGE('',*,*,#3330,.F.);
#3330 = EDGE_CURVE('',#350,#1335,#3331,.T.);
#3331 = LINE('',#3332,#3333);
#3332 = CARTESIAN_POINT('',(-44.,-21.,15.));
#3333 = VECTOR('',#3334,1.);
#3334 = DIRECTION('',(0.,0.,1.));
#3335 = ORIENTED_EDGE('',*,*,#349,.F.);
#3336 = PLANE('',#3337);
#3337 = AXIS2_PLACEMENT_3D('',#3338,#3339,#3340);
#3338 = CARTESIAN_POINT('',(-48.,-21.,15.));
#3339 = DIRECTION('',(0.,1.,0.));
#3340 = DIRECTION('',(1.,0.,0.));
#3341 = ADVANCED_FACE('',(#3342),#3353,.T.);
#3342 = FACE_BOUND('',#3343,.T.);
#3343 = EDGE_LOOP('',(#3344,#3345,#3346,#3352));
#3344 = ORIENTED_EDGE('',*,*,#3313,.T.);
#3345 = ORIENTED_EDGE('',*,*,#1351,.T.);
#3346 = ORIENTED_EDGE('',*,*,#3347,.F.);
#3347 = EDGE_CURVE('',#358,#1343,#3348,.T.);
#3348 = LINE('',#3349,#3350);
#3349 = CARTESIAN_POINT('',(-44.,-25.,15.));
#3350 = VECTOR('',#3351,1.);
#3351 = DIRECTION('',(0.,0.,1.));
#3352 = ORIENTED_EDGE('',*,*,#366,.F.);
#3353 = PLANE('',#3354);
#3354 = AXIS2_PLACEMENT_3D('',#3355,#3356,#3357);
#3355 = CARTESIAN_POINT('',(-48.,-25.,15.));
#3356 = DIRECTION('',(0.,1.,0.));
#3357 = DIRECTION('',(1.,0.,0.));
#3358 = ADVANCED_FACE('',(#3359),#3365,.F.);
#3359 = FACE_BOUND('',#3360,.T.);
#3360 = EDGE_LOOP('',(#3361,#3362,#3363,#3364));
#3361 = ORIENTED_EDGE('',*,*,#3347,.T.);
#3362 = ORIENTED_EDGE('',*,*,#1342,.T.);
#3363 = ORIENTED_EDGE('',*,*,#3330,.F.);
#3364 = ORIENTED_EDGE('',*,*,#357,.F.);
#3365 = CYLINDRICAL_SURFACE('',#3366,2.);
#3366 = AXIS2_PLACEMENT_3D('',#3367,#3368,#3369);
#3367 = CARTESIAN_POINT('',(-44.,-23.,15.));
#3368 = DIRECTION('',(-0.,-0.,-1.));
#3369 = DIRECTION('',(1.,0.,0.));
#3370 = ADVANCED_FACE('',(#3371),#3387,.F.);
#3371 = FACE_BOUND('',#3372,.T.);
#3372 = EDGE_LOOP('',(#3373,#3379,#3380,#3386));
#3373 = ORIENTED_EDGE('',*,*,#3374,.T.);
#3374 = EDGE_CURVE('',#375,#1360,#3375,.T.);
#3375 = LINE('',#3376,#3377);
#3376 = CARTESIAN_POINT('',(-28.,-25.,15.));
#3377 = VECTOR('',#3378,1.);
#3378 = DIRECTION('',(0.,0.,1.));
#3379 = ORIENTED_EDGE('',*,*,#1359,.T.);
#3380 = ORIENTED_EDGE('',*,*,#3381,.F.);
#3381 = EDGE_CURVE('',#377,#1362,#3382,.T.);
#3382 = LINE('',#3383,#3384);
#3383 = CARTESIAN_POINT('',(-28.,-21.,15.));
#3384 = VECTOR('',#3385,1.);
#3385 = DIRECTION('',(0.,0.,1.));
#3386 = ORIENTED_EDGE('',*,*,#374,.F.);
#3387 = CYLINDRICAL_SURFACE('',#3388,2.);
#3388 = AXIS2_PLACEMENT_3D('',#3389,#3390,#3391);
#3389 = CARTESIAN_POINT('',(-28.,-23.,15.));
#3390 = DIRECTION('',(-0.,-0.,-1.));
#3391 = DIRECTION('',(1.,0.,0.));
#3392 = ADVANCED_FACE('',(#3393),#3404,.F.);
#3393 = FACE_BOUND('',#3394,.F.);
#3394 = EDGE_LOOP('',(#3395,#3396,#3397,#3403));
#3395 = ORIENTED_EDGE('',*,*,#3374,.T.);
#3396 = ORIENTED_EDGE('',*,*,#1370,.T.);
#3397 = ORIENTED_EDGE('',*,*,#3398,.F.);
#3398 = EDGE_CURVE('',#386,#1371,#3399,.T.);
#3399 = LINE('',#3400,#3401);
#3400 = CARTESIAN_POINT('',(-32.,-25.,15.));
#3401 = VECTOR('',#3402,1.);
#3402 = DIRECTION('',(0.,0.,1.));
#3403 = ORIENTED_EDGE('',*,*,#385,.F.);
#3404 = PLANE('',#3405);
#3405 = AXIS2_PLACEMENT_3D('',#3406,#3407,#3408);
#3406 = CARTESIAN_POINT('',(-28.,-25.,15.));
#3407 = DIRECTION('',(0.,-1.,0.));
#3408 = DIRECTION('',(-1.,0.,0.));
#3409 = ADVANCED_FACE('',(#3410),#3421,.T.);
#3410 = FACE_BOUND('',#3411,.T.);
#3411 = EDGE_LOOP('',(#3412,#3413,#3414,#3420));
#3412 = ORIENTED_EDGE('',*,*,#3381,.T.);
#3413 = ORIENTED_EDGE('',*,*,#1387,.T.);
#3414 = ORIENTED_EDGE('',*,*,#3415,.F.);
#3415 = EDGE_CURVE('',#394,#1379,#3416,.T.);
#3416 = LINE('',#3417,#3418);
#3417 = CARTESIAN_POINT('',(-32.,-21.,15.));
#3418 = VECTOR('',#3419,1.);
#3419 = DIRECTION('',(0.,0.,1.));
#3420 = ORIENTED_EDGE('',*,*,#402,.F.);
#3421 = PLANE('',#3422);
#3422 = AXIS2_PLACEMENT_3D('',#3423,#3424,#3425);
#3423 = CARTESIAN_POINT('',(-28.,-21.,15.));
#3424 = DIRECTION('',(0.,-1.,0.));
#3425 = DIRECTION('',(-1.,0.,0.));
#3426 = ADVANCED_FACE('',(#3427),#3433,.F.);
#3427 = FACE_BOUND('',#3428,.T.);
#3428 = EDGE_LOOP('',(#3429,#3430,#3431,#3432));
#3429 = ORIENTED_EDGE('',*,*,#3415,.T.);
#3430 = ORIENTED_EDGE('',*,*,#1378,.T.);
#3431 = ORIENTED_EDGE('',*,*,#3398,.F.);
#3432 = ORIENTED_EDGE('',*,*,#393,.F.);
#3433 = CYLINDRICAL_SURFACE('',#3434,2.);
#3434 = AXIS2_PLACEMENT_3D('',#3435,#3436,#3437);
#3435 = CARTESIAN_POINT('',(-32.,-23.,15.));
#3436 = DIRECTION('',(-0.,-0.,-1.));
#3437 = DIRECTION('',(1.,0.,0.));
#3438 = ADVANCED_FACE('',(#3439),#3464,.F.);
#3439 = FACE_BOUND('',#3440,.F.);
#3440 = EDGE_LOOP('',(#3441,#3449,#3457,#3463));
#3441 = ORIENTED_EDGE('',*,*,#3442,.T.);
#3442 = EDGE_CURVE('',#411,#3443,#3445,.T.);
#3443 = VERTEX_POINT('',#3444);
#3444 = CARTESIAN_POINT('',(-17.99999999999,-21.90192378865,17.));
#3445 = LINE('',#3446,#3447);
#3446 = CARTESIAN_POINT('',(-17.99999999999,-21.90192378865,15.));
#3447 = VECTOR('',#3448,1.);
#3448 = DIRECTION('',(0.,0.,1.));
#3449 = ORIENTED_EDGE('',*,*,#3450,.T.);
#3450 = EDGE_CURVE('',#3443,#3451,#3453,.T.);
#3451 = VERTEX_POINT('',#3452);
#3452 = CARTESIAN_POINT('',(-16.5,-24.49999999999,17.));
#3453 = LINE('',#3454,#3455);
#3454 = CARTESIAN_POINT('',(-17.99999999999,-21.90192378865,17.));
#3455 = VECTOR('',#3456,1.);
#3456 = DIRECTION('',(0.499999999999,-0.866025403785,0.));
#3457 = ORIENTED_EDGE('',*,*,#3458,.F.);
#3458 = EDGE_CURVE('',#413,#3451,#3459,.T.);
#3459 = LINE('',#3460,#3461);
#3460 = CARTESIAN_POINT('',(-16.5,-24.49999999999,15.));
#3461 = VECTOR('',#3462,1.);
#3462 = DIRECTION('',(0.,0.,1.));
#3463 = ORIENTED_EDGE('',*,*,#410,.F.);
#3464 = PLANE('',#3465);
#3465 = AXIS2_PLACEMENT_3D('',#3466,#3467,#3468);
#3466 = CARTESIAN_POINT('',(-17.99999999999,-21.90192378865,15.));
#3467 = DIRECTION('',(0.866025403785,0.499999999999,0.));
#3468 = DIRECTION('',(0.499999999999,-0.866025403785,0.));
#3469 = ADVANCED_FACE('',(#3470),#3488,.F.);
#3470 = FACE_BOUND('',#3471,.F.);
#3471 = EDGE_LOOP('',(#3472,#3480,#3486,#3487));
#3472 = ORIENTED_EDGE('',*,*,#3473,.T.);
#3473 = EDGE_CURVE('',#445,#3474,#3476,.T.);
#3474 = VERTEX_POINT('',#3475);
#3475 = CARTESIAN_POINT('',(-20.99999999999,-21.90192378864,17.));
#3476 = LINE('',#3477,#3478);
#3477 = CARTESIAN_POINT('',(-20.99999999999,-21.90192378864,15.));
#3478 = VECTOR('',#3479,1.);
#3479 = DIRECTION('',(0.,0.,1.));
#3480 = ORIENTED_EDGE('',*,*,#3481,.T.);
#3481 = EDGE_CURVE('',#3474,#3443,#3482,.T.);
#3482 = LINE('',#3483,#3484);
#3483 = CARTESIAN_POINT('',(-20.99999999999,-21.90192378864,17.));
#3484 = VECTOR('',#3485,1.);
#3485 = DIRECTION('',(1.,-2.47979E-12,0.));
#3486 = ORIENTED_EDGE('',*,*,#3442,.F.);
#3487 = ORIENTED_EDGE('',*,*,#452,.F.);
#3488 = PLANE('',#3489);
#3489 = AXIS2_PLACEMENT_3D('',#3490,#3491,#3492);
#3490 = CARTESIAN_POINT('',(-20.99999999999,-21.90192378864,15.));
#3491 = DIRECTION('',(2.47979E-12,1.,0.));
#3492 = DIRECTION('',(1.,-2.47979E-12,0.));
#3493 = ADVANCED_FACE('',(#3494),#3512,.F.);
#3494 = FACE_BOUND('',#3495,.F.);
#3495 = EDGE_LOOP('',(#3496,#3497,#3505,#3511));
#3496 = ORIENTED_EDGE('',*,*,#3458,.T.);
#3497 = ORIENTED_EDGE('',*,*,#3498,.T.);
#3498 = EDGE_CURVE('',#3451,#3499,#3501,.T.);
#3499 = VERTEX_POINT('',#3500);
#3500 = CARTESIAN_POINT('',(-18.,-27.09807621135,17.));
#3501 = LINE('',#3502,#3503);
#3502 = CARTESIAN_POINT('',(-16.5,-24.49999999999,17.));
#3503 = VECTOR('',#3504,1.);
#3504 = DIRECTION('',(-0.5,-0.866025403784,0.));
#3505 = ORIENTED_EDGE('',*,*,#3506,.F.);
#3506 = EDGE_CURVE('',#421,#3499,#3507,.T.);
#3507 = LINE('',#3508,#3509);
#3508 = CARTESIAN_POINT('',(-18.,-27.09807621135,15.));
#3509 = VECTOR('',#3510,1.);
#3510 = DIRECTION('',(0.,0.,1.));
#3511 = ORIENTED_EDGE('',*,*,#420,.F.);
#3512 = PLANE('',#3513);
#3513 = AXIS2_PLACEMENT_3D('',#3514,#3515,#3516);
#3514 = CARTESIAN_POINT('',(-16.5,-24.49999999999,15.));
#3515 = DIRECTION('',(0.866025403784,-0.5,0.));
#3516 = DIRECTION('',(-0.5,-0.866025403784,0.));
#3517 = ADVANCED_FACE('',(#3518),#3536,.F.);
#3518 = FACE_BOUND('',#3519,.F.);
#3519 = EDGE_LOOP('',(#3520,#3528,#3534,#3535));
#3520 = ORIENTED_EDGE('',*,*,#3521,.T.);
#3521 = EDGE_CURVE('',#437,#3522,#3524,.T.);
#3522 = VERTEX_POINT('',#3523);
#3523 = CARTESIAN_POINT('',(-22.5,-24.49999999999,17.));
#3524 = LINE('',#3525,#3526);
#3525 = CARTESIAN_POINT('',(-22.5,-24.49999999999,15.));
#3526 = VECTOR('',#3527,1.);
#3527 = DIRECTION('',(0.,0.,1.));
#3528 = ORIENTED_EDGE('',*,*,#3529,.T.);
#3529 = EDGE_CURVE('',#3522,#3474,#3530,.T.);
#3530 = LINE('',#3531,#3532);
#3531 = CARTESIAN_POINT('',(-22.5,-24.49999999999,17.));
#3532 = VECTOR('',#3533,1.);
#3533 = DIRECTION('',(0.500000000001,0.866025403784,0.));
#3534 = ORIENTED_EDGE('',*,*,#3473,.F.);
#3535 = ORIENTED_EDGE('',*,*,#444,.F.);
#3536 = PLANE('',#3537);
#3537 = AXIS2_PLACEMENT_3D('',#3538,#3539,#3540);
#3538 = CARTESIAN_POINT('',(-22.5,-24.49999999999,15.));
#3539 = DIRECTION('',(-0.866025403784,0.500000000001,0.));
#3540 = DIRECTION('',(0.500000000001,0.866025403784,0.));
#3541 = ADVANCED_FACE('',(#3542),#3560,.F.);
#3542 = FACE_BOUND('',#3543,.F.);
#3543 = EDGE_LOOP('',(#3544,#3545,#3553,#3559));
#3544 = ORIENTED_EDGE('',*,*,#3506,.T.);
#3545 = ORIENTED_EDGE('',*,*,#3546,.T.);
#3546 = EDGE_CURVE('',#3499,#3547,#3549,.T.);
#3547 = VERTEX_POINT('',#3548);
#3548 = CARTESIAN_POINT('',(-20.99999999999,-27.09807621135,17.));
#3549 = LINE('',#3550,#3551);
#3550 = CARTESIAN_POINT('',(-18.,-27.09807621135,17.));
#3551 = VECTOR('',#3552,1.);
#3552 = DIRECTION('',(-1.,0.,0.));
#3553 = ORIENTED_EDGE('',*,*,#3554,.F.);
#3554 = EDGE_CURVE('',#429,#3547,#3555,.T.);
#3555 = LINE('',#3556,#3557);
#3556 = CARTESIAN_POINT('',(-20.99999999999,-27.09807621135,15.));
#3557 = VECTOR('',#3558,1.);
#3558 = DIRECTION('',(0.,0.,1.));
#3559 = ORIENTED_EDGE('',*,*,#428,.F.);
#3560 = PLANE('',#3561);
#3561 = AXIS2_PLACEMENT_3D('',#3562,#3563,#3564);
#3562 = CARTESIAN_POINT('',(-18.,-27.09807621135,15.));
#3563 = DIRECTION('',(0.,-1.,0.));
#3564 = DIRECTION('',(-1.,0.,0.));
#3565 = ADVANCED_FACE('',(#3566),#3577,.F.);
#3566 = FACE_BOUND('',#3567,.F.);
#3567 = EDGE_LOOP('',(#3568,#3569,#3575,#3576));
#3568 = ORIENTED_EDGE('',*,*,#3554,.T.);
#3569 = ORIENTED_EDGE('',*,*,#3570,.T.);
#3570 = EDGE_CURVE('',#3547,#3522,#3571,.T.);
#3571 = LINE('',#3572,#3573);
#3572 = CARTESIAN_POINT('',(-20.99999999999,-27.09807621135,17.));
#3573 = VECTOR('',#3574,1.);
#3574 = DIRECTION('',(-0.5,0.866025403784,-0.));
#3575 = ORIENTED_EDGE('',*,*,#3521,.F.);
#3576 = ORIENTED_EDGE('',*,*,#436,.F.);
#3577 = PLANE('',#3578);
#3578 = AXIS2_PLACEMENT_3D('',#3579,#3580,#3581);
#3579 = CARTESIAN_POINT('',(-20.99999999999,-27.09807621135,15.));
#3580 = DIRECTION('',(-0.866025403784,-0.5,0.));
#3581 = DIRECTION('',(-0.5,0.866025403784,0.));
#3582 = ADVANCED_FACE('',(#3583),#3602,.F.);
#3583 = FACE_BOUND('',#3584,.T.);
#3584 = EDGE_LOOP('',(#3585,#3586,#3594,#3601));
#3585 = ORIENTED_EDGE('',*,*,#460,.F.);
#3586 = ORIENTED_EDGE('',*,*,#3587,.T.);
#3587 = EDGE_CURVE('',#461,#3588,#3590,.T.);
#3588 = VERTEX_POINT('',#3589);
#3589 = CARTESIAN_POINT('',(-28.2,-12.,17.6));
#3590 = LINE('',#3591,#3592);
#3591 = CARTESIAN_POINT('',(-28.2,-12.,15.));
#3592 = VECTOR('',#3593,1.);
#3593 = DIRECTION('',(0.,0.,1.));
#3594 = ORIENTED_EDGE('',*,*,#3595,.F.);
#3595 = EDGE_CURVE('',#3588,#3588,#3596,.T.);
#3596 = CIRCLE('',#3597,1.8);
#3597 = AXIS2_PLACEMENT_3D('',#3598,#3599,#3600);
#3598 = CARTESIAN_POINT('',(-30.,-12.,17.6));
#3599 = DIRECTION('',(0.,0.,-1.));
#3600 = DIRECTION('',(1.,0.,0.));
#3601 = ORIENTED_EDGE('',*,*,#3587,.F.);
#3602 = CYLINDRICAL_SURFACE('',#3603,1.8);
#3603 = AXIS2_PLACEMENT_3D('',#3604,#3605,#3606);
#3604 = CARTESIAN_POINT('',(-30.,-12.,15.));
#3605 = DIRECTION('',(-0.,-0.,-1.));
#3606 = DIRECTION('',(1.,0.,0.));
#3607 = ADVANCED_FACE('',(#3608),#3624,.F.);
#3608 = FACE_BOUND('',#3609,.T.);
#3609 = EDGE_LOOP('',(#3610,#3616,#3617,#3623));
#3610 = ORIENTED_EDGE('',*,*,#3611,.T.);
#3611 = EDGE_CURVE('',#472,#1457,#3612,.T.);
#3612 = LINE('',#3613,#3614);
#3613 = CARTESIAN_POINT('',(-8.,-30.,15.));
#3614 = VECTOR('',#3615,1.);
#3615 = DIRECTION('',(0.,0.,1.));
#3616 = ORIENTED_EDGE('',*,*,#1456,.T.);
#3617 = ORIENTED_EDGE('',*,*,#3618,.F.);
#3618 = EDGE_CURVE('',#474,#1459,#3619,.T.);
#3619 = LINE('',#3620,#3621);
#3620 = CARTESIAN_POINT('',(-8.,-38.,15.));
#3621 = VECTOR('',#3622,1.);
#3622 = DIRECTION('',(0.,0.,1.));
#3623 = ORIENTED_EDGE('',*,*,#471,.F.);
#3624 = CYLINDRICAL_SURFACE('',#3625,4.);
#3625 = AXIS2_PLACEMENT_3D('',#3626,#3627,#3628);
#3626 = CARTESIAN_POINT('',(-8.,-34.,15.));
#3627 = DIRECTION('',(-0.,-0.,-1.));
#3628 = DIRECTION('',(1.,0.,0.));
#3629 = ADVANCED_FACE('',(#3630),#3641,.F.);
#3630 = FACE_BOUND('',#3631,.F.);
#3631 = EDGE_LOOP('',(#3632,#3633,#3634,#3640));
#3632 = ORIENTED_EDGE('',*,*,#3611,.T.);
#3633 = ORIENTED_EDGE('',*,*,#1467,.T.);
#3634 = ORIENTED_EDGE('',*,*,#3635,.F.);
#3635 = EDGE_CURVE('',#483,#1468,#3636,.T.);
#3636 = LINE('',#3637,#3638);
#3637 = CARTESIAN_POINT('',(8.,-30.,15.));
#3638 = VECTOR('',#3639,1.);
#3639 = DIRECTION('',(0.,0.,1.));
#3640 = ORIENTED_EDGE('',*,*,#482,.F.);
#3641 = PLANE('',#3642);
#3642 = AXIS2_PLACEMENT_3D('',#3643,#3644,#3645);
#3643 = CARTESIAN_POINT('',(-8.,-30.,15.));
#3644 = DIRECTION('',(0.,1.,0.));
#3645 = DIRECTION('',(1.,0.,0.));
#3646 = ADVANCED_FACE('',(#3647),#3658,.T.);
#3647 = FACE_BOUND('',#3648,.T.);
#3648 = EDGE_LOOP('',(#3649,#3650,#3651,#3657));
#3649 = ORIENTED_EDGE('',*,*,#3618,.T.);
#3650 = ORIENTED_EDGE('',*,*,#1484,.T.);
#3651 = ORIENTED_EDGE('',*,*,#3652,.F.);
#3652 = EDGE_CURVE('',#491,#1476,#3653,.T.);
#3653 = LINE('',#3654,#3655);
#3654 = CARTESIAN_POINT('',(8.,-38.,15.));
#3655 = VECTOR('',#3656,1.);
#3656 = DIRECTION('',(0.,0.,1.));
#3657 = ORIENTED_EDGE('',*,*,#499,.F.);
#3658 = PLANE('',#3659);
#3659 = AXIS2_PLACEMENT_3D('',#3660,#3661,#3662);
#3660 = CARTESIAN_POINT('',(-8.,-38.,15.));
#3661 = DIRECTION('',(0.,1.,0.));
#3662 = DIRECTION('',(1.,0.,0.));
#3663 = ADVANCED_FACE('',(#3664),#3670,.F.);
#3664 = FACE_BOUND('',#3665,.T.);
#3665 = EDGE_LOOP('',(#3666,#3667,#3668,#3669));
#3666 = ORIENTED_EDGE('',*,*,#3652,.T.);
#3667 = ORIENTED_EDGE('',*,*,#1475,.T.);
#3668 = ORIENTED_EDGE('',*,*,#3635,.F.);
#3669 = ORIENTED_EDGE('',*,*,#490,.F.);
#3670 = CYLINDRICAL_SURFACE('',#3671,4.);
#3671 = AXIS2_PLACEMENT_3D('',#3672,#3673,#3674);
#3672 = CARTESIAN_POINT('',(8.,-34.,15.));
#3673 = DIRECTION('',(-0.,-0.,-1.));
#3674 = DIRECTION('',(1.,0.,0.));
#3675 = ADVANCED_FACE('',(#3676),#3692,.F.);
#3676 = FACE_BOUND('',#3677,.T.);
#3677 = EDGE_LOOP('',(#3678,#3684,#3685,#3691));
#3678 = ORIENTED_EDGE('',*,*,#3679,.T.);
#3679 = EDGE_CURVE('',#508,#1493,#3680,.T.);
#3680 = LINE('',#3681,#3682);
#3681 = CARTESIAN_POINT('',(30.,-25.,15.));
#3682 = VECTOR('',#3683,1.);
#3683 = DIRECTION('',(0.,0.,1.));
#3684 = ORIENTED_EDGE('',*,*,#1492,.T.);
#3685 = ORIENTED_EDGE('',*,*,#3686,.F.);
#3686 = EDGE_CURVE('',#510,#1495,#3687,.T.);
#3687 = LINE('',#3688,#3689);
#3688 = CARTESIAN_POINT('',(22.,-25.,15.));
#3689 = VECTOR('',#3690,1.);
#3690 = DIRECTION('',(0.,0.,1.));
#3691 = ORIENTED_EDGE('',*,*,#507,.F.);
#3692 = CYLINDRICAL_SURFACE('',#3693,4.);
#3693 = AXIS2_PLACEMENT_3D('',#3694,#3695,#3696);
#3694 = CARTESIAN_POINT('',(26.,-25.,15.));
#3695 = DIRECTION('',(-0.,-0.,-1.));
#3696 = DIRECTION('',(1.,0.,0.));
#3697 = ADVANCED_FACE('',(#3698),#3709,.F.);
#3698 = FACE_BOUND('',#3699,.F.);
#3699 = EDGE_LOOP('',(#3700,#3701,#3702,#3708));
#3700 = ORIENTED_EDGE('',*,*,#3679,.T.);
#3701 = ORIENTED_EDGE('',*,*,#1503,.T.);
#3702 = ORIENTED_EDGE('',*,*,#3703,.F.);
#3703 = EDGE_CURVE('',#519,#1504,#3704,.T.);
#3704 = LINE('',#3705,#3706);
#3705 = CARTESIAN_POINT('',(30.,-33.,15.));
#3706 = VECTOR('',#3707,1.);
#3707 = DIRECTION('',(0.,0.,1.));
#3708 = ORIENTED_EDGE('',*,*,#518,.F.);
#3709 = PLANE('',#3710);
#3710 = AXIS2_PLACEMENT_3D('',#3711,#3712,#3713);
#3711 = CARTESIAN_POINT('',(30.,-25.,15.));
#3712 = DIRECTION('',(1.,0.,0.));
#3713 = DIRECTION('',(0.,-1.,0.));
#3714 = ADVANCED_FACE('',(#3715),#3726,.T.);
#3715 = FACE_BOUND('',#3716,.T.);
#3716 = EDGE_LOOP('',(#3717,#3718,#3719,#3725));
#3717 = ORIENTED_EDGE('',*,*,#3686,.T.);
#3718 = ORIENTED_EDGE('',*,*,#1520,.T.);
#3719 = ORIENTED_EDGE('',*,*,#3720,.F.);
#3720 = EDGE_CURVE('',#527,#1512,#3721,.T.);
#3721 = LINE('',#3722,#3723);
#3722 = CARTESIAN_POINT('',(22.,-33.,15.));
#3723 = VECTOR('',#3724,1.);
#3724 = DIRECTION('',(0.,0.,1.));
#3725 = ORIENTED_EDGE('',*,*,#535,.F.);
#3726 = PLANE('',#3727);
#3727 = AXIS2_PLACEMENT_3D('',#3728,#3729,#3730);
#3728 = CARTESIAN_POINT('',(22.,-25.,15.));
#3729 = DIRECTION('',(1.,0.,0.));
#3730 = DIRECTION('',(0.,-1.,0.));
#3731 = ADVANCED_FACE('',(#3732),#3738,.F.);
#3732 = FACE_BOUND('',#3733,.T.);
#3733 = EDGE_LOOP('',(#3734,#3735,#3736,#3737));
#3734 = ORIENTED_EDGE('',*,*,#3720,.T.);
#3735 = ORIENTED_EDGE('',*,*,#1511,.T.);
#3736 = ORIENTED_EDGE('',*,*,#3703,.F.);
#3737 = ORIENTED_EDGE('',*,*,#526,.F.);
#3738 = CYLINDRICAL_SURFACE('',#3739,4.);
#3739 = AXIS2_PLACEMENT_3D('',#3740,#3741,#3742);
#3740 = CARTESIAN_POINT('',(26.,-33.,15.));
#3741 = DIRECTION('',(-0.,-0.,-1.));
#3742 = DIRECTION('',(1.,0.,0.));
#3743 = ADVANCED_FACE('',(#3744),#3762,.F.);
#3744 = FACE_BOUND('',#3745,.T.);
#3745 = EDGE_LOOP('',(#3746,#3753,#3754,#3755));
#3746 = ORIENTED_EDGE('',*,*,#3747,.F.);
#3747 = EDGE_CURVE('',#544,#3748,#3750,.T.);
#3748 = VERTEX_POINT('',#3749);
#3749 = CARTESIAN_POINT('',(-138.2,0.,16.2));
#3750 = B_SPLINE_CURVE_WITH_KNOTS('',1,(#3751,#3752),.UNSPECIFIED.,.F.,
  .F.,(2,2),(0.,1.),.PIECEWISE_BEZIER_KNOTS.);
#3751 = CARTESIAN_POINT('',(-137.,0.,15.));
#3752 = CARTESIAN_POINT('',(-139.,0.,17.));
#3753 = ORIENTED_EDGE('',*,*,#543,.T.);
#3754 = ORIENTED_EDGE('',*,*,#3747,.T.);
#3755 = ORIENTED_EDGE('',*,*,#3756,.F.);
#3756 = EDGE_CURVE('',#3748,#3748,#3757,.T.);
#3757 = CIRCLE('',#3758,1.8);
#3758 = AXIS2_PLACEMENT_3D('',#3759,#3760,#3761);
#3759 = CARTESIAN_POINT('',(-140.,0.,16.2));
#3760 = DIRECTION('',(0.,0.,-1.));
#3761 = DIRECTION('',(0.,1.,0.));
#3762 = CONICAL_SURFACE('',#3763,3.,0.785398163397);
#3763 = AXIS2_PLACEMENT_3D('',#3764,#3765,#3766);
#3764 = CARTESIAN_POINT('',(-140.,0.,15.));
#3765 = DIRECTION('',(-0.,-0.,-1.));
#3766 = DIRECTION('',(1.,0.,-0.));
#3767 = ADVANCED_FACE('',(#3768),#3787,.F.);
#3768 = FACE_BOUND('',#3769,.T.);
#3769 = EDGE_LOOP('',(#3770,#3771,#3779,#3786));
#3770 = ORIENTED_EDGE('',*,*,#554,.F.);
#3771 = ORIENTED_EDGE('',*,*,#3772,.T.);
#3772 = EDGE_CURVE('',#555,#3773,#3775,.T.);
#3773 = VERTEX_POINT('',#3774);
#3774 = CARTESIAN_POINT('',(-119.7,15.,17.6));
#3775 = LINE('',#3776,#3777);
#3776 = CARTESIAN_POINT('',(-119.7,15.,15.));
#3777 = VECTOR('',#3778,1.);
#3778 = DIRECTION('',(0.,0.,1.));
#3779 = ORIENTED_EDGE('',*,*,#3780,.F.);
#3780 = EDGE_CURVE('',#3773,#3773,#3781,.T.);
#3781 = CIRCLE('',#3782,1.8);
#3782 = AXIS2_PLACEMENT_3D('',#3783,#3784,#3785);
#3783 = CARTESIAN_POINT('',(-121.5,15.,17.6));
#3784 = DIRECTION('',(0.,0.,-1.));
#3785 = DIRECTION('',(1.,0.,0.));
#3786 = ORIENTED_EDGE('',*,*,#3772,.F.);
#3787 = CYLINDRICAL_SURFACE('',#3788,1.8);
#3788 = AXIS2_PLACEMENT_3D('',#3789,#3790,#3791);
#3789 = CARTESIAN_POINT('',(-121.5,15.,15.));
#3790 = DIRECTION('',(-0.,-0.,-1.));
#3791 = DIRECTION('',(1.,0.,0.));
#3792 = ADVANCED_FACE('',(#3793),#3812,.F.);
#3793 = FACE_BOUND('',#3794,.T.);
#3794 = EDGE_LOOP('',(#3795,#3796,#3804,#3811));
#3795 = ORIENTED_EDGE('',*,*,#565,.F.);
#3796 = ORIENTED_EDGE('',*,*,#3797,.T.);
#3797 = EDGE_CURVE('',#566,#3798,#3800,.T.);
#3798 = VERTEX_POINT('',#3799);
#3799 = CARTESIAN_POINT('',(-99.7,15.,17.6));
#3800 = LINE('',#3801,#3802);
#3801 = CARTESIAN_POINT('',(-99.7,15.,15.));
#3802 = VECTOR('',#3803,1.);
#3803 = DIRECTION('',(0.,0.,1.));
#3804 = ORIENTED_EDGE('',*,*,#3805,.F.);
#3805 = EDGE_CURVE('',#3798,#3798,#3806,.T.);
#3806 = CIRCLE('',#3807,1.8);
#3807 = AXIS2_PLACEMENT_3D('',#3808,#3809,#3810);
#3808 = CARTESIAN_POINT('',(-101.5,15.,17.6));
#3809 = DIRECTION('',(0.,0.,-1.));
#3810 = DIRECTION('',(1.,0.,0.));
#3811 = ORIENTED_EDGE('',*,*,#3797,.F.);
#3812 = CYLINDRICAL_SURFACE('',#3813,1.8);
#3813 = AXIS2_PLACEMENT_3D('',#3814,#3815,#3816);
#3814 = CARTESIAN_POINT('',(-101.5,15.,15.));
#3815 = DIRECTION('',(-0.,-0.,-1.));
#3816 = DIRECTION('',(1.,0.,0.));
#3817 = ADVANCED_FACE('',(#3818),#3837,.F.);
#3818 = FACE_BOUND('',#3819,.T.);
#3819 = EDGE_LOOP('',(#3820,#3821,#3829,#3836));
#3820 = ORIENTED_EDGE('',*,*,#576,.F.);
#3821 = ORIENTED_EDGE('',*,*,#3822,.T.);
#3822 = EDGE_CURVE('',#577,#3823,#3825,.T.);
#3823 = VERTEX_POINT('',#3824);
#3824 = CARTESIAN_POINT('',(-68.2,12.,17.6));
#3825 = LINE('',#3826,#3827);
#3826 = CARTESIAN_POINT('',(-68.2,12.,15.));
#3827 = VECTOR('',#3828,1.);
#3828 = DIRECTION('',(0.,0.,1.));
#3829 = ORIENTED_EDGE('',*,*,#3830,.F.);
#3830 = EDGE_CURVE('',#3823,#3823,#3831,.T.);
#3831 = CIRCLE('',#3832,1.8);
#3832 = AXIS2_PLACEMENT_3D('',#3833,#3834,#3835);
#3833 = CARTESIAN_POINT('',(-70.,12.,17.6));
#3834 = DIRECTION('',(0.,0.,-1.));
#3835 = DIRECTION('',(1.,0.,0.));
#3836 = ORIENTED_EDGE('',*,*,#3822,.F.);
#3837 = CYLINDRICAL_SURFACE('',#3838,1.8);
#3838 = AXIS2_PLACEMENT_3D('',#3839,#3840,#3841);
#3839 = CARTESIAN_POINT('',(-70.,12.,15.));
#3840 = DIRECTION('',(-0.,-0.,-1.));
#3841 = DIRECTION('',(1.,0.,0.));
#3842 = ADVANCED_FACE('',(#3843),#3868,.F.);
#3843 = FACE_BOUND('',#3844,.F.);
#3844 = EDGE_LOOP('',(#3845,#3853,#3861,#3867));
#3845 = ORIENTED_EDGE('',*,*,#3846,.T.);
#3846 = EDGE_CURVE('',#588,#3847,#3849,.T.);
#3847 = VERTEX_POINT('',#3848);
#3848 = CARTESIAN_POINT('',(-75.99999999998,27.098076211346,17.));
#3849 = LINE('',#3850,#3851);
#3850 = CARTESIAN_POINT('',(-75.99999999998,27.098076211346,15.));
#3851 = VECTOR('',#3852,1.);
#3852 = DIRECTION('',(0.,0.,1.));
#3853 = ORIENTED_EDGE('',*,*,#3854,.T.);
#3854 = EDGE_CURVE('',#3847,#3855,#3857,.T.);
#3855 = VERTEX_POINT('',#3856);
#3856 = CARTESIAN_POINT('',(-74.5,24.500000000001,17.));
#3857 = LINE('',#3858,#3859);
#3858 = CARTESIAN_POINT('',(-75.99999999998,27.098076211346,17.));
#3859 = VECTOR('',#3860,1.);
#3860 = DIRECTION('',(0.499999999998,-0.866025403786,0.));
#3861 = ORIENTED_EDGE('',*,*,#3862,.F.);
#3862 = EDGE_CURVE('',#590,#3855,#3863,.T.);
#3863 = LINE('',#3864,#3865);
#3864 = CARTESIAN_POINT('',(-74.5,24.500000000001,15.));
#3865 = VECTOR('',#3866,1.);
#3866 = DIRECTION('',(0.,0.,1.));
#3867 = ORIENTED_EDGE('',*,*,#587,.F.);
#3868 = PLANE('',#3869);
#3869 = AXIS2_PLACEMENT_3D('',#3870,#3871,#3872);
#3870 = CARTESIAN_POINT('',(-75.99999999998,27.098076211346,15.));
#3871 = DIRECTION('',(0.866025403786,0.499999999998,0.));
#3872 = DIRECTION('',(0.499999999998,-0.866025403786,0.));
#3873 = ADVANCED_FACE('',(#3874),#3892,.F.);
#3874 = FACE_BOUND('',#3875,.F.);
#3875 = EDGE_LOOP('',(#3876,#3884,#3890,#3891));
#3876 = ORIENTED_EDGE('',*,*,#3877,.T.);
#3877 = EDGE_CURVE('',#622,#3878,#3880,.T.);
#3878 = VERTEX_POINT('',#3879);
#3879 = CARTESIAN_POINT('',(-78.99999999998,27.09807621136,17.));
#3880 = LINE('',#3881,#3882);
#3881 = CARTESIAN_POINT('',(-78.99999999998,27.09807621136,15.));
#3882 = VECTOR('',#3883,1.);
#3883 = DIRECTION('',(0.,0.,1.));
#3884 = ORIENTED_EDGE('',*,*,#3885,.T.);
#3885 = EDGE_CURVE('',#3878,#3847,#3886,.T.);
#3886 = LINE('',#3887,#3888);
#3887 = CARTESIAN_POINT('',(-78.99999999998,27.09807621136,17.));
#3888 = VECTOR('',#3889,1.);
#3889 = DIRECTION('',(1.,-4.48589E-12,0.));
#3890 = ORIENTED_EDGE('',*,*,#3846,.F.);
#3891 = ORIENTED_EDGE('',*,*,#629,.F.);
#3892 = PLANE('',#3893);
#3893 = AXIS2_PLACEMENT_3D('',#3894,#3895,#3896);
#3894 = CARTESIAN_POINT('',(-78.99999999998,27.09807621136,15.));
#3895 = DIRECTION('',(4.48589E-12,1.,0.));
#3896 = DIRECTION('',(1.,-4.48589E-12,0.));
#3897 = ADVANCED_FACE('',(#3898),#3916,.F.);
#3898 = FACE_BOUND('',#3899,.F.);
#3899 = EDGE_LOOP('',(#3900,#3901,#3909,#3915));
#3900 = ORIENTED_EDGE('',*,*,#3862,.T.);
#3901 = ORIENTED_EDGE('',*,*,#3902,.T.);
#3902 = EDGE_CURVE('',#3855,#3903,#3905,.T.);
#3903 = VERTEX_POINT('',#3904);
#3904 = CARTESIAN_POINT('',(-76.,21.901923788647,17.));
#3905 = LINE('',#3906,#3907);
#3906 = CARTESIAN_POINT('',(-74.5,24.500000000001,17.));
#3907 = VECTOR('',#3908,1.);
#3908 = DIRECTION('',(-0.5,-0.866025403785,0.));
#3909 = ORIENTED_EDGE('',*,*,#3910,.F.);
#3910 = EDGE_CURVE('',#598,#3903,#3911,.T.);
#3911 = LINE('',#3912,#3913);
#3912 = CARTESIAN_POINT('',(-76.,21.901923788647,15.));
#3913 = VECTOR('',#3914,1.);
#3914 = DIRECTION('',(0.,0.,1.));
#3915 = ORIENTED_EDGE('',*,*,#597,.F.);
#3916 = PLANE('',#3917);
#3917 = AXIS2_PLACEMENT_3D('',#3918,#3919,#3920);
#3918 = CARTESIAN_POINT('',(-74.5,24.500000000001,15.));
#3919 = DIRECTION('',(0.866025403785,-0.5,0.));
#3920 = DIRECTION('',(-0.5,-0.866025403785,0.));
#3921 = ADVANCED_FACE('',(#3922),#3940,.F.);
#3922 = FACE_BOUND('',#3923,.F.);
#3923 = EDGE_LOOP('',(#3924,#3932,#3938,#3939));
#3924 = ORIENTED_EDGE('',*,*,#3925,.T.);
#3925 = EDGE_CURVE('',#614,#3926,#3928,.T.);
#3926 = VERTEX_POINT('',#3927);
#3927 = CARTESIAN_POINT('',(-80.5,24.500000000013,17.));
#3928 = LINE('',#3929,#3930);
#3929 = CARTESIAN_POINT('',(-80.5,24.500000000013,15.));
#3930 = VECTOR('',#3931,1.);
#3931 = DIRECTION('',(0.,0.,1.));
#3932 = ORIENTED_EDGE('',*,*,#3933,.T.);
#3933 = EDGE_CURVE('',#3926,#3878,#3934,.T.);
#3934 = LINE('',#3935,#3936);
#3935 = CARTESIAN_POINT('',(-80.5,24.500000000013,17.));
#3936 = VECTOR('',#3937,1.);
#3937 = DIRECTION('',(0.500000000004,0.866025403782,0.));
#3938 = ORIENTED_EDGE('',*,*,#3877,.F.);
#3939 = ORIENTED_EDGE('',*,*,#621,.F.);
#3940 = PLANE('',#3941);
#3941 = AXIS2_PLACEMENT_3D('',#3942,#3943,#3944);
#3942 = CARTESIAN_POINT('',(-80.5,24.500000000013,15.));
#3943 = DIRECTION('',(-0.866025403782,0.500000000004,0.));
#3944 = DIRECTION('',(0.500000000004,0.866025403782,0.));
#3945 = ADVANCED_FACE('',(#3946),#3964,.F.);
#3946 = FACE_BOUND('',#3947,.F.);
#3947 = EDGE_LOOP('',(#3948,#3949,#3957,#3963));
#3948 = ORIENTED_EDGE('',*,*,#3910,.T.);
#3949 = ORIENTED_EDGE('',*,*,#3950,.T.);
#3950 = EDGE_CURVE('',#3903,#3951,#3953,.T.);
#3951 = VERTEX_POINT('',#3952);
#3952 = CARTESIAN_POINT('',(-79.00000000001,21.901923788653,17.));
#3953 = LINE('',#3954,#3955);
#3954 = CARTESIAN_POINT('',(-76.,21.901923788647,17.));
#3955 = VECTOR('',#3956,1.);
#3956 = DIRECTION('',(-1.,1.98952E-12,-0.));
#3957 = ORIENTED_EDGE('',*,*,#3958,.F.);
#3958 = EDGE_CURVE('',#606,#3951,#3959,.T.);
#3959 = LINE('',#3960,#3961);
#3960 = CARTESIAN_POINT('',(-79.00000000001,21.901923788653,15.));
#3961 = VECTOR('',#3962,1.);
#3962 = DIRECTION('',(0.,0.,1.));
#3963 = ORIENTED_EDGE('',*,*,#605,.F.);
#3964 = PLANE('',#3965);
#3965 = AXIS2_PLACEMENT_3D('',#3966,#3967,#3968);
#3966 = CARTESIAN_POINT('',(-76.,21.901923788647,15.));
#3967 = DIRECTION('',(-1.98952E-12,-1.,0.));
#3968 = DIRECTION('',(-1.,1.98952E-12,0.));
#3969 = ADVANCED_FACE('',(#3970),#3981,.F.);
#3970 = FACE_BOUND('',#3971,.F.);
#3971 = EDGE_LOOP('',(#3972,#3973,#3979,#3980));
#3972 = ORIENTED_EDGE('',*,*,#3958,.T.);
#3973 = ORIENTED_EDGE('',*,*,#3974,.T.);
#3974 = EDGE_CURVE('',#3951,#3926,#3975,.T.);
#3975 = LINE('',#3976,#3977);
#3976 = CARTESIAN_POINT('',(-79.00000000001,21.901923788653,17.));
#3977 = VECTOR('',#3978,1.);
#3978 = DIRECTION('',(-0.499999999996,0.866025403787,-0.));
#3979 = ORIENTED_EDGE('',*,*,#3925,.F.);
#3980 = ORIENTED_EDGE('',*,*,#613,.F.);
#3981 = PLANE('',#3982);
#3982 = AXIS2_PLACEMENT_3D('',#3983,#3984,#3985);
#3983 = CARTESIAN_POINT('',(-79.00000000001,21.901923788653,15.));
#3984 = DIRECTION('',(-0.866025403787,-0.499999999996,0.));
#3985 = DIRECTION('',(-0.499999999996,0.866025403787,0.));
#3986 = ADVANCED_FACE('',(#3987),#4006,.F.);
#3987 = FACE_BOUND('',#3988,.T.);
#3988 = EDGE_LOOP('',(#3989,#3990,#3998,#4005));
#3989 = ORIENTED_EDGE('',*,*,#637,.F.);
#3990 = ORIENTED_EDGE('',*,*,#3991,.T.);
#3991 = EDGE_CURVE('',#638,#3992,#3994,.T.);
#3992 = VERTEX_POINT('',#3993);
#3993 = CARTESIAN_POINT('',(-28.2,12.,17.6));
#3994 = LINE('',#3995,#3996);
#3995 = CARTESIAN_POINT('',(-28.2,12.,15.));
#3996 = VECTOR('',#3997,1.);
#3997 = DIRECTION('',(0.,0.,1.));
#3998 = ORIENTED_EDGE('',*,*,#3999,.F.);
#3999 = EDGE_CURVE('',#3992,#3992,#4000,.T.);
#4000 = CIRCLE('',#4001,1.8);
#4001 = AXIS2_PLACEMENT_3D('',#4002,#4003,#4004);
#4002 = CARTESIAN_POINT('',(-30.,12.,17.6));
#4003 = DIRECTION('',(0.,0.,-1.));
#4004 = DIRECTION('',(1.,0.,0.));
#4005 = ORIENTED_EDGE('',*,*,#3991,.F.);
#4006 = CYLINDRICAL_SURFACE('',#4007,1.8);
#4007 = AXIS2_PLACEMENT_3D('',#4008,#4009,#4010);
#4008 = CARTESIAN_POINT('',(-30.,12.,15.));
#4009 = DIRECTION('',(-0.,-0.,-1.));
#4010 = DIRECTION('',(1.,0.,0.));
#4011 = ADVANCED_FACE('',(#4012),#4028,.F.);
#4012 = FACE_BOUND('',#4013,.T.);
#4013 = EDGE_LOOP('',(#4014,#4020,#4021,#4027));
#4014 = ORIENTED_EDGE('',*,*,#4015,.T.);
#4015 = EDGE_CURVE('',#649,#1751,#4016,.T.);
#4016 = LINE('',#4017,#4018);
#4017 = CARTESIAN_POINT('',(-48.,25.,15.));
#4018 = VECTOR('',#4019,1.);
#4019 = DIRECTION('',(0.,0.,1.));
#4020 = ORIENTED_EDGE('',*,*,#1750,.T.);
#4021 = ORIENTED_EDGE('',*,*,#4022,.F.);
#4022 = EDGE_CURVE('',#651,#1753,#4023,.T.);
#4023 = LINE('',#4024,#4025);
#4024 = CARTESIAN_POINT('',(-48.,21.,15.));
#4025 = VECTOR('',#4026,1.);
#4026 = DIRECTION('',(0.,0.,1.));
#4027 = ORIENTED_EDGE('',*,*,#648,.F.);
#4028 = CYLINDRICAL_SURFACE('',#4029,2.);
#4029 = AXIS2_PLACEMENT_3D('',#4030,#4031,#4032);
#4030 = CARTESIAN_POINT('',(-48.,23.,15.));
#4031 = DIRECTION('',(-0.,-0.,-1.));
#4032 = DIRECTION('',(1.,0.,0.));
#4033 = ADVANCED_FACE('',(#4034),#4045,.F.);
#4034 = FACE_BOUND('',#4035,.F.);
#4035 = EDGE_LOOP('',(#4036,#4037,#4038,#4044));
#4036 = ORIENTED_EDGE('',*,*,#4015,.T.);
#4037 = ORIENTED_EDGE('',*,*,#1761,.T.);
#4038 = ORIENTED_EDGE('',*,*,#4039,.F.);
#4039 = EDGE_CURVE('',#660,#1762,#4040,.T.);
#4040 = LINE('',#4041,#4042);
#4041 = CARTESIAN_POINT('',(-44.,25.,15.));
#4042 = VECTOR('',#4043,1.);
#4043 = DIRECTION('',(0.,0.,1.));
#4044 = ORIENTED_EDGE('',*,*,#659,.F.);
#4045 = PLANE('',#4046);
#4046 = AXIS2_PLACEMENT_3D('',#4047,#4048,#4049);
#4047 = CARTESIAN_POINT('',(-48.,25.,15.));
#4048 = DIRECTION('',(0.,1.,0.));
#4049 = DIRECTION('',(1.,0.,0.));
#4050 = ADVANCED_FACE('',(#4051),#4062,.T.);
#4051 = FACE_BOUND('',#4052,.T.);
#4052 = EDGE_LOOP('',(#4053,#4054,#4055,#4061));
#4053 = ORIENTED_EDGE('',*,*,#4022,.T.);
#4054 = ORIENTED_EDGE('',*,*,#1778,.T.);
#4055 = ORIENTED_EDGE('',*,*,#4056,.F.);
#4056 = EDGE_CURVE('',#668,#1770,#4057,.T.);
#4057 = LINE('',#4058,#4059);
#4058 = CARTESIAN_POINT('',(-44.,21.,15.));
#4059 = VECTOR('',#4060,1.);
#4060 = DIRECTION('',(0.,0.,1.));
#4061 = ORIENTED_EDGE('',*,*,#676,.F.);
#4062 = PLANE('',#4063);
#4063 = AXIS2_PLACEMENT_3D('',#4064,#4065,#4066);
#4064 = CARTESIAN_POINT('',(-48.,21.,15.));
#4065 = DIRECTION('',(0.,1.,0.));
#4066 = DIRECTION('',(1.,0.,0.));
#4067 = ADVANCED_FACE('',(#4068),#4074,.F.);
#4068 = FACE_BOUND('',#4069,.T.);
#4069 = EDGE_LOOP('',(#4070,#4071,#4072,#4073));
#4070 = ORIENTED_EDGE('',*,*,#4056,.T.);
#4071 = ORIENTED_EDGE('',*,*,#1769,.T.);
#4072 = ORIENTED_EDGE('',*,*,#4039,.F.);
#4073 = ORIENTED_EDGE('',*,*,#667,.F.);
#4074 = CYLINDRICAL_SURFACE('',#4075,2.);
#4075 = AXIS2_PLACEMENT_3D('',#4076,#4077,#4078);
#4076 = CARTESIAN_POINT('',(-44.,23.,15.));
#4077 = DIRECTION('',(-0.,-0.,-1.));
#4078 = DIRECTION('',(1.,0.,0.));
#4079 = ADVANCED_FACE('',(#4080),#4096,.F.);
#4080 = FACE_BOUND('',#4081,.T.);
#4081 = EDGE_LOOP('',(#4082,#4088,#4089,#4095));
#4082 = ORIENTED_EDGE('',*,*,#4083,.T.);
#4083 = EDGE_CURVE('',#685,#1787,#4084,.T.);
#4084 = LINE('',#4085,#4086);
#4085 = CARTESIAN_POINT('',(-28.,21.,15.));
#4086 = VECTOR('',#4087,1.);
#4087 = DIRECTION('',(0.,0.,1.));
#4088 = ORIENTED_EDGE('',*,*,#1786,.T.);
#4089 = ORIENTED_EDGE('',*,*,#4090,.F.);
#4090 = EDGE_CURVE('',#687,#1789,#4091,.T.);
#4091 = LINE('',#4092,#4093);
#4092 = CARTESIAN_POINT('',(-28.,25.,15.));
#4093 = VECTOR('',#4094,1.);
#4094 = DIRECTION('',(0.,0.,1.));
#4095 = ORIENTED_EDGE('',*,*,#684,.F.);
#4096 = CYLINDRICAL_SURFACE('',#4097,2.);
#4097 = AXIS2_PLACEMENT_3D('',#4098,#4099,#4100);
#4098 = CARTESIAN_POINT('',(-28.,23.,15.));
#4099 = DIRECTION('',(-0.,-0.,-1.));
#4100 = DIRECTION('',(1.,0.,0.));
#4101 = ADVANCED_FACE('',(#4102),#4113,.F.);
#4102 = FACE_BOUND('',#4103,.F.);
#4103 = EDGE_LOOP('',(#4104,#4105,#4106,#4112));
#4104 = ORIENTED_EDGE('',*,*,#4083,.T.);
#4105 = ORIENTED_EDGE('',*,*,#1797,.T.);
#4106 = ORIENTED_EDGE('',*,*,#4107,.F.);
#4107 = EDGE_CURVE('',#696,#1798,#4108,.T.);
#4108 = LINE('',#4109,#4110);
#4109 = CARTESIAN_POINT('',(-32.,21.,15.));
#4110 = VECTOR('',#4111,1.);
#4111 = DIRECTION('',(0.,0.,1.));
#4112 = ORIENTED_EDGE('',*,*,#695,.F.);
#4113 = PLANE('',#4114);
#4114 = AXIS2_PLACEMENT_3D('',#4115,#4116,#4117);
#4115 = CARTESIAN_POINT('',(-28.,21.,15.));
#4116 = DIRECTION('',(0.,-1.,0.));
#4117 = DIRECTION('',(-1.,0.,0.));
#4118 = ADVANCED_FACE('',(#4119),#4130,.T.);
#4119 = FACE_BOUND('',#4120,.T.);
#4120 = EDGE_LOOP('',(#4121,#4122,#4123,#4129));
#4121 = ORIENTED_EDGE('',*,*,#4090,.T.);
#4122 = ORIENTED_EDGE('',*,*,#1814,.T.);
#4123 = ORIENTED_EDGE('',*,*,#4124,.F.);
#4124 = EDGE_CURVE('',#704,#1806,#4125,.T.);
#4125 = LINE('',#4126,#4127);
#4126 = CARTESIAN_POINT('',(-32.,25.,15.));
#4127 = VECTOR('',#4128,1.);
#4128 = DIRECTION('',(0.,0.,1.));
#4129 = ORIENTED_EDGE('',*,*,#712,.F.);
#4130 = PLANE('',#4131);
#4131 = AXIS2_PLACEMENT_3D('',#4132,#4133,#4134);
#4132 = CARTESIAN_POINT('',(-28.,25.,15.));
#4133 = DIRECTION('',(0.,-1.,0.));
#4134 = DIRECTION('',(-1.,0.,0.));
#4135 = ADVANCED_FACE('',(#4136),#4142,.F.);
#4136 = FACE_BOUND('',#4137,.T.);
#4137 = EDGE_LOOP('',(#4138,#4139,#4140,#4141));
#4138 = ORIENTED_EDGE('',*,*,#4124,.T.);
#4139 = ORIENTED_EDGE('',*,*,#1805,.T.);
#4140 = ORIENTED_EDGE('',*,*,#4107,.F.);
#4141 = ORIENTED_EDGE('',*,*,#703,.F.);
#4142 = CYLINDRICAL_SURFACE('',#4143,2.);
#4143 = AXIS2_PLACEMENT_3D('',#4144,#4145,#4146);
#4144 = CARTESIAN_POINT('',(-32.,23.,15.));
#4145 = DIRECTION('',(-0.,-0.,-1.));
#4146 = DIRECTION('',(1.,0.,0.));
#4147 = ADVANCED_FACE('',(#4148),#4173,.F.);
#4148 = FACE_BOUND('',#4149,.F.);
#4149 = EDGE_LOOP('',(#4150,#4158,#4166,#4172));
#4150 = ORIENTED_EDGE('',*,*,#4151,.T.);
#4151 = EDGE_CURVE('',#721,#4152,#4154,.T.);
#4152 = VERTEX_POINT('',#4153);
#4153 = CARTESIAN_POINT('',(-17.99999999999,27.098076211348,17.));
#4154 = LINE('',#4155,#4156);
#4155 = CARTESIAN_POINT('',(-17.99999999999,27.098076211348,15.));
#4156 = VECTOR('',#4157,1.);
#4157 = DIRECTION('',(0.,0.,1.));
#4158 = ORIENTED_EDGE('',*,*,#4159,.T.);
#4159 = EDGE_CURVE('',#4152,#4160,#4162,.T.);
#4160 = VERTEX_POINT('',#4161);
#4161 = CARTESIAN_POINT('',(-16.5,24.500000000001,17.));
#4162 = LINE('',#4163,#4164);
#4163 = CARTESIAN_POINT('',(-17.99999999999,27.098076211348,17.));
#4164 = VECTOR('',#4165,1.);
#4165 = DIRECTION('',(0.499999999999,-0.866025403785,0.));
#4166 = ORIENTED_EDGE('',*,*,#4167,.F.);
#4167 = EDGE_CURVE('',#723,#4160,#4168,.T.);
#4168 = LINE('',#4169,#4170);
#4169 = CARTESIAN_POINT('',(-16.5,24.500000000001,15.));
#4170 = VECTOR('',#4171,1.);
#4171 = DIRECTION('',(0.,0.,1.));
#4172 = ORIENTED_EDGE('',*,*,#720,.F.);
#4173 = PLANE('',#4174);
#4174 = AXIS2_PLACEMENT_3D('',#4175,#4176,#4177);
#4175 = CARTESIAN_POINT('',(-17.99999999999,27.098076211348,15.));
#4176 = DIRECTION('',(0.866025403785,0.499999999999,0.));
#4177 = DIRECTION('',(0.499999999999,-0.866025403785,0.));
#4178 = ADVANCED_FACE('',(#4179),#4197,.F.);
#4179 = FACE_BOUND('',#4180,.F.);
#4180 = EDGE_LOOP('',(#4181,#4189,#4195,#4196));
#4181 = ORIENTED_EDGE('',*,*,#4182,.T.);
#4182 = EDGE_CURVE('',#755,#4183,#4185,.T.);
#4183 = VERTEX_POINT('',#4184);
#4184 = CARTESIAN_POINT('',(-20.99999999999,27.098076211356,17.));
#4185 = LINE('',#4186,#4187);
#4186 = CARTESIAN_POINT('',(-20.99999999999,27.098076211356,15.));
#4187 = VECTOR('',#4188,1.);
#4188 = DIRECTION('',(0.,0.,1.));
#4189 = ORIENTED_EDGE('',*,*,#4190,.T.);
#4190 = EDGE_CURVE('',#4183,#4152,#4191,.T.);
#4191 = LINE('',#4192,#4193);
#4192 = CARTESIAN_POINT('',(-20.99999999999,27.098076211356,17.));
#4193 = VECTOR('',#4194,1.);
#4194 = DIRECTION('',(1.,-2.48216E-12,0.));
#4195 = ORIENTED_EDGE('',*,*,#4151,.F.);
#4196 = ORIENTED_EDGE('',*,*,#762,.F.);
#4197 = PLANE('',#4198);
#4198 = AXIS2_PLACEMENT_3D('',#4199,#4200,#4201);
#4199 = CARTESIAN_POINT('',(-20.99999999999,27.098076211356,15.));
#4200 = DIRECTION('',(2.48216E-12,1.,0.));
#4201 = DIRECTION('',(1.,-2.48216E-12,0.));
#4202 = ADVANCED_FACE('',(#4203),#4221,.F.);
#4203 = FACE_BOUND('',#4204,.F.);
#4204 = EDGE_LOOP('',(#4205,#4206,#4214,#4220));
#4205 = ORIENTED_EDGE('',*,*,#4167,.T.);
#4206 = ORIENTED_EDGE('',*,*,#4207,.T.);
#4207 = EDGE_CURVE('',#4160,#4208,#4210,.T.);
#4208 = VERTEX_POINT('',#4209);
#4209 = CARTESIAN_POINT('',(-18.,21.901923788645,17.));
#4210 = LINE('',#4211,#4212);
#4211 = CARTESIAN_POINT('',(-16.5,24.500000000001,17.));
#4212 = VECTOR('',#4213,1.);
#4213 = DIRECTION('',(-0.5,-0.866025403784,0.));
#4214 = ORIENTED_EDGE('',*,*,#4215,.F.);
#4215 = EDGE_CURVE('',#731,#4208,#4216,.T.);
#4216 = LINE('',#4217,#4218);
#4217 = CARTESIAN_POINT('',(-18.,21.901923788645,15.));
#4218 = VECTOR('',#4219,1.);
#4219 = DIRECTION('',(0.,0.,1.));
#4220 = ORIENTED_EDGE('',*,*,#730,.F.);
#4221 = PLANE('',#4222);
#4222 = AXIS2_PLACEMENT_3D('',#4223,#4224,#4225);
#4223 = CARTESIAN_POINT('',(-16.5,24.500000000001,15.));
#4224 = DIRECTION('',(0.866025403784,-0.5,0.));
#4225 = DIRECTION('',(-0.5,-0.866025403784,0.));
#4226 = ADVANCED_FACE('',(#4227),#4245,.F.);
#4227 = FACE_BOUND('',#4228,.F.);
#4228 = EDGE_LOOP('',(#4229,#4237,#4243,#4244));
#4229 = ORIENTED_EDGE('',*,*,#4230,.T.);
#4230 = EDGE_CURVE('',#747,#4231,#4233,.T.);
#4231 = VERTEX_POINT('',#4232);
#4232 = CARTESIAN_POINT('',(-22.5,24.500000000001,17.));
#4233 = LINE('',#4234,#4235);
#4234 = CARTESIAN_POINT('',(-22.5,24.500000000001,15.));
#4235 = VECTOR('',#4236,1.);
#4236 = DIRECTION('',(0.,0.,1.));
#4237 = ORIENTED_EDGE('',*,*,#4238,.T.);
#4238 = EDGE_CURVE('',#4231,#4183,#4239,.T.);
#4239 = LINE('',#4240,#4241);
#4240 = CARTESIAN_POINT('',(-22.5,24.500000000001,17.));
#4241 = VECTOR('',#4242,1.);
#4242 = DIRECTION('',(0.500000000001,0.866025403784,0.));
#4243 = ORIENTED_EDGE('',*,*,#4182,.F.);
#4244 = ORIENTED_EDGE('',*,*,#754,.F.);
#4245 = PLANE('',#4246);
#4246 = AXIS2_PLACEMENT_3D('',#4247,#4248,#4249);
#4247 = CARTESIAN_POINT('',(-22.5,24.500000000001,15.));
#4248 = DIRECTION('',(-0.866025403784,0.500000000001,0.));
#4249 = DIRECTION('',(0.500000000001,0.866025403784,0.));
#4250 = ADVANCED_FACE('',(#4251),#4269,.F.);
#4251 = FACE_BOUND('',#4252,.F.);
#4252 = EDGE_LOOP('',(#4253,#4254,#4262,#4268));
#4253 = ORIENTED_EDGE('',*,*,#4215,.T.);
#4254 = ORIENTED_EDGE('',*,*,#4255,.T.);
#4255 = EDGE_CURVE('',#4208,#4256,#4258,.T.);
#4256 = VERTEX_POINT('',#4257);
#4257 = CARTESIAN_POINT('',(-20.99999999999,21.901923788645,17.));
#4258 = LINE('',#4259,#4260);
#4259 = CARTESIAN_POINT('',(-18.,21.901923788645,17.));
#4260 = VECTOR('',#4261,1.);
#4261 = DIRECTION('',(-1.,0.,0.));
#4262 = ORIENTED_EDGE('',*,*,#4263,.F.);
#4263 = EDGE_CURVE('',#739,#4256,#4264,.T.);
#4264 = LINE('',#4265,#4266);
#4265 = CARTESIAN_POINT('',(-20.99999999999,21.901923788645,15.));
#4266 = VECTOR('',#4267,1.);
#4267 = DIRECTION('',(0.,0.,1.));
#4268 = ORIENTED_EDGE('',*,*,#738,.F.);
#4269 = PLANE('',#4270);
#4270 = AXIS2_PLACEMENT_3D('',#4271,#4272,#4273);
#4271 = CARTESIAN_POINT('',(-18.,21.901923788645,15.));
#4272 = DIRECTION('',(0.,-1.,0.));
#4273 = DIRECTION('',(-1.,0.,0.));
#4274 = ADVANCED_FACE('',(#4275),#4286,.F.);
#4275 = FACE_BOUND('',#4276,.F.);
#4276 = EDGE_LOOP('',(#4277,#4278,#4284,#4285));
#4277 = ORIENTED_EDGE('',*,*,#4263,.T.);
#4278 = ORIENTED_EDGE('',*,*,#4279,.T.);
#4279 = EDGE_CURVE('',#4256,#4231,#4280,.T.);
#4280 = LINE('',#4281,#4282);
#4281 = CARTESIAN_POINT('',(-20.99999999999,21.901923788645,17.));
#4282 = VECTOR('',#4283,1.);
#4283 = DIRECTION('',(-0.5,0.866025403784,-0.));
#4284 = ORIENTED_EDGE('',*,*,#4230,.F.);
#4285 = ORIENTED_EDGE('',*,*,#746,.F.);
#4286 = PLANE('',#4287);
#4287 = AXIS2_PLACEMENT_3D('',#4288,#4289,#4290);
#4288 = CARTESIAN_POINT('',(-20.99999999999,21.901923788645,15.));
#4289 = DIRECTION('',(-0.866025403784,-0.5,0.));
#4290 = DIRECTION('',(-0.5,0.866025403784,0.));
#4291 = ADVANCED_FACE('',(#4292),#4308,.F.);
#4292 = FACE_BOUND('',#4293,.T.);
#4293 = EDGE_LOOP('',(#4294,#4300,#4301,#4307));
#4294 = ORIENTED_EDGE('',*,*,#4295,.T.);
#4295 = EDGE_CURVE('',#771,#1834,#4296,.T.);
#4296 = LINE('',#4297,#4298);
#4297 = CARTESIAN_POINT('',(-8.,38.,15.));
#4298 = VECTOR('',#4299,1.);
#4299 = DIRECTION('',(0.,0.,1.));
#4300 = ORIENTED_EDGE('',*,*,#1833,.T.);
#4301 = ORIENTED_EDGE('',*,*,#4302,.F.);
#4302 = EDGE_CURVE('',#773,#1836,#4303,.T.);
#4303 = LINE('',#4304,#4305);
#4304 = CARTESIAN_POINT('',(-8.,30.,15.));
#4305 = VECTOR('',#4306,1.);
#4306 = DIRECTION('',(0.,0.,1.));
#4307 = ORIENTED_EDGE('',*,*,#770,.F.);
#4308 = CYLINDRICAL_SURFACE('',#4309,4.);
#4309 = AXIS2_PLACEMENT_3D('',#4310,#4311,#4312);
#4310 = CARTESIAN_POINT('',(-8.,34.,15.));
#4311 = DIRECTION('',(-0.,-0.,-1.));
#4312 = DIRECTION('',(1.,0.,0.));
#4313 = ADVANCED_FACE('',(#4314),#4325,.F.);
#4314 = FACE_BOUND('',#4315,.F.);
#4315 = EDGE_LOOP('',(#4316,#4317,#4318,#4324));
#4316 = ORIENTED_EDGE('',*,*,#4295,.T.);
#4317 = ORIENTED_EDGE('',*,*,#1844,.T.);
#4318 = ORIENTED_EDGE('',*,*,#4319,.F.);
#4319 = EDGE_CURVE('',#782,#1845,#4320,.T.);
#4320 = LINE('',#4321,#4322);
#4321 = CARTESIAN_POINT('',(8.,38.,15.));
#4322 = VECTOR('',#4323,1.);
#4323 = DIRECTION('',(0.,0.,1.));
#4324 = ORIENTED_EDGE('',*,*,#781,.F.);
#4325 = PLANE('',#4326);
#4326 = AXIS2_PLACEMENT_3D('',#4327,#4328,#4329);
#4327 = CARTESIAN_POINT('',(-8.,38.,15.));
#4328 = DIRECTION('',(0.,1.,0.));
#4329 = DIRECTION('',(1.,0.,0.));
#4330 = ADVANCED_FACE('',(#4331),#4342,.T.);
#4331 = FACE_BOUND('',#4332,.T.);
#4332 = EDGE_LOOP('',(#4333,#4334,#4335,#4341));
#4333 = ORIENTED_EDGE('',*,*,#4302,.T.);
#4334 = ORIENTED_EDGE('',*,*,#1861,.T.);
#4335 = ORIENTED_EDGE('',*,*,#4336,.F.);
#4336 = EDGE_CURVE('',#790,#1853,#4337,.T.);
#4337 = LINE('',#4338,#4339);
#4338 = CARTESIAN_POINT('',(8.,30.,15.));
#4339 = VECTOR('',#4340,1.);
#4340 = DIRECTION('',(0.,0.,1.));
#4341 = ORIENTED_EDGE('',*,*,#798,.F.);
#4342 = PLANE('',#4343);
#4343 = AXIS2_PLACEMENT_3D('',#4344,#4345,#4346);
#4344 = CARTESIAN_POINT('',(-8.,30.,15.));
#4345 = DIRECTION('',(0.,1.,0.));
#4346 = DIRECTION('',(1.,0.,0.));
#4347 = ADVANCED_FACE('',(#4348),#4354,.F.);
#4348 = FACE_BOUND('',#4349,.T.);
#4349 = EDGE_LOOP('',(#4350,#4351,#4352,#4353));
#4350 = ORIENTED_EDGE('',*,*,#4336,.T.);
#4351 = ORIENTED_EDGE('',*,*,#1852,.T.);
#4352 = ORIENTED_EDGE('',*,*,#4319,.F.);
#4353 = ORIENTED_EDGE('',*,*,#789,.F.);
#4354 = CYLINDRICAL_SURFACE('',#4355,4.);
#4355 = AXIS2_PLACEMENT_3D('',#4356,#4357,#4358);
#4356 = CARTESIAN_POINT('',(8.,34.,15.));
#4357 = DIRECTION('',(-0.,-0.,-1.));
#4358 = DIRECTION('',(1.,0.,0.));
#4359 = ADVANCED_FACE('',(#4360),#4379,.F.);
#4360 = FACE_BOUND('',#4361,.T.);
#4361 = EDGE_LOOP('',(#4362,#4363,#4371,#4378));
#4362 = ORIENTED_EDGE('',*,*,#806,.F.);
#4363 = ORIENTED_EDGE('',*,*,#4364,.T.);
#4364 = EDGE_CURVE('',#807,#4365,#4367,.T.);
#4365 = VERTEX_POINT('',#4366);
#4366 = CARTESIAN_POINT('',(-18.7,63.,17.6));
#4367 = LINE('',#4368,#4369);
#4368 = CARTESIAN_POINT('',(-18.7,63.,15.));
#4369 = VECTOR('',#4370,1.);
#4370 = DIRECTION('',(0.,0.,1.));
#4371 = ORIENTED_EDGE('',*,*,#4372,.F.);
#4372 = EDGE_CURVE('',#4365,#4365,#4373,.T.);
#4373 = CIRCLE('',#4374,1.8);
#4374 = AXIS2_PLACEMENT_3D('',#4375,#4376,#4377);
#4375 = CARTESIAN_POINT('',(-20.5,63.,17.6));
#4376 = DIRECTION('',(0.,0.,-1.));
#4377 = DIRECTION('',(1.,0.,0.));
#4378 = ORIENTED_EDGE('',*,*,#4364,.F.);
#4379 = CYLINDRICAL_SURFACE('',#4380,1.8);
#4380 = AXIS2_PLACEMENT_3D('',#4381,#4382,#4383);
#4381 = CARTESIAN_POINT('',(-20.5,63.,15.));
#4382 = DIRECTION('',(-0.,-0.,-1.));
#4383 = DIRECTION('',(1.,0.,0.));
#4384 = ADVANCED_FACE('',(#4385),#4403,.F.);
#4385 = FACE_BOUND('',#4386,.T.);
#4386 = EDGE_LOOP('',(#4387,#4394,#4395,#4396));
#4387 = ORIENTED_EDGE('',*,*,#4388,.F.);
#4388 = EDGE_CURVE('',#818,#4389,#4391,.T.);
#4389 = VERTEX_POINT('',#4390);
#4390 = CARTESIAN_POINT('',(-51.16351743323,85.,16.2));
#4391 = B_SPLINE_CURVE_WITH_KNOTS('',1,(#4392,#4393),.UNSPECIFIED.,.F.,
  .F.,(2,2),(0.,1.),.PIECEWISE_BEZIER_KNOTS.);
#4392 = CARTESIAN_POINT('',(-49.96351743323,85.,15.));
#4393 = CARTESIAN_POINT('',(-51.96351743323,85.,17.));
#4394 = ORIENTED_EDGE('',*,*,#817,.T.);
#4395 = ORIENTED_EDGE('',*,*,#4388,.T.);
#4396 = ORIENTED_EDGE('',*,*,#4397,.F.);
#4397 = EDGE_CURVE('',#4389,#4389,#4398,.T.);
#4398 = CIRCLE('',#4399,1.8);
#4399 = AXIS2_PLACEMENT_3D('',#4400,#4401,#4402);
#4400 = CARTESIAN_POINT('',(-52.96351743323,85.,16.2));
#4401 = DIRECTION('',(0.,0.,-1.));
#4402 = DIRECTION('',(0.,1.,0.));
#4403 = CONICAL_SURFACE('',#4404,3.,0.785398163397);
#4404 = AXIS2_PLACEMENT_3D('',#4405,#4406,#4407);
#4405 = CARTESIAN_POINT('',(-52.96351743323,85.,15.));
#4406 = DIRECTION('',(-0.,-0.,-1.));
#4407 = DIRECTION('',(1.,0.,-0.));
#4408 = ADVANCED_FACE('',(#4409),#4428,.F.);
#4409 = FACE_BOUND('',#4410,.T.);
#4410 = EDGE_LOOP('',(#4411,#4412,#4420,#4427));
#4411 = ORIENTED_EDGE('',*,*,#828,.F.);
#4412 = ORIENTED_EDGE('',*,*,#4413,.T.);
#4413 = EDGE_CURVE('',#829,#4414,#4416,.T.);
#4414 = VERTEX_POINT('',#4415);
#4415 = CARTESIAN_POINT('',(-18.7,83.,17.6));
#4416 = LINE('',#4417,#4418);
#4417 = CARTESIAN_POINT('',(-18.7,83.,15.));
#4418 = VECTOR('',#4419,1.);
#4419 = DIRECTION('',(0.,0.,1.));
#4420 = ORIENTED_EDGE('',*,*,#4421,.F.);
#4421 = EDGE_CURVE('',#4414,#4414,#4422,.T.);
#4422 = CIRCLE('',#4423,1.8);
#4423 = AXIS2_PLACEMENT_3D('',#4424,#4425,#4426);
#4424 = CARTESIAN_POINT('',(-20.5,83.,17.6));
#4425 = DIRECTION('',(0.,0.,-1.));
#4426 = DIRECTION('',(1.,0.,0.));
#4427 = ORIENTED_EDGE('',*,*,#4413,.F.);
#4428 = CYLINDRICAL_SURFACE('',#4429,1.8);
#4429 = AXIS2_PLACEMENT_3D('',#4430,#4431,#4432);
#4430 = CARTESIAN_POINT('',(-20.5,83.,15.));
#4431 = DIRECTION('',(-0.,-0.,-1.));
#4432 = DIRECTION('',(1.,0.,0.));
#4433 = ADVANCED_FACE('',(#4434),#4453,.F.);
#4434 = FACE_BOUND('',#4435,.T.);
#4435 = EDGE_LOOP('',(#4436,#4437,#4445,#4452));
#4436 = ORIENTED_EDGE('',*,*,#839,.F.);
#4437 = ORIENTED_EDGE('',*,*,#4438,.T.);
#4438 = EDGE_CURVE('',#840,#4439,#4441,.T.);
#4439 = VERTEX_POINT('',#4440);
#4440 = CARTESIAN_POINT('',(22.3,63.,17.6));
#4441 = LINE('',#4442,#4443);
#4442 = CARTESIAN_POINT('',(22.3,63.,15.));
#4443 = VECTOR('',#4444,1.);
#4444 = DIRECTION('',(0.,0.,1.));
#4445 = ORIENTED_EDGE('',*,*,#4446,.F.);
#4446 = EDGE_CURVE('',#4439,#4439,#4447,.T.);
#4447 = CIRCLE('',#4448,1.8);
#4448 = AXIS2_PLACEMENT_3D('',#4449,#4450,#4451);
#4449 = CARTESIAN_POINT('',(20.5,63.,17.6));
#4450 = DIRECTION('',(0.,0.,-1.));
#4451 = DIRECTION('',(1.,0.,0.));
#4452 = ORIENTED_EDGE('',*,*,#4438,.F.);
#4453 = CYLINDRICAL_SURFACE('',#4454,1.8);
#4454 = AXIS2_PLACEMENT_3D('',#4455,#4456,#4457);
#4455 = CARTESIAN_POINT('',(20.5,63.,15.));
#4456 = DIRECTION('',(-0.,-0.,-1.));
#4457 = DIRECTION('',(1.,0.,0.));
#4458 = ADVANCED_FACE('',(#4459),#4478,.F.);
#4459 = FACE_BOUND('',#4460,.T.);
#4460 = EDGE_LOOP('',(#4461,#4462,#4470,#4477));
#4461 = ORIENTED_EDGE('',*,*,#850,.F.);
#4462 = ORIENTED_EDGE('',*,*,#4463,.T.);
#4463 = EDGE_CURVE('',#851,#4464,#4466,.T.);
#4464 = VERTEX_POINT('',#4465);
#4465 = CARTESIAN_POINT('',(22.3,83.,17.6));
#4466 = LINE('',#4467,#4468);
#4467 = CARTESIAN_POINT('',(22.3,83.,15.));
#4468 = VECTOR('',#4469,1.);
#4469 = DIRECTION('',(0.,0.,1.));
#4470 = ORIENTED_EDGE('',*,*,#4471,.F.);
#4471 = EDGE_CURVE('',#4464,#4464,#4472,.T.);
#4472 = CIRCLE('',#4473,1.8);
#4473 = AXIS2_PLACEMENT_3D('',#4474,#4475,#4476);
#4474 = CARTESIAN_POINT('',(20.5,83.,17.6));
#4475 = DIRECTION('',(0.,0.,-1.));
#4476 = DIRECTION('',(1.,0.,0.));
#4477 = ORIENTED_EDGE('',*,*,#4463,.F.);
#4478 = CYLINDRICAL_SURFACE('',#4479,1.8);
#4479 = AXIS2_PLACEMENT_3D('',#4480,#4481,#4482);
#4480 = CARTESIAN_POINT('',(20.5,83.,15.));
#4481 = DIRECTION('',(-0.,-0.,-1.));
#4482 = DIRECTION('',(1.,0.,0.));
#4483 = ADVANCED_FACE('',(#4484),#4866,.F.);
#4484 = FACE_BOUND('',#4485,.T.);
#4485 = EDGE_LOOP('',(#4486,#4493,#4494,#4495));
#4486 = ORIENTED_EDGE('',*,*,#4487,.F.);
#4487 = EDGE_CURVE('',#862,#4488,#4490,.T.);
#4488 = VERTEX_POINT('',#4489);
#4489 = CARTESIAN_POINT('',(31.8,85.,16.2));
#4490 = B_SPLINE_CURVE_WITH_KNOTS('',1,(#4491,#4492),.UNSPECIFIED.,.F.,
  .F.,(2,2),(0.,1.),.PIECEWISE_BEZIER_KNOTS.);
#4491 = CARTESIAN_POINT('',(33.,85.,15.));
#4492 = CARTESIAN_POINT('',(31.,85.,17.));
#4493 = ORIENTED_EDGE('',*,*,#861,.T.);
#4494 = ORIENTED_EDGE('',*,*,#4487,.T.);
#4495 = ORIENTED_EDGE('',*,*,#4496,.T.);
#4496 = EDGE_CURVE('',#4488,#4488,#4497,.T.);
#4497 = B_SPLINE_CURVE_WITH_KNOTS('',7,(#4498,#4499,#4500,#4501,#4502,
    #4503,#4504,#4505,#4506,#4507,#4508,#4509,#4510,#4511,#4512,#4513,
    #4514,#4515,#4516,#4517,#4518,#4519,#4520,#4521,#4522,#4523,#4524,
    #4525,#4526,#4527,#4528,#4529,#4530,#4531,#4532,#4533,#4534,#4535,
    #4536,#4537,#4538,#4539,#4540,#4541,#4542,#4543,#4544,#4545,#4546,
    #4547,#4548,#4549,#4550,#4551,#4552,#4553,#4554,#4555,#4556,#4557,
    #4558,#4559,#4560,#4561,#4562,#4563,#4564,#4565,#4566,#4567,#4568,
    #4569,#4570,#4571,#4572,#4573,#4574,#4575,#4576,#4577,#4578,#4579,
    #4580,#4581,#4582,#4583,#4584,#4585,#4586,#4587,#4588,#4589,#4590,
    #4591,#4592,#4593,#4594,#4595,#4596,#4597,#4598,#4599,#4600,#4601,
    #4602,#4603,#4604,#4605,#4606,#4607,#4608,#4609,#4610,#4611,#4612,
    #4613,#4614,#4615,#4616,#4617,#4618,#4619,#4620,#4621,#4622,#4623,
    #4624,#4625,#4626,#4627,#4628,#4629,#4630,#4631,#4632,#4633,#4634,
    #4635,#4636,#4637,#4638,#4639,#4640,#4641,#4642,#4643,#4644,#4645,
    #4646,#4647,#4648,#4649,#4650,#4651,#4652,#4653,#4654,#4655,#4656,
    #4657,#4658,#4659,#4660,#4661,#4662,#4663,#4664,#4665,#4666,#4667,
    #4668,#4669,#4670,#4671,#4672,#4673,#4674,#4675,#4676,#4677,#4678,
    #4679,#4680,#4681,#4682,#4683,#4684,#4685,#4686,#4687,#4688,#4689,
    #4690,#4691,#4692,#4693,#4694,#4695,#4696,#4697,#4698,#4699,#4700,
    #4701,#4702,#4703,#4704,#4705,#4706,#4707,#4708,#4709,#4710,#4711,
    #4712,#4713,#4714,#4715,#4716,#4717,#4718,#4719,#4720,#4721,#4722,
    #4723,#4724,#4725,#4726,#4727,#4728,#4729,#4730,#4731,#4732,#4733,
    #4734,#4735,#4736,#4737,#4738,#4739,#4740,#4741,#4742,#4743,#4744,
    #4745,#4746,#4747,#4748,#4749,#4750,#4751,#4752,#4753,#4754,#4755,
    #4756,#4757,#4758,#4759,#4760,#4761,#4762,#4763,#4764,#4765,#4766,
    #4767,#4768,#4769,#4770,#4771,#4772,#4773,#4774,#4775,#4776,#4777,
    #4778,#4779,#4780,#4781,#4782,#4783,#4784,#4785,#4786,#4787,#4788,
    #4789,#4790,#4791,#4792,#4793,#4794,#4795,#4796,#4797,#4798,#4799,
    #4800,#4801,#4802,#4803,#4804,#4805,#4806,#4807,#4808,#4809,#4810,
    #4811,#4812,#4813,#4814,#4815,#4816,#4817,#4818,#4819,#4820,#4821,
    #4822,#4823,#4824,#4825,#4826,#4827,#4828,#4829,#4830,#4831,#4832,
    #4833,#4834,#4835,#4836,#4837,#4838,#4839,#4840,#4841,#4842,#4843,
    #4844,#4845,#4846,#4847,#4848,#4849,#4850,#4851,#4852,#4853,#4854,
    #4855,#4856,#4857,#4858,#4859,#4860,#4861,#4862,#4863,#4864,#4865),
  .UNSPECIFIED.,.T.,.F.,(8,6,6,6,6,6,6,6,6,6,6,6,6,6,6,6,6,6,6,6,6,6,6,6
    ,6,6,6,6,6,6,6,6,6,6,6,6,6,6,6,6,6,6,6,6,6,6,6,6,6,6,6,6,6,6,6,6,6,6
    ,6,6,6,8),(0.,1.909570810266E-02,3.366888930205E-02,
    4.824207050145E-02,6.281525170087E-02,7.738843290029E-02,
    9.196161409969E-02,0.106534795299,0.121107976498,0.135681157698,
    0.150254338897,0.164827520097,0.179400701296,0.193973882495,
    0.208547063695,0.223120244894,0.237693426093,0.252266607293,
    0.266839788492,0.281412969692,0.295986150891,0.31055933209,
    0.32513251329,0.339705694489,0.354278875689,0.368852056888,
    0.383425238087,0.397998419287,0.412571600486,0.427144781685,
    0.441717962885,0.456291144084,0.470864325283,0.485437506483,
    0.500010687682,0.514583868881,0.529157050081,0.543227707846,
    0.557800889046,0.572374070245,0.586947251444,0.601520432644,
    0.616093613843,0.630666795042,0.645239976242,0.659813157441,
    0.674386338641,0.68895951984,0.703532701039,0.718105882239,
    0.732679063438,0.747252244637,0.761825425837,0.776398607036,
    0.790469264801,0.805042446001,0.8196156272,0.834188808399,
    0.848761989599,0.863335170798,0.871878070349,1.),.UNSPECIFIED.);
#4498 = CARTESIAN_POINT('',(31.8,85.,16.2));
#4499 = CARTESIAN_POINT('',(31.8,85.030853388589,16.2));
#4500 = CARTESIAN_POINT('',(31.799383037315,85.061705539831,16.2));
#4501 = CARTESIAN_POINT('',(31.798149130623,85.092542415194,
    16.200000000001));
#4502 = CARTESIAN_POINT('',(31.796298736469,85.123349707591,
    16.200000000001));
#4503 = CARTESIAN_POINT('',(31.793832749267,85.15411284138,
    16.200000000001));
#4504 = CARTESIAN_POINT('',(31.790752501293,85.184816972368,
    16.200000000001));
#4505 = CARTESIAN_POINT('',(31.784241592852,85.238822751757,
    16.200000000001));
#4506 = CARTESIAN_POINT('',(31.781066692808,85.262155511533,
    16.200000000001));
#4507 = CARTESIAN_POINT('',(31.777535850983,85.285438728672,
    16.200000000001));
#4508 = CARTESIAN_POINT('',(31.773650004362,85.308665889567,
    16.200000000001));
#4509 = CARTESIAN_POINT('',(31.769410238498,85.331830505466,
    16.200000000001));
#4510 = CARTESIAN_POINT('',(31.764817787509,85.354926112472,
    16.200000000001));
#4511 = CARTESIAN_POINT('',(31.75493028065,85.400966430613,
    16.200000000001));
#4512 = CARTESIAN_POINT('',(31.749635223517,85.423911147631,
    16.200000000001));
#4513 = CARTESIAN_POINT('',(31.743990245649,85.446773983614,
    16.200000000001));
#4514 = CARTESIAN_POINT('',(31.737996875686,85.469548537917,
    16.200000000001));
#4515 = CARTESIAN_POINT('',(31.731656787939,85.492228448227,
    16.200000000001));
#4516 = CARTESIAN_POINT('',(31.724971802389,85.514807390568,
    16.200000000001));
#4517 = CARTESIAN_POINT('',(31.710915966993,85.559750768031,
    16.200000000001));
#4518 = CARTESIAN_POINT('',(31.70354511535,85.582115208894,
    16.200000000001));
#4519 = CARTESIAN_POINT('',(31.695833295693,85.604366116334,
    16.200000000001));
#4520 = CARTESIAN_POINT('',(31.687782615509,85.62649725629,
    16.200000000001));
#4521 = CARTESIAN_POINT('',(31.67939532384,85.648502446196,
    16.200000000001));
#4522 = CARTESIAN_POINT('',(31.670673811284,85.670375554978,
    16.200000000001));
#4523 = CARTESIAN_POINT('',(31.652567408705,85.713845451137,
    16.200000000001));
#4524 = CARTESIAN_POINT('',(31.643182516368,85.735442244068,
    16.200000000001));
#4525 = CARTESIAN_POINT('',(31.633468465407,85.756894802383,
    16.200000000001));
#4526 = CARTESIAN_POINT('',(31.623427924498,85.778197110836,
    16.200000000001));
#4527 = CARTESIAN_POINT('',(31.613063698572,85.799343218404,
    16.200000000001));
#4528 = CARTESIAN_POINT('',(31.602378728813,85.820327238284,
    16.200000000001));
#4529 = CARTESIAN_POINT('',(31.580373456509,85.861959457505,
    16.200000000001));
#4530 = CARTESIAN_POINT('',(31.569053151153,85.882607662166,
    16.200000000001));
#4531 = CARTESIAN_POINT('',(31.55741825429,85.903082139431,
    16.200000000001));
#4532 = CARTESIAN_POINT('',(31.545471973426,85.923377143268,
    16.200000000001));
#4533 = CARTESIAN_POINT('',(31.533217645882,85.943487004052,
    16.200000000001));
#4534 = CARTESIAN_POINT('',(31.520658738787,85.963406128572,
    16.200000000001));
#4535 = CARTESIAN_POINT('',(31.494938959384,86.002851871484,
    16.200000000001));
#4536 = CARTESIAN_POINT('',(31.481778083788,86.022378494915,
    16.200000000001));
#4537 = CARTESIAN_POINT('',(31.468319819484,86.041703353679,
    16.200000000001));
#4538 = CARTESIAN_POINT('',(31.454567885938,86.060821019095,
    16.200000000001));
#4539 = CARTESIAN_POINT('',(31.440526124898,86.079726150441,
    16.200000000001));
#4540 = CARTESIAN_POINT('',(31.426198500391,86.098413494957,
    16.200000000001));
#4541 = CARTESIAN_POINT('',(31.396979697065,86.135342280729,
    16.200000000001));
#4542 = CARTESIAN_POINT('',(31.382088514511,86.153583726703,
    16.200000000001));
#4543 = CARTESIAN_POINT('',(31.366919637605,86.171597061145,
    16.200000000001));
#4544 = CARTESIAN_POINT('',(31.351477266609,86.189377218209,
    16.200000000001));
#4545 = CARTESIAN_POINT('',(31.335765715511,86.20691923082,
    16.200000000001));
#4546 = CARTESIAN_POINT('',(31.319789412028,86.224218230677,
    16.200000000001));
#4547 = CARTESIAN_POINT('',(31.287316383169,86.258320665827,
    16.200000000001));
#4548 = CARTESIAN_POINT('',(31.270819653645,86.275124105477,
    16.200000000001));
#4549 = CARTESIAN_POINT('',(31.254067250677,86.291674997874,
    16.200000000001));
#4550 = CARTESIAN_POINT('',(31.237063820136,86.307968682448,
    16.200000000001));
#4551 = CARTESIAN_POINT('',(31.219814112107,86.324000607388,
    16.200000000001));
#4552 = CARTESIAN_POINT('',(31.202322980897,86.339766329637,
    16.200000000001));
#4553 = CARTESIAN_POINT('',(31.16686778916,86.370756700163,
    16.200000000001));
#4554 = CARTESIAN_POINT('',(31.148903724104,86.385981352399,
    16.200000000001));
#4555 = CARTESIAN_POINT('',(31.130708148574,86.400931137531,
    16.200000000001));
#4556 = CARTESIAN_POINT('',(31.112286115123,86.415601839311,
    16.200000000001));
#4557 = CARTESIAN_POINT('',(31.093642770139,86.429989359324,
    16.200000000001));
#4558 = CARTESIAN_POINT('',(31.074783353849,86.444089716988,
    16.200000000001));
#4559 = CARTESIAN_POINT('',(31.036643046782,86.471708382113,
    16.200000000001));
#4560 = CARTESIAN_POINT('',(31.017362151132,86.485226693102,
    16.200000000001));
#4561 = CARTESIAN_POINT('',(30.9978758476,86.498450120001,
    16.200000000001));
#4562 = CARTESIAN_POINT('',(30.978189553088,86.511374926213,
    16.200000000001));
#4563 = CARTESIAN_POINT('',(30.958308767171,86.523997501055,
    16.200000000001));
#4564 = CARTESIAN_POINT('',(30.938239072092,86.536314359765,
    16.200000000001));
#4565 = CARTESIAN_POINT('',(30.897733193437,86.560329927234,
    16.200000000001));
#4566 = CARTESIAN_POINT('',(30.877297004686,86.572028639061,
    16.200000000001));
#4567 = CARTESIAN_POINT('',(30.856683231574,86.583414920384,
    16.200000000001));
#4568 = CARTESIAN_POINT('',(30.835897609971,86.59448554556,
    16.200000000001));
#4569 = CARTESIAN_POINT('',(30.81494594656,86.605237421892,
    16.200000000001));
#4570 = CARTESIAN_POINT('',(30.793834118834,86.615667589635,
    16.200000000001));
#4571 = CARTESIAN_POINT('',(30.751302031357,86.635878854347,
    16.200000000001));
#4572 = CARTESIAN_POINT('',(30.729881766172,86.645659953899,
    16.200000000001));
#4573 = CARTESIAN_POINT('',(30.708313227967,86.655113694113,
    16.200000000001));
#4574 = CARTESIAN_POINT('',(30.686602423528,86.664237387322,
    16.200000000001));
#4575 = CARTESIAN_POINT('',(30.664755417994,86.673028484726,
    16.200000000001));
#4576 = CARTESIAN_POINT('',(30.642778334867,86.681484576393,
    16.200000000001));
#4577 = CARTESIAN_POINT('',(30.598576377136,86.697722206121,
    16.200000000001));
#4578 = CARTESIAN_POINT('',(30.576351496885,86.705503746257,
    16.200000000001));
#4579 = CARTESIAN_POINT('',(30.554008897205,86.712945740872,
    16.200000000001));
#4580 = CARTESIAN_POINT('',(30.531554805467,86.720046062796,
    16.200000000001));
#4581 = CARTESIAN_POINT('',(30.508995494458,86.726802728478,
    16.200000000001));
#4582 = CARTESIAN_POINT('',(30.486337282381,86.733213897991,
    16.200000000001));
#4583 = CARTESIAN_POINT('',(30.440835783324,86.745341852063,
    16.200000000001));
#4584 = CARTESIAN_POINT('',(30.417992490531,86.751058638172,
    16.200000000001));
#4585 = CARTESIAN_POINT('',(30.395063018165,86.756426537329,
    16.200000000001));
#4586 = CARTESIAN_POINT('',(30.372053762012,86.761444000679,
    16.200000000001));
#4587 = CARTESIAN_POINT('',(30.348971149949,86.766109626541,
    16.200000000001));
#4588 = CARTESIAN_POINT('',(30.325821641947,86.770422160407,
    16.200000000001));
#4589 = CARTESIAN_POINT('',(30.279401818193,86.778338829473,
    16.200000000001));
#4590 = CARTESIAN_POINT('',(30.25613149651,86.781942965685,
    16.200000000001));
#4591 = CARTESIAN_POINT('',(30.232807257134,86.785191796525,
    16.200000000001));
#4592 = CARTESIAN_POINT('',(30.209435610677,86.788084364434,
    16.200000000001));
#4593 = CARTESIAN_POINT('',(30.186023086257,86.790619861344,
    16.200000000001));
#4594 = CARTESIAN_POINT('',(30.162576231489,86.792797628673,
    16.200000000001));
#4595 = CARTESIAN_POINT('',(30.115626993495,86.796436685997,
    16.200000000001));
#4596 = CARTESIAN_POINT('',(30.09212460427,86.797897976456,
    16.200000000001));
#4597 = CARTESIAN_POINT('',(30.068601010959,86.799000519914,
    16.200000000001));
#4598 = CARTESIAN_POINT('',(30.045062784458,86.799743958126,
    16.200000000001));
#4599 = CARTESIAN_POINT('',(30.021516500418,86.800128083406,
    16.200000000001));
#4600 = CARTESIAN_POINT('',(29.997968739246,86.800152838623,
    16.200000000001));
#4601 = CARTESIAN_POINT('',(29.950883432959,86.799483795777,
    16.200000000001));
#4602 = CARTESIAN_POINT('',(29.927345881829,86.798789997629,
    16.200000000001));
#4603 = CARTESIAN_POINT('',(29.90382001787,86.797737016472,
    16.200000000001));
#4604 = CARTESIAN_POINT('',(29.880312417209,86.796325096379,
    16.200000000001));
#4605 = CARTESIAN_POINT('',(29.856829646941,86.794554631786,
    16.200000000001));
#4606 = CARTESIAN_POINT('',(29.833378265131,86.792426167487,
    16.200000000001));
#4607 = CARTESIAN_POINT('',(29.786551376496,86.787454629787,
    16.200000000001));
#4608 = CARTESIAN_POINT('',(29.763175863686,86.78461155575,
    16.200000000001));
#4609 = CARTESIAN_POINT('',(29.73984483139,86.781411871971,
    16.200000000001));
#4610 = CARTESIAN_POINT('',(29.716564805866,86.777856422797,
    16.200000000001));
#4611 = CARTESIAN_POINT('',(29.693342290637,86.77394620148,
    16.200000000001));
#4612 = CARTESIAN_POINT('',(29.67018376648,86.769682350177,
    16.200000000001));
#4613 = CARTESIAN_POINT('',(29.624007616386,86.76044996972,
    16.200000000001));
#4614 = CARTESIAN_POINT('',(29.600989984549,86.755481439386,
    16.200000000001));
#4615 = CARTESIAN_POINT('',(29.578049253902,86.750161860292,
    16.200000000001));
#4616 = CARTESIAN_POINT('',(29.555191846165,86.744492669987,
    16.200000000001));
#4617 = CARTESIAN_POINT('',(29.532424146794,86.738475452216,
    16.200000000001));
#4618 = CARTESIAN_POINT('',(29.509752504987,86.73211193693,
    16.200000000001));
#4619 = CARTESIAN_POINT('',(29.464613962365,86.718696063627,
    16.200000000001));
#4620 = CARTESIAN_POINT('',(29.442147055785,86.711643703897,
    16.200000000001));
#4621 = CARTESIAN_POINT('',(29.419788826787,86.704248797516,
    16.200000000001));
#4622 = CARTESIAN_POINT('',(29.397545538745,86.696513363186,
    16.200000000001));
#4623 = CARTESIAN_POINT('',(29.375423405555,86.688439561883,
    16.200000000001));
#4624 = CARTESIAN_POINT('',(29.353428591638,86.680029696854,
    16.200000000001));
#4625 = CARTESIAN_POINT('',(29.30970583223,86.662542730388,
    16.200000000001));
#4626 = CARTESIAN_POINT('',(29.287977881153,86.653465626716,
    16.200000000001));
#4627 = CARTESIAN_POINT('',(29.266389473537,86.644057348397,
    16.200000000001));
#4628 = CARTESIAN_POINT('',(29.244946661936,86.634320478374,
    16.200000000001));
#4629 = CARTESIAN_POINT('',(29.223655436625,86.624257736745,
    16.200000000001));
#4630 = CARTESIAN_POINT('',(29.202521725601,86.61387198076,
    16.200000000001));
#4631 = CARTESIAN_POINT('',(29.160581063557,86.592460428884,
    16.200000000001));
#4632 = CARTESIAN_POINT('',(29.139774107179,86.581434630258,
    16.200000000001));
#4633 = CARTESIAN_POINT('',(29.11913639103,86.570091803605,
    16.200000000001));
#4634 = CARTESIAN_POINT('',(29.098673706135,86.558435074471,
    16.200000000001));
#4635 = CARTESIAN_POINT('',(29.078391768961,86.546467699287,
    16.200000000001));
#4636 = CARTESIAN_POINT('',(29.058296221415,86.534193065367,
    16.200000000001));
#4637 = CARTESIAN_POINT('',(29.018489040275,86.509036316449,
    16.200000000001));
#4638 = CARTESIAN_POINT('',(28.998777401595,86.496154198237,
    16.200000000001));
#4639 = CARTESIAN_POINT('',(28.979263281999,86.482971854716,
    16.200000000001));
#4640 = CARTESIAN_POINT('',(28.959952162465,86.469492927847,
    16.200000000001));
#4641 = CARTESIAN_POINT('',(28.940849437757,86.455721183111,
    16.200000000001));
#4642 = CARTESIAN_POINT('',(28.921960416426,86.441660509506,
    16.200000000001));
#4643 = CARTESIAN_POINT('',(28.88462022519,86.412969329592,
    16.200000000001));
#4644 = CARTESIAN_POINT('',(28.866169050514,86.398338819617,
    16.200000000001));
#4645 = CARTESIAN_POINT('',(28.847942018939,86.38342740237,
    16.200000000001));
#4646 = CARTESIAN_POINT('',(28.829944255477,86.368239205718,
    16.200000000001));
#4647 = CARTESIAN_POINT('',(28.812180787992,86.352778472642,
    16.200000000001));
#4648 = CARTESIAN_POINT('',(28.794656547202,86.337049561243,
    16.200000000001));
#4649 = CARTESIAN_POINT('',(28.760096186153,86.305064328235,
    16.200000000001));
#4650 = CARTESIAN_POINT('',(28.743060061479,86.288808002539,
    16.200000000001));
#4651 = CARTESIAN_POINT('',(28.726272826027,86.272292441083,
    16.200000000001));
#4652 = CARTESIAN_POINT('',(28.709739205904,86.255522223051,
    16.200000000001));
#4653 = CARTESIAN_POINT('',(28.693463819952,86.238502033379,
    16.200000000001));
#4654 = CARTESIAN_POINT('',(28.677451179746,86.221236662759,
    16.200000000001));
#4655 = CARTESIAN_POINT('',(28.64596019944,86.186225352503,
    16.200000000001));
#4656 = CARTESIAN_POINT('',(28.630481855317,86.168479408395,
    16.200000000001));
#4657 = CARTESIAN_POINT('',(28.615275061318,86.150498071944,
    16.200000000001));
#4658 = CARTESIAN_POINT('',(28.600344105047,86.132286335287,
    16.200000000001));
#4659 = CARTESIAN_POINT('',(28.585693157625,86.113849286066,
    16.200000000001));
#4660 = CARTESIAN_POINT('',(28.571326273686,86.095192107423,
    16.200000000001));
#4661 = CARTESIAN_POINT('',(28.543168509066,86.057448048579,
    16.200000000001));
#4662 = CARTESIAN_POINT('',(28.529377624787,86.038361163556,
    16.200000000001));
#4663 = CARTESIAN_POINT('',(28.515878676455,86.01906470175,
    16.200000000001));
#4664 = CARTESIAN_POINT('',(28.502675477251,85.999564026429,
    16.200000000001));
#4665 = CARTESIAN_POINT('',(28.48977171563,85.979864585311,
    16.200000000001));
#4666 = CARTESIAN_POINT('',(28.477170955312,85.959971910567,
    16.200000000001));
#4667 = CARTESIAN_POINT('',(28.452582315267,85.919811327065,
    16.200000000001));
#4668 = CARTESIAN_POINT('',(28.440594432398,85.899543413177,
    16.200000000001));
#4669 = CARTESIAN_POINT('',(28.428916425426,85.879093493924,
    16.200000000001));
#4670 = CARTESIAN_POINT('',(28.417551601164,85.858467258768,
    16.200000000001));
#4671 = CARTESIAN_POINT('',(28.406503134496,85.837670469867,
    16.200000000001));
#4672 = CARTESIAN_POINT('',(28.395774068374,85.816708962067,
    16.200000000001));
#4673 = CARTESIAN_POINT('',(28.374960559271,85.774468323753,
    16.200000000001));
#4674 = CARTESIAN_POINT('',(28.36487611363,85.75318918784,
    16.200000000001));
#4675 = CARTESIAN_POINT('',(28.355116887662,85.731757142842,
    16.200000000001));
#4676 = CARTESIAN_POINT('',(28.345685654106,85.710178156749,
    16.200000000001));
#4677 = CARTESIAN_POINT('',(28.336585047675,85.688458257878,
    16.200000000001));
#4678 = CARTESIAN_POINT('',(28.327817565061,85.666603534872,
    16.200000000001));
#4679 = CARTESIAN_POINT('',(28.310953564798,85.622636738519,
    16.200000000001));
#4680 = CARTESIAN_POINT('',(28.302857044994,85.600524659555,
    16.200000000001));
#4681 = CARTESIAN_POINT('',(28.295098363913,85.578290048872,
    16.200000000001));
#4682 = CARTESIAN_POINT('',(28.287679736989,85.555939102992,
    16.200000000001));
#4683 = CARTESIAN_POINT('',(28.280603236691,85.533478065886,
    16.200000000001));
#4684 = CARTESIAN_POINT('',(28.273870792531,85.510913228978,
    16.200000000001));
#4685 = CARTESIAN_POINT('',(28.261097589582,85.465588633306,
    16.200000000001));
#4686 = CARTESIAN_POINT('',(28.255056829161,85.442828868751,
    16.200000000001));
#4687 = CARTESIAN_POINT('',(28.249363696061,85.41997797643,
    16.200000000001));
#4688 = CARTESIAN_POINT('',(28.244019829851,85.397042329478,
    16.200000000001));
#4689 = CARTESIAN_POINT('',(28.239026723394,85.374028335208,
    16.200000000001));
#4690 = CARTESIAN_POINT('',(28.234385722856,85.350942435116,
    16.200000000001));
#4691 = CARTESIAN_POINT('',(28.225810332538,85.304639774639,
    16.200000000001));
#4692 = CARTESIAN_POINT('',(28.221875941663,85.281423008337,
    16.200000000001));
#4693 = CARTESIAN_POINT('',(28.218296054249,85.258147281701,
    16.200000000001));
#4694 = CARTESIAN_POINT('',(28.215071720259,85.234819091083,
    16.200000000001));
#4695 = CARTESIAN_POINT('',(28.212203840446,85.211444953458,
    16.200000000001));
#4696 = CARTESIAN_POINT('',(28.209693166349,85.188031406426,
    16.200000000001));
#4697 = CARTESIAN_POINT('',(28.205387434238,85.141138609991,
    16.200000000001));
#4698 = CARTESIAN_POINT('',(28.203592375675,85.117659354598,
    16.200000000001));
#4699 = CARTESIAN_POINT('',(28.202155726641,85.094153800278,
    16.200000000001));
#4700 = CARTESIAN_POINT('',(28.201077938702,85.070628512175,
    16.200000000001));
#4701 = CARTESIAN_POINT('',(28.200359312949,85.047090062325,
    16.200000000001));
#4702 = CARTESIAN_POINT('',(28.2,85.023545029658,16.200000000001));
#4703 = CARTESIAN_POINT('',(28.2,84.976454970342,16.200000000001));
#4704 = CARTESIAN_POINT('',(28.200359312949,84.952909937675,
    16.200000000001));
#4705 = CARTESIAN_POINT('',(28.201077938703,84.929371487825,
    16.200000000001));
#4706 = CARTESIAN_POINT('',(28.202155726641,84.905846199721,
    16.200000000001));
#4707 = CARTESIAN_POINT('',(28.203592375675,84.882340645402,
    16.200000000001));
#4708 = CARTESIAN_POINT('',(28.205387434238,84.858861390008,
    16.200000000001));
#4709 = CARTESIAN_POINT('',(28.209693166349,84.811968593574,
    16.200000000001));
#4710 = CARTESIAN_POINT('',(28.212203840446,84.788555046542,
    16.200000000001));
#4711 = CARTESIAN_POINT('',(28.215071720259,84.765180908917,
    16.200000000001));
#4712 = CARTESIAN_POINT('',(28.218296054249,84.741852718299,
    16.200000000001));
#4713 = CARTESIAN_POINT('',(28.221875941663,84.718576991663,
    16.200000000001));
#4714 = CARTESIAN_POINT('',(28.225810332538,84.695360225361,
    16.200000000001));
#4715 = CARTESIAN_POINT('',(28.234237871315,84.649855886528,
    16.200000000001));
#4716 = CARTESIAN_POINT('',(28.238707074467,84.62756387373,
    16.200000000001));
#4717 = CARTESIAN_POINT('',(28.243504557623,84.605338684997,
    16.200000000001));
#4718 = CARTESIAN_POINT('',(28.248629113713,84.583186119093,
    16.200000000001));
#4719 = CARTESIAN_POINT('',(28.254079408133,84.56111194528,
    16.200000000001));
#4720 = CARTESIAN_POINT('',(28.259853978744,84.539121903314,
    16.200000000001));
#4721 = CARTESIAN_POINT('',(28.272266252153,84.494539353686,
    16.200000000001));
#4722 = CARTESIAN_POINT('',(28.278927417119,84.471953372406,
    16.200000000001));
#4723 = CARTESIAN_POINT('',(28.285932964242,84.449470104098,
    16.200000000001));
#4724 = CARTESIAN_POINT('',(28.293280983886,84.427095846244,
    16.200000000001));
#4725 = CARTESIAN_POINT('',(28.300969423305,84.40483684933,
    16.200000000001));
#4726 = CARTESIAN_POINT('',(28.308996086642,84.38269931684,
    16.200000000001));
#4727 = CARTESIAN_POINT('',(28.325721183213,84.338679493679,
    16.200000000001));
#4728 = CARTESIAN_POINT('',(28.334419618585,84.316797197384,
    16.200000000001));
#4729 = CARTESIAN_POINT('',(28.343451601802,84.295048672756,
    16.200000000001));
#4730 = CARTESIAN_POINT('',(28.352814655412,84.27344001629,
    16.200000000001));
#4731 = CARTESIAN_POINT('',(28.362506163747,84.25197726459,
    16.200000000001));
#4732 = CARTESIAN_POINT('',(28.372523372925,84.230666394374,
    16.200000000001));
#4733 = CARTESIAN_POINT('',(28.393203408777,84.18836025057,
    16.200000000001));
#4734 = CARTESIAN_POINT('',(28.403866238093,84.167364971576,
    16.200000000001));
#4735 = CARTESIAN_POINT('',(28.414848986443,84.146533402192,
    16.200000000001));
#4736 = CARTESIAN_POINT('',(28.426148629312,84.125871386844,
    16.200000000001));
#4737 = CARTESIAN_POINT('',(28.437762010025,84.105384697684,16.2));
#4738 = CARTESIAN_POINT('',(28.44968583975,84.085079034589,16.2));
#4739 = CARTESIAN_POINT('',(28.474147555238,84.044841015728,16.2));
#4740 = CARTESIAN_POINT('',(28.486685444127,84.024908654823,16.2));
#4741 = CARTESIAN_POINT('',(28.49952694292,84.005168569892,16.2));
#4742 = CARTESIAN_POINT('',(28.51266850538,83.98562630433,16.2));
#4743 = CARTESIAN_POINT('',(28.526106460275,83.966287317475,16.2));
#4744 = CARTESIAN_POINT('',(28.539837011372,83.947156984607,16.2));
#4745 = CARTESIAN_POINT('',(28.567875463518,83.909324209296,16.2));
#4746 = CARTESIAN_POINT('',(28.582183368149,83.89062176202,16.2));
#4747 = CARTESIAN_POINT('',(28.596776029877,83.872138546174,16.2));
#4748 = CARTESIAN_POINT('',(28.611649410454,83.853879757677,16.2));
#4749 = CARTESIAN_POINT('',(28.626799354846,83.835850497313,16.2));
#4750 = CARTESIAN_POINT('',(28.642221591228,83.818055770734,16.2));
#4751 = CARTESIAN_POINT('',(28.673601870755,83.782945206181,16.2));
#4752 = CARTESIAN_POINT('',(28.689559917909,83.765629363721,
    16.200000000001));
#4753 = CARTESIAN_POINT('',(28.705781483627,83.748557871402,
    16.200000000001));
#4754 = CARTESIAN_POINT('',(28.722262071481,83.731735534134,
    16.200000000001));
#4755 = CARTESIAN_POINT('',(28.738997077448,83.715167051414,
    16.200000000001));
#4756 = CARTESIAN_POINT('',(28.7559817899,83.698857017326,16.2));
#4757 = CARTESIAN_POINT('',(28.79044098933,83.666762823753,16.2));
#4758 = CARTESIAN_POINT('',(28.807915480709,83.650978660167,16.2));
#4759 = CARTESIAN_POINT('',(28.82563004433,83.635461918239,16.2));
#4760 = CARTESIAN_POINT('',(28.84357976326,83.620216971617,16.2));
#4761 = CARTESIAN_POINT('',(28.861759623057,83.605248079136,16.2));
#4762 = CARTESIAN_POINT('',(28.880164511766,83.590559384822,16.2));
#4763 = CARTESIAN_POINT('',(28.917413928085,83.561750450959,16.2));
#4764 = CARTESIAN_POINT('',(28.936258460454,83.547630207729,16.2));
#4765 = CARTESIAN_POINT('',(28.95531760739,83.533798217186,16.2));
#4766 = CARTESIAN_POINT('',(28.974586072651,83.520258385071,16.2));
#4767 = CARTESIAN_POINT('',(28.994058473386,83.507014493878,16.2));
#4768 = CARTESIAN_POINT('',(29.013729340143,83.494070202856,16.2));
#4769 = CARTESIAN_POINT('',(29.053456893591,83.468787893161,16.2));
#4770 = CARTESIAN_POINT('',(29.073513585357,83.456449871258,16.2));
#4771 = CARTESIAN_POINT('',(29.093757635952,83.444418518058,16.2));
#4772 = CARTESIAN_POINT('',(29.114183414193,83.432697238673,16.2));
#4773 = CARTESIAN_POINT('',(29.134785213924,83.421289307563,16.2));
#4774 = CARTESIAN_POINT('',(29.155557254016,83.410197868546,16.2));
#4775 = CARTESIAN_POINT('',(29.197430102722,83.388654001028,16.2));
#4776 = CARTESIAN_POINT('',(29.218530916686,83.378201569774,16.2));
#4777 = CARTESIAN_POINT('',(29.239790264029,83.368071653935,16.2));
#4778 = CARTESIAN_POINT('',(29.261202225804,83.358267129464,16.2));
#4779 = CARTESIAN_POINT('',(29.282760820356,83.348790735357,16.2));
#4780 = CARTESIAN_POINT('',(29.304460003316,83.339645073656,16.2));
#4781 = CARTESIAN_POINT('',(29.348127331888,83.322020145237,16.2));
#4782 = CARTESIAN_POINT('',(29.37009548308,83.313540876267,16.2));
#4783 = CARTESIAN_POINT('',(29.392192013989,83.305397267353,16.2));
#4784 = CARTESIAN_POINT('',(29.414410767497,83.297591641194,16.2));
#4785 = CARTESIAN_POINT('',(29.436745536563,83.290126178376,16.2));
#4786 = CARTESIAN_POINT('',(29.459190064217,83.283002917364,16.2));
#4787 = CARTESIAN_POINT('',(29.504286022911,83.269444591658,16.2));
#4788 = CARTESIAN_POINT('',(29.526937459712,83.263009525232,16.2));
#4789 = CARTESIAN_POINT('',(29.549686046988,83.256920451305,16.2));
#4790 = CARTESIAN_POINT('',(29.572525441036,83.251179119866,16.2));
#4791 = CARTESIAN_POINT('',(29.595449261432,83.245787134815,16.2));
#4792 = CARTESIAN_POINT('',(29.618451091027,83.240745953967,16.2));
#4793 = CARTESIAN_POINT('',(29.664597860874,83.231367824139,16.2));
#4794 = CARTESIAN_POINT('',(29.687742807022,83.22703087396,16.2));
#4795 = CARTESIAN_POINT('',(29.710952860466,83.223047349961,16.2));
#4796 = CARTESIAN_POINT('',(29.734221544066,83.219418414754,16.2));
#4797 = CARTESIAN_POINT('',(29.75754235747,83.216145082122,16.2));
#4798 = CARTESIAN_POINT('',(29.780908777114,83.213228217014,16.2));
#4799 = CARTESIAN_POINT('',(29.827719735335,83.208108854079,16.2));
#4800 = CARTESIAN_POINT('',(29.851164279893,83.205906355599,16.2));
#4801 = CARTESIAN_POINT('',(29.874641343091,83.204061755936,16.2));
#4802 = CARTESIAN_POINT('',(29.898144368618,83.202575620586,16.2));
#4803 = CARTESIAN_POINT('',(29.921666790656,83.201448364719,16.2));
#4804 = CARTESIAN_POINT('',(29.945202033882,83.20068025317,16.2));
#4805 = CARTESIAN_POINT('',(29.992284993052,83.199862547723,16.2));
#4806 = CARTESIAN_POINT('',(30.015832715012,83.19981295372,16.2));
#4807 = CARTESIAN_POINT('',(30.039380094512,83.200122732653,16.2));
#4808 = CARTESIAN_POINT('',(30.062920551,83.200791848168,16.2));
#4809 = CARTESIAN_POINT('',(30.086447508199,83.201820113341,16.2));
#4810 = CARTESIAN_POINT('',(30.109954394116,83.203207190677,16.2));
#4811 = CARTESIAN_POINT('',(30.156914887957,83.206697993544,16.2));
#4812 = CARTESIAN_POINT('',(30.18036850188,83.208801719522,16.2));
#4813 = CARTESIAN_POINT('',(30.203788915114,83.21126328169,16.2));
#4814 = CARTESIAN_POINT('',(30.227169577993,83.214082042145,16.2));
#4815 = CARTESIAN_POINT('',(30.250503958885,83.217257213437,16.2));
#4816 = CARTESIAN_POINT('',(30.273785544184,83.220787858568,16.2));
#4817 = CARTESIAN_POINT('',(30.31942936377,83.228423956794,16.2));
#4818 = CARTESIAN_POINT('',(30.341795621859,83.232505391646,16.2));
#4819 = CARTESIAN_POINT('',(30.364100766449,83.236916217384,16.2));
#4820 = CARTESIAN_POINT('',(30.386338978687,83.241655327816,16.2));
#4821 = CARTESIAN_POINT('',(30.408504467008,83.24672148872,16.2));
#4822 = CARTESIAN_POINT('',(30.43059146713,83.252113337847,16.2));
#4823 = CARTESIAN_POINT('',(30.475382830276,83.263749576501,16.2));
#4824 = CARTESIAN_POINT('',(30.498081075316,83.270017537988,16.2));
#4825 = CARTESIAN_POINT('',(30.520682602969,83.276631613287,16.2));
#4826 = CARTESIAN_POINT('',(30.543181083541,83.283590002407,16.2));
#4827 = CARTESIAN_POINT('',(30.565570231845,83.290890761446,16.2));
#4828 = CARTESIAN_POINT('',(30.587843807201,83.298531802602,16.2));
#4829 = CARTESIAN_POINT('',(30.63214741967,83.314489985724,16.2));
#4830 = CARTESIAN_POINT('',(30.654177462445,83.322807129729,16.2));
#4831 = CARTESIAN_POINT('',(30.676079545685,83.331460094196,16.2));
#4832 = CARTESIAN_POINT('',(30.697847530797,83.340446507908,16.2));
#4833 = CARTESIAN_POINT('',(30.719475336663,83.349763860415,16.2));
#4834 = CARTESIAN_POINT('',(30.740956939647,83.359409502036,16.2));
#4835 = CARTESIAN_POINT('',(30.783615807538,83.379351785674,16.2));
#4836 = CARTESIAN_POINT('',(30.804793077895,83.389648430239,16.2));
#4837 = CARTESIAN_POINT('',(30.825812218628,83.400267788372,16.2));
#4838 = CARTESIAN_POINT('',(30.846667333673,83.411206937501,16.2));
#4839 = CARTESIAN_POINT('',(30.867352596934,83.422462821658,16.2));
#4840 = CARTESIAN_POINT('',(30.887862252283,83.434032251484,16.2));
#4841 = CARTESIAN_POINT('',(30.928518974846,83.457791556964,16.2));
#4842 = CARTESIAN_POINT('',(30.948666047254,83.469981435653,16.2));
#4843 = CARTESIAN_POINT('',(30.968626144777,83.482478217287,16.2));
#4844 = CARTESIAN_POINT('',(30.988393663278,83.495278452421,16.2));
#4845 = CARTESIAN_POINT('',(31.007963080492,83.508378565177,16.2));
#4846 = CARTESIAN_POINT('',(31.027328956029,83.521774853236,16.2));
#4847 = CARTESIAN_POINT('',(31.065642906712,83.549152122448,16.2));
#4848 = CARTESIAN_POINT('',(31.084590986753,83.5631331071,16.2));
#4849 = CARTESIAN_POINT('',(31.103324813144,83.577402612805,16.2));
#4850 = CARTESIAN_POINT('',(31.121839120628,83.591956692149,16.2));
#4851 = CARTESIAN_POINT('',(31.140128737038,83.606791279299,16.2));
#4852 = CARTESIAN_POINT('',(31.158188583299,83.621902189996,16.2));
#4853 = CARTESIAN_POINT('',(31.186462864468,83.646302702376,16.2));
#4854 = CARTESIAN_POINT('',(31.196831385211,83.655413760837,16.2));
#4855 = CARTESIAN_POINT('',(31.207118231865,83.664617430674,16.2));
#4856 = CARTESIAN_POINT('',(31.217322412619,83.673912832467,16.2));
#4857 = CARTESIAN_POINT('',(31.22744294764,83.683299073645,16.2));
#4858 = CARTESIAN_POINT('',(31.237478869071,83.69277524849,16.2));
#4859 = CARTESIAN_POINT('',(31.39665938428,83.84579413875,16.2));
#4860 = CARTESIAN_POINT('',(31.526721124373,84.009345019129,16.2));
#4861 = CARTESIAN_POINT('',(31.634212881127,84.189793113446,
    16.200000000003));
#4862 = CARTESIAN_POINT('',(31.716632008189,84.383346541141,
    16.199999999997));
#4863 = CARTESIAN_POINT('',(31.772227472975,84.585893169866,
    16.200000000003));
#4864 = CARTESIAN_POINT('',(31.8,84.793000952075,16.2));
#4865 = CARTESIAN_POINT('',(31.8,85.,16.2));
#4866 = CONICAL_SURFACE('',#4867,3.,0.785398163397);
#4867 = AXIS2_PLACEMENT_3D('',#4868,#4869,#4870);
#4868 = CARTESIAN_POINT('',(30.,85.,15.));
#4869 = DIRECTION('',(-0.,-0.,-1.));
#4870 = DIRECTION('',(1.,0.,-0.));
#4871 = ADVANCED_FACE('',(#4872),#4897,.F.);
#4872 = FACE_BOUND('',#4873,.F.);
#4873 = EDGE_LOOP('',(#4874,#4882,#4890,#4896));
#4874 = ORIENTED_EDGE('',*,*,#4875,.T.);
#4875 = EDGE_CURVE('',#941,#4876,#4878,.T.);
#4876 = VERTEX_POINT('',#4877);
#4877 = CARTESIAN_POINT('',(-118.1,-15.,17.6));
#4878 = LINE('',#4879,#4880);
#4879 = CARTESIAN_POINT('',(-118.1,-15.,20.));
#4880 = VECTOR('',#4881,1.);
#4881 = DIRECTION('',(-0.,-0.,-1.));
#4882 = ORIENTED_EDGE('',*,*,#4883,.T.);
#4883 = EDGE_CURVE('',#4876,#4884,#4886,.T.);
#4884 = VERTEX_POINT('',#4885);
#4885 = CARTESIAN_POINT('',(-119.8,-12.05551362713,17.6));
#4886 = LINE('',#4887,#4888);
#4887 = CARTESIAN_POINT('',(-118.1,-15.,17.6));
#4888 = VECTOR('',#4889,1.);
#4889 = DIRECTION('',(-0.5,0.866025403784,0.));
#4890 = ORIENTED_EDGE('',*,*,#4891,.F.);
#4891 = EDGE_CURVE('',#943,#4884,#4892,.T.);
#4892 = LINE('',#4893,#4894);
#4893 = CARTESIAN_POINT('',(-119.8,-12.05551362713,20.));
#4894 = VECTOR('',#4895,1.);
#4895 = DIRECTION('',(-0.,-0.,-1.));
#4896 = ORIENTED_EDGE('',*,*,#940,.F.);
#4897 = PLANE('',#4898);
#4898 = AXIS2_PLACEMENT_3D('',#4899,#4900,#4901);
#4899 = CARTESIAN_POINT('',(-118.1,-15.,20.));
#4900 = DIRECTION('',(0.866025403784,0.5,0.));
#4901 = DIRECTION('',(-0.5,0.866025403784,0.));
#4902 = ADVANCED_FACE('',(#4903),#4921,.F.);
#4903 = FACE_BOUND('',#4904,.F.);
#4904 = EDGE_LOOP('',(#4905,#4906,#4914,#4920));
#4905 = ORIENTED_EDGE('',*,*,#4891,.T.);
#4906 = ORIENTED_EDGE('',*,*,#4907,.T.);
#4907 = EDGE_CURVE('',#4884,#4908,#4910,.T.);
#4908 = VERTEX_POINT('',#4909);
#4909 = CARTESIAN_POINT('',(-123.2,-12.05551362713,17.6));
#4910 = LINE('',#4911,#4912);
#4911 = CARTESIAN_POINT('',(-119.8,-12.05551362713,17.6));
#4912 = VECTOR('',#4913,1.);
#4913 = DIRECTION('',(-1.,0.,0.));
#4914 = ORIENTED_EDGE('',*,*,#4915,.F.);
#4915 = EDGE_CURVE('',#975,#4908,#4916,.T.);
#4916 = LINE('',#4917,#4918);
#4917 = CARTESIAN_POINT('',(-123.2,-12.05551362713,20.));
#4918 = VECTOR('',#4919,1.);
#4919 = DIRECTION('',(-0.,-0.,-1.));
#4920 = ORIENTED_EDGE('',*,*,#982,.F.);
#4921 = PLANE('',#4922);
#4922 = AXIS2_PLACEMENT_3D('',#4923,#4924,#4925);
#4923 = CARTESIAN_POINT('',(-119.8,-12.05551362713,20.));
#4924 = DIRECTION('',(0.,1.,0.));
#4925 = DIRECTION('',(-1.,0.,0.));
#4926 = ADVANCED_FACE('',(#4927),#4945,.F.);
#4927 = FACE_BOUND('',#4928,.F.);
#4928 = EDGE_LOOP('',(#4929,#4930,#4938,#4944));
#4929 = ORIENTED_EDGE('',*,*,#4915,.T.);
#4930 = ORIENTED_EDGE('',*,*,#4931,.T.);
#4931 = EDGE_CURVE('',#4908,#4932,#4934,.T.);
#4932 = VERTEX_POINT('',#4933);
#4933 = CARTESIAN_POINT('',(-124.9,-15.,17.6));
#4934 = LINE('',#4935,#4936);
#4935 = CARTESIAN_POINT('',(-123.2,-12.05551362713,17.6));
#4936 = VECTOR('',#4937,1.);
#4937 = DIRECTION('',(-0.5,-0.866025403784,0.));
#4938 = ORIENTED_EDGE('',*,*,#4939,.F.);
#4939 = EDGE_CURVE('',#967,#4932,#4940,.T.);
#4940 = LINE('',#4941,#4942);
#4941 = CARTESIAN_POINT('',(-124.9,-15.,20.));
#4942 = VECTOR('',#4943,1.);
#4943 = DIRECTION('',(-0.,-0.,-1.));
#4944 = ORIENTED_EDGE('',*,*,#974,.F.);
#4945 = PLANE('',#4946);
#4946 = AXIS2_PLACEMENT_3D('',#4947,#4948,#4949);
#4947 = CARTESIAN_POINT('',(-123.2,-12.05551362713,20.));
#4948 = DIRECTION('',(-0.866025403784,0.5,0.));
#4949 = DIRECTION('',(-0.5,-0.866025403784,0.));
#4950 = ADVANCED_FACE('',(#4951),#4969,.F.);
#4951 = FACE_BOUND('',#4952,.F.);
#4952 = EDGE_LOOP('',(#4953,#4954,#4962,#4968));
#4953 = ORIENTED_EDGE('',*,*,#4939,.T.);
#4954 = ORIENTED_EDGE('',*,*,#4955,.T.);
#4955 = EDGE_CURVE('',#4932,#4956,#4958,.T.);
#4956 = VERTEX_POINT('',#4957);
#4957 = CARTESIAN_POINT('',(-123.2,-17.94448637286,17.6));
#4958 = LINE('',#4959,#4960);
#4959 = CARTESIAN_POINT('',(-124.9,-15.,17.6));
#4960 = VECTOR('',#4961,1.);
#4961 = DIRECTION('',(0.5,-0.866025403784,0.));
#4962 = ORIENTED_EDGE('',*,*,#4963,.F.);
#4963 = EDGE_CURVE('',#959,#4956,#4964,.T.);
#4964 = LINE('',#4965,#4966);
#4965 = CARTESIAN_POINT('',(-123.2,-17.94448637286,20.));
#4966 = VECTOR('',#4967,1.);
#4967 = DIRECTION('',(-0.,-0.,-1.));
#4968 = ORIENTED_EDGE('',*,*,#966,.F.);
#4969 = PLANE('',#4970);
#4970 = AXIS2_PLACEMENT_3D('',#4971,#4972,#4973);
#4971 = CARTESIAN_POINT('',(-124.9,-15.,20.));
#4972 = DIRECTION('',(-0.866025403784,-0.5,0.));
#4973 = DIRECTION('',(0.5,-0.866025403784,0.));
#4974 = ADVANCED_FACE('',(#4975),#4993,.F.);
#4975 = FACE_BOUND('',#4976,.F.);
#4976 = EDGE_LOOP('',(#4977,#4978,#4986,#4992));
#4977 = ORIENTED_EDGE('',*,*,#4963,.T.);
#4978 = ORIENTED_EDGE('',*,*,#4979,.T.);
#4979 = EDGE_CURVE('',#4956,#4980,#4982,.T.);
#4980 = VERTEX_POINT('',#4981);
#4981 = CARTESIAN_POINT('',(-119.8,-17.94448637286,17.6));
#4982 = LINE('',#4983,#4984);
#4983 = CARTESIAN_POINT('',(-123.2,-17.94448637286,17.6));
#4984 = VECTOR('',#4985,1.);
#4985 = DIRECTION('',(1.,0.,0.));
#4986 = ORIENTED_EDGE('',*,*,#4987,.F.);
#4987 = EDGE_CURVE('',#951,#4980,#4988,.T.);
#4988 = LINE('',#4989,#4990);
#4989 = CARTESIAN_POINT('',(-119.8,-17.94448637286,20.));
#4990 = VECTOR('',#4991,1.);
#4991 = DIRECTION('',(-0.,-0.,-1.));
#4992 = ORIENTED_EDGE('',*,*,#958,.F.);
#4993 = PLANE('',#4994);
#4994 = AXIS2_PLACEMENT_3D('',#4995,#4996,#4997);
#4995 = CARTESIAN_POINT('',(-123.2,-17.94448637286,20.));
#4996 = DIRECTION('',(0.,-1.,0.));
#4997 = DIRECTION('',(1.,0.,0.));
#4998 = ADVANCED_FACE('',(#4999),#5010,.F.);
#4999 = FACE_BOUND('',#5000,.F.);
#5000 = EDGE_LOOP('',(#5001,#5002,#5008,#5009));
#5001 = ORIENTED_EDGE('',*,*,#4987,.T.);
#5002 = ORIENTED_EDGE('',*,*,#5003,.T.);
#5003 = EDGE_CURVE('',#4980,#4876,#5004,.T.);
#5004 = LINE('',#5005,#5006);
#5005 = CARTESIAN_POINT('',(-119.8,-17.94448637286,17.6));
#5006 = VECTOR('',#5007,1.);
#5007 = DIRECTION('',(0.5,0.866025403784,0.));
#5008 = ORIENTED_EDGE('',*,*,#4875,.F.);
#5009 = ORIENTED_EDGE('',*,*,#950,.F.);
#5010 = PLANE('',#5011);
#5011 = AXIS2_PLACEMENT_3D('',#5012,#5013,#5014);
#5012 = CARTESIAN_POINT('',(-119.8,-17.94448637286,20.));
#5013 = DIRECTION('',(0.866025403784,-0.5,0.));
#5014 = DIRECTION('',(0.5,0.866025403784,0.));
#5015 = ADVANCED_FACE('',(#5016),#5041,.F.);
#5016 = FACE_BOUND('',#5017,.F.);
#5017 = EDGE_LOOP('',(#5018,#5026,#5034,#5040));
#5018 = ORIENTED_EDGE('',*,*,#5019,.T.);
#5019 = EDGE_CURVE('',#991,#5020,#5022,.T.);
#5020 = VERTEX_POINT('',#5021);
#5021 = CARTESIAN_POINT('',(-98.1,-15.,17.6));
#5022 = LINE('',#5023,#5024);
#5023 = CARTESIAN_POINT('',(-98.1,-15.,20.));
#5024 = VECTOR('',#5025,1.);
#5025 = DIRECTION('',(-0.,-0.,-1.));
#5026 = ORIENTED_EDGE('',*,*,#5027,.T.);
#5027 = EDGE_CURVE('',#5020,#5028,#5030,.T.);
#5028 = VERTEX_POINT('',#5029);
#5029 = CARTESIAN_POINT('',(-99.8,-12.05551362713,17.6));
#5030 = LINE('',#5031,#5032);
#5031 = CARTESIAN_POINT('',(-98.1,-15.,17.6));
#5032 = VECTOR('',#5033,1.);
#5033 = DIRECTION('',(-0.5,0.866025403784,0.));
#5034 = ORIENTED_EDGE('',*,*,#5035,.F.);
#5035 = EDGE_CURVE('',#993,#5028,#5036,.T.);
#5036 = LINE('',#5037,#5038);
#5037 = CARTESIAN_POINT('',(-99.8,-12.05551362713,20.));
#5038 = VECTOR('',#5039,1.);
#5039 = DIRECTION('',(-0.,-0.,-1.));
#5040 = ORIENTED_EDGE('',*,*,#990,.F.);
#5041 = PLANE('',#5042);
#5042 = AXIS2_PLACEMENT_3D('',#5043,#5044,#5045);
#5043 = CARTESIAN_POINT('',(-98.1,-15.,20.));
#5044 = DIRECTION('',(0.866025403784,0.5,0.));
#5045 = DIRECTION('',(-0.5,0.866025403784,0.));
#5046 = ADVANCED_FACE('',(#5047),#5065,.F.);
#5047 = FACE_BOUND('',#5048,.F.);
#5048 = EDGE_LOOP('',(#5049,#5050,#5058,#5064));
#5049 = ORIENTED_EDGE('',*,*,#5035,.T.);
#5050 = ORIENTED_EDGE('',*,*,#5051,.T.);
#5051 = EDGE_CURVE('',#5028,#5052,#5054,.T.);
#5052 = VERTEX_POINT('',#5053);
#5053 = CARTESIAN_POINT('',(-103.2,-12.05551362713,17.6));
#5054 = LINE('',#5055,#5056);
#5055 = CARTESIAN_POINT('',(-99.8,-12.05551362713,17.6));
#5056 = VECTOR('',#5057,1.);
#5057 = DIRECTION('',(-1.,0.,0.));
#5058 = ORIENTED_EDGE('',*,*,#5059,.F.);
#5059 = EDGE_CURVE('',#1025,#5052,#5060,.T.);
#5060 = LINE('',#5061,#5062);
#5061 = CARTESIAN_POINT('',(-103.2,-12.05551362713,20.));
#5062 = VECTOR('',#5063,1.);
#5063 = DIRECTION('',(-0.,-0.,-1.));
#5064 = ORIENTED_EDGE('',*,*,#1032,.F.);
#5065 = PLANE('',#5066);
#5066 = AXIS2_PLACEMENT_3D('',#5067,#5068,#5069);
#5067 = CARTESIAN_POINT('',(-99.8,-12.05551362713,20.));
#5068 = DIRECTION('',(0.,1.,0.));
#5069 = DIRECTION('',(-1.,0.,0.));
#5070 = ADVANCED_FACE('',(#5071),#5089,.F.);
#5071 = FACE_BOUND('',#5072,.F.);
#5072 = EDGE_LOOP('',(#5073,#5074,#5082,#5088));
#5073 = ORIENTED_EDGE('',*,*,#5059,.T.);
#5074 = ORIENTED_EDGE('',*,*,#5075,.T.);
#5075 = EDGE_CURVE('',#5052,#5076,#5078,.T.);
#5076 = VERTEX_POINT('',#5077);
#5077 = CARTESIAN_POINT('',(-104.9,-15.,17.6));
#5078 = LINE('',#5079,#5080);
#5079 = CARTESIAN_POINT('',(-103.2,-12.05551362713,17.6));
#5080 = VECTOR('',#5081,1.);
#5081 = DIRECTION('',(-0.5,-0.866025403784,0.));
#5082 = ORIENTED_EDGE('',*,*,#5083,.F.);
#5083 = EDGE_CURVE('',#1017,#5076,#5084,.T.);
#5084 = LINE('',#5085,#5086);
#5085 = CARTESIAN_POINT('',(-104.9,-15.,20.));
#5086 = VECTOR('',#5087,1.);
#5087 = DIRECTION('',(-0.,-0.,-1.));
#5088 = ORIENTED_EDGE('',*,*,#1024,.F.);
#5089 = PLANE('',#5090);
#5090 = AXIS2_PLACEMENT_3D('',#5091,#5092,#5093);
#5091 = CARTESIAN_POINT('',(-103.2,-12.05551362713,20.));
#5092 = DIRECTION('',(-0.866025403784,0.5,0.));
#5093 = DIRECTION('',(-0.5,-0.866025403784,0.));
#5094 = ADVANCED_FACE('',(#5095),#5113,.F.);
#5095 = FACE_BOUND('',#5096,.F.);
#5096 = EDGE_LOOP('',(#5097,#5098,#5106,#5112));
#5097 = ORIENTED_EDGE('',*,*,#5083,.T.);
#5098 = ORIENTED_EDGE('',*,*,#5099,.T.);
#5099 = EDGE_CURVE('',#5076,#5100,#5102,.T.);
#5100 = VERTEX_POINT('',#5101);
#5101 = CARTESIAN_POINT('',(-103.2,-17.94448637286,17.6));
#5102 = LINE('',#5103,#5104);
#5103 = CARTESIAN_POINT('',(-104.9,-15.,17.6));
#5104 = VECTOR('',#5105,1.);
#5105 = DIRECTION('',(0.5,-0.866025403784,0.));
#5106 = ORIENTED_EDGE('',*,*,#5107,.F.);
#5107 = EDGE_CURVE('',#1009,#5100,#5108,.T.);
#5108 = LINE('',#5109,#5110);
#5109 = CARTESIAN_POINT('',(-103.2,-17.94448637286,20.));
#5110 = VECTOR('',#5111,1.);
#5111 = DIRECTION('',(-0.,-0.,-1.));
#5112 = ORIENTED_EDGE('',*,*,#1016,.F.);
#5113 = PLANE('',#5114);
#5114 = AXIS2_PLACEMENT_3D('',#5115,#5116,#5117);
#5115 = CARTESIAN_POINT('',(-104.9,-15.,20.));
#5116 = DIRECTION('',(-0.866025403784,-0.5,0.));
#5117 = DIRECTION('',(0.5,-0.866025403784,0.));
#5118 = ADVANCED_FACE('',(#5119),#5137,.F.);
#5119 = FACE_BOUND('',#5120,.F.);
#5120 = EDGE_LOOP('',(#5121,#5122,#5130,#5136));
#5121 = ORIENTED_EDGE('',*,*,#5107,.T.);
#5122 = ORIENTED_EDGE('',*,*,#5123,.T.);
#5123 = EDGE_CURVE('',#5100,#5124,#5126,.T.);
#5124 = VERTEX_POINT('',#5125);
#5125 = CARTESIAN_POINT('',(-99.8,-17.94448637286,17.6));
#5126 = LINE('',#5127,#5128);
#5127 = CARTESIAN_POINT('',(-103.2,-17.94448637286,17.6));
#5128 = VECTOR('',#5129,1.);
#5129 = DIRECTION('',(1.,0.,0.));
#5130 = ORIENTED_EDGE('',*,*,#5131,.F.);
#5131 = EDGE_CURVE('',#1001,#5124,#5132,.T.);
#5132 = LINE('',#5133,#5134);
#5133 = CARTESIAN_POINT('',(-99.8,-17.94448637286,20.));
#5134 = VECTOR('',#5135,1.);
#5135 = DIRECTION('',(-0.,-0.,-1.));
#5136 = ORIENTED_EDGE('',*,*,#1008,.F.);
#5137 = PLANE('',#5138);
#5138 = AXIS2_PLACEMENT_3D('',#5139,#5140,#5141);
#5139 = CARTESIAN_POINT('',(-103.2,-17.94448637286,20.));
#5140 = DIRECTION('',(0.,-1.,0.));
#5141 = DIRECTION('',(1.,0.,0.));
#5142 = ADVANCED_FACE('',(#5143),#5154,.F.);
#5143 = FACE_BOUND('',#5144,.F.);
#5144 = EDGE_LOOP('',(#5145,#5146,#5152,#5153));
#5145 = ORIENTED_EDGE('',*,*,#5131,.T.);
#5146 = ORIENTED_EDGE('',*,*,#5147,.T.);
#5147 = EDGE_CURVE('',#5124,#5020,#5148,.T.);
#5148 = LINE('',#5149,#5150);
#5149 = CARTESIAN_POINT('',(-99.8,-17.94448637286,17.6));
#5150 = VECTOR('',#5151,1.);
#5151 = DIRECTION('',(0.5,0.866025403784,0.));
#5152 = ORIENTED_EDGE('',*,*,#5019,.F.);
#5153 = ORIENTED_EDGE('',*,*,#1000,.F.);
#5154 = PLANE('',#5155);
#5155 = AXIS2_PLACEMENT_3D('',#5156,#5157,#5158);
#5156 = CARTESIAN_POINT('',(-99.8,-17.94448637286,20.));
#5157 = DIRECTION('',(0.866025403784,-0.5,0.));
#5158 = DIRECTION('',(0.5,0.866025403784,0.));
#5159 = ADVANCED_FACE('',(#5160),#5179,.F.);
#5160 = FACE_BOUND('',#5161,.T.);
#5161 = EDGE_LOOP('',(#5162,#5171,#5177,#5178));
#5162 = ORIENTED_EDGE('',*,*,#5163,.T.);
#5163 = EDGE_CURVE('',#5164,#5164,#5166,.T.);
#5164 = VERTEX_POINT('',#5165);
#5165 = CARTESIAN_POINT('',(-76.05,-24.5,17.));
#5166 = CIRCLE('',#5167,1.45);
#5167 = AXIS2_PLACEMENT_3D('',#5168,#5169,#5170);
#5168 = CARTESIAN_POINT('',(-77.5,-24.5,17.));
#5169 = DIRECTION('',(0.,0.,-1.));
#5170 = DIRECTION('',(1.,0.,0.));
#5171 = ORIENTED_EDGE('',*,*,#5172,.T.);
#5172 = EDGE_CURVE('',#5164,#1041,#5173,.T.);
#5173 = LINE('',#5174,#5175);
#5174 = CARTESIAN_POINT('',(-76.05,-24.5,15.));
#5175 = VECTOR('',#5176,1.);
#5176 = DIRECTION('',(0.,0.,1.));
#5177 = ORIENTED_EDGE('',*,*,#1040,.T.);
#5178 = ORIENTED_EDGE('',*,*,#5172,.F.);
#5179 = CYLINDRICAL_SURFACE('',#5180,1.45);
#5180 = AXIS2_PLACEMENT_3D('',#5181,#5182,#5183);
#5181 = CARTESIAN_POINT('',(-77.5,-24.5,15.));
#5182 = DIRECTION('',(-0.,-0.,-1.));
#5183 = DIRECTION('',(1.,0.,0.));
#5184 = ADVANCED_FACE('',(#5185),#5210,.F.);
#5185 = FACE_BOUND('',#5186,.F.);
#5186 = EDGE_LOOP('',(#5187,#5195,#5203,#5209));
#5187 = ORIENTED_EDGE('',*,*,#5188,.T.);
#5188 = EDGE_CURVE('',#1052,#5189,#5191,.T.);
#5189 = VERTEX_POINT('',#5190);
#5190 = CARTESIAN_POINT('',(-66.6,-12.,17.6));
#5191 = LINE('',#5192,#5193);
#5192 = CARTESIAN_POINT('',(-66.6,-12.,20.));
#5193 = VECTOR('',#5194,1.);
#5194 = DIRECTION('',(-0.,-0.,-1.));
#5195 = ORIENTED_EDGE('',*,*,#5196,.T.);
#5196 = EDGE_CURVE('',#5189,#5197,#5199,.T.);
#5197 = VERTEX_POINT('',#5198);
#5198 = CARTESIAN_POINT('',(-68.3,-9.055513627133,17.6));
#5199 = LINE('',#5200,#5201);
#5200 = CARTESIAN_POINT('',(-66.6,-12.,17.6));
#5201 = VECTOR('',#5202,1.);
#5202 = DIRECTION('',(-0.5,0.866025403784,0.));
#5203 = ORIENTED_EDGE('',*,*,#5204,.F.);
#5204 = EDGE_CURVE('',#1054,#5197,#5205,.T.);
#5205 = LINE('',#5206,#5207);
#5206 = CARTESIAN_POINT('',(-68.3,-9.055513627133,20.));
#5207 = VECTOR('',#5208,1.);
#5208 = DIRECTION('',(-0.,-0.,-1.));
#5209 = ORIENTED_EDGE('',*,*,#1051,.F.);
#5210 = PLANE('',#5211);
#5211 = AXIS2_PLACEMENT_3D('',#5212,#5213,#5214);
#5212 = CARTESIAN_POINT('',(-66.6,-12.,20.));
#5213 = DIRECTION('',(0.866025403784,0.5,0.));
#5214 = DIRECTION('',(-0.5,0.866025403784,0.));
#5215 = ADVANCED_FACE('',(#5216),#5234,.F.);
#5216 = FACE_BOUND('',#5217,.F.);
#5217 = EDGE_LOOP('',(#5218,#5219,#5227,#5233));
#5218 = ORIENTED_EDGE('',*,*,#5204,.T.);
#5219 = ORIENTED_EDGE('',*,*,#5220,.T.);
#5220 = EDGE_CURVE('',#5197,#5221,#5223,.T.);
#5221 = VERTEX_POINT('',#5222);
#5222 = CARTESIAN_POINT('',(-71.7,-9.055513627133,17.6));
#5223 = LINE('',#5224,#5225);
#5224 = CARTESIAN_POINT('',(-68.3,-9.055513627133,17.6));
#5225 = VECTOR('',#5226,1.);
#5226 = DIRECTION('',(-1.,0.,0.));
#5227 = ORIENTED_EDGE('',*,*,#5228,.F.);
#5228 = EDGE_CURVE('',#1086,#5221,#5229,.T.);
#5229 = LINE('',#5230,#5231);
#5230 = CARTESIAN_POINT('',(-71.7,-9.055513627133,20.));
#5231 = VECTOR('',#5232,1.);
#5232 = DIRECTION('',(-0.,-0.,-1.));
#5233 = ORIENTED_EDGE('',*,*,#1093,.F.);
#5234 = PLANE('',#5235);
#5235 = AXIS2_PLACEMENT_3D('',#5236,#5237,#5238);
#5236 = CARTESIAN_POINT('',(-68.3,-9.055513627133,20.));
#5237 = DIRECTION('',(0.,1.,0.));
#5238 = DIRECTION('',(-1.,0.,0.));
#5239 = ADVANCED_FACE('',(#5240),#5258,.F.);
#5240 = FACE_BOUND('',#5241,.F.);
#5241 = EDGE_LOOP('',(#5242,#5243,#5251,#5257));
#5242 = ORIENTED_EDGE('',*,*,#5228,.T.);
#5243 = ORIENTED_EDGE('',*,*,#5244,.T.);
#5244 = EDGE_CURVE('',#5221,#5245,#5247,.T.);
#5245 = VERTEX_POINT('',#5246);
#5246 = CARTESIAN_POINT('',(-73.4,-12.,17.6));
#5247 = LINE('',#5248,#5249);
#5248 = CARTESIAN_POINT('',(-71.7,-9.055513627133,17.6));
#5249 = VECTOR('',#5250,1.);
#5250 = DIRECTION('',(-0.5,-0.866025403784,0.));
#5251 = ORIENTED_EDGE('',*,*,#5252,.F.);
#5252 = EDGE_CURVE('',#1078,#5245,#5253,.T.);
#5253 = LINE('',#5254,#5255);
#5254 = CARTESIAN_POINT('',(-73.4,-12.,20.));
#5255 = VECTOR('',#5256,1.);
#5256 = DIRECTION('',(-0.,-0.,-1.));
#5257 = ORIENTED_EDGE('',*,*,#1085,.F.);
#5258 = PLANE('',#5259);
#5259 = AXIS2_PLACEMENT_3D('',#5260,#5261,#5262);
#5260 = CARTESIAN_POINT('',(-71.7,-9.055513627133,20.));
#5261 = DIRECTION('',(-0.866025403784,0.5,0.));
#5262 = DIRECTION('',(-0.5,-0.866025403784,0.));
#5263 = ADVANCED_FACE('',(#5264),#5282,.F.);
#5264 = FACE_BOUND('',#5265,.F.);
#5265 = EDGE_LOOP('',(#5266,#5267,#5275,#5281));
#5266 = ORIENTED_EDGE('',*,*,#5252,.T.);
#5267 = ORIENTED_EDGE('',*,*,#5268,.T.);
#5268 = EDGE_CURVE('',#5245,#5269,#5271,.T.);
#5269 = VERTEX_POINT('',#5270);
#5270 = CARTESIAN_POINT('',(-71.7,-14.94448637286,17.6));
#5271 = LINE('',#5272,#5273);
#5272 = CARTESIAN_POINT('',(-73.4,-12.,17.6));
#5273 = VECTOR('',#5274,1.);
#5274 = DIRECTION('',(0.5,-0.866025403784,0.));
#5275 = ORIENTED_EDGE('',*,*,#5276,.F.);
#5276 = EDGE_CURVE('',#1070,#5269,#5277,.T.);
#5277 = LINE('',#5278,#5279);
#5278 = CARTESIAN_POINT('',(-71.7,-14.94448637286,20.));
#5279 = VECTOR('',#5280,1.);
#5280 = DIRECTION('',(-0.,-0.,-1.));
#5281 = ORIENTED_EDGE('',*,*,#1077,.F.);
#5282 = PLANE('',#5283);
#5283 = AXIS2_PLACEMENT_3D('',#5284,#5285,#5286);
#5284 = CARTESIAN_POINT('',(-73.4,-12.,20.));
#5285 = DIRECTION('',(-0.866025403784,-0.5,0.));
#5286 = DIRECTION('',(0.5,-0.866025403784,0.));
#5287 = ADVANCED_FACE('',(#5288),#5306,.F.);
#5288 = FACE_BOUND('',#5289,.F.);
#5289 = EDGE_LOOP('',(#5290,#5291,#5299,#5305));
#5290 = ORIENTED_EDGE('',*,*,#5276,.T.);
#5291 = ORIENTED_EDGE('',*,*,#5292,.T.);
#5292 = EDGE_CURVE('',#5269,#5293,#5295,.T.);
#5293 = VERTEX_POINT('',#5294);
#5294 = CARTESIAN_POINT('',(-68.3,-14.94448637286,17.6));
#5295 = LINE('',#5296,#5297);
#5296 = CARTESIAN_POINT('',(-71.7,-14.94448637286,17.6));
#5297 = VECTOR('',#5298,1.);
#5298 = DIRECTION('',(1.,0.,0.));
#5299 = ORIENTED_EDGE('',*,*,#5300,.F.);
#5300 = EDGE_CURVE('',#1062,#5293,#5301,.T.);
#5301 = LINE('',#5302,#5303);
#5302 = CARTESIAN_POINT('',(-68.3,-14.94448637286,20.));
#5303 = VECTOR('',#5304,1.);
#5304 = DIRECTION('',(-0.,-0.,-1.));
#5305 = ORIENTED_EDGE('',*,*,#1069,.F.);
#5306 = PLANE('',#5307);
#5307 = AXIS2_PLACEMENT_3D('',#5308,#5309,#5310);
#5308 = CARTESIAN_POINT('',(-71.7,-14.94448637286,20.));
#5309 = DIRECTION('',(0.,-1.,0.));
#5310 = DIRECTION('',(1.,0.,0.));
#5311 = ADVANCED_FACE('',(#5312),#5323,.F.);
#5312 = FACE_BOUND('',#5313,.F.);
#5313 = EDGE_LOOP('',(#5314,#5315,#5321,#5322));
#5314 = ORIENTED_EDGE('',*,*,#5300,.T.);
#5315 = ORIENTED_EDGE('',*,*,#5316,.T.);
#5316 = EDGE_CURVE('',#5293,#5189,#5317,.T.);
#5317 = LINE('',#5318,#5319);
#5318 = CARTESIAN_POINT('',(-68.3,-14.94448637286,17.6));
#5319 = VECTOR('',#5320,1.);
#5320 = DIRECTION('',(0.5,0.866025403784,0.));
#5321 = ORIENTED_EDGE('',*,*,#5188,.F.);
#5322 = ORIENTED_EDGE('',*,*,#1061,.F.);
#5323 = PLANE('',#5324);
#5324 = AXIS2_PLACEMENT_3D('',#5325,#5326,#5327);
#5325 = CARTESIAN_POINT('',(-68.3,-14.94448637286,20.));
#5326 = DIRECTION('',(0.866025403784,-0.5,0.));
#5327 = DIRECTION('',(0.5,0.866025403784,0.));
#5328 = ADVANCED_FACE('',(#5329),#5340,.F.);
#5329 = FACE_BOUND('',#5330,.T.);
#5330 = EDGE_LOOP('',(#5331,#5332,#5338,#5339));
#5331 = ORIENTED_EDGE('',*,*,#2439,.F.);
#5332 = ORIENTED_EDGE('',*,*,#5333,.T.);
#5333 = EDGE_CURVE('',#2431,#1102,#5334,.T.);
#5334 = LINE('',#5335,#5336);
#5335 = CARTESIAN_POINT('',(-51.16351743323,-85.,15.));
#5336 = VECTOR('',#5337,1.);
#5337 = DIRECTION('',(0.,0.,1.));
#5338 = ORIENTED_EDGE('',*,*,#1101,.T.);
#5339 = ORIENTED_EDGE('',*,*,#5333,.F.);
#5340 = CYLINDRICAL_SURFACE('',#5341,1.8);
#5341 = AXIS2_PLACEMENT_3D('',#5342,#5343,#5344);
#5342 = CARTESIAN_POINT('',(-52.96351743323,-85.,15.));
#5343 = DIRECTION('',(-0.,-0.,-1.));
#5344 = DIRECTION('',(1.,0.,0.));
#5345 = ADVANCED_FACE('',(#5346),#5371,.F.);
#5346 = FACE_BOUND('',#5347,.F.);
#5347 = EDGE_LOOP('',(#5348,#5356,#5364,#5370));
#5348 = ORIENTED_EDGE('',*,*,#5349,.T.);
#5349 = EDGE_CURVE('',#1113,#5350,#5352,.T.);
#5350 = VERTEX_POINT('',#5351);
#5351 = CARTESIAN_POINT('',(-17.1,-83.,17.6));
#5352 = LINE('',#5353,#5354);
#5353 = CARTESIAN_POINT('',(-17.1,-83.,20.));
#5354 = VECTOR('',#5355,1.);
#5355 = DIRECTION('',(-0.,-0.,-1.));
#5356 = ORIENTED_EDGE('',*,*,#5357,.T.);
#5357 = EDGE_CURVE('',#5350,#5358,#5360,.T.);
#5358 = VERTEX_POINT('',#5359);
#5359 = CARTESIAN_POINT('',(-18.8,-80.05551362713,17.6));
#5360 = LINE('',#5361,#5362);
#5361 = CARTESIAN_POINT('',(-17.1,-83.,17.6));
#5362 = VECTOR('',#5363,1.);
#5363 = DIRECTION('',(-0.5,0.866025403784,0.));
#5364 = ORIENTED_EDGE('',*,*,#5365,.F.);
#5365 = EDGE_CURVE('',#1115,#5358,#5366,.T.);
#5366 = LINE('',#5367,#5368);
#5367 = CARTESIAN_POINT('',(-18.8,-80.05551362713,20.));
#5368 = VECTOR('',#5369,1.);
#5369 = DIRECTION('',(-0.,-0.,-1.));
#5370 = ORIENTED_EDGE('',*,*,#1112,.F.);
#5371 = PLANE('',#5372);
#5372 = AXIS2_PLACEMENT_3D('',#5373,#5374,#5375);
#5373 = CARTESIAN_POINT('',(-17.1,-83.,20.));
#5374 = DIRECTION('',(0.866025403784,0.5,0.));
#5375 = DIRECTION('',(-0.5,0.866025403784,0.));
#5376 = ADVANCED_FACE('',(#5377),#5395,.F.);
#5377 = FACE_BOUND('',#5378,.F.);
#5378 = EDGE_LOOP('',(#5379,#5380,#5388,#5394));
#5379 = ORIENTED_EDGE('',*,*,#5365,.T.);
#5380 = ORIENTED_EDGE('',*,*,#5381,.T.);
#5381 = EDGE_CURVE('',#5358,#5382,#5384,.T.);
#5382 = VERTEX_POINT('',#5383);
#5383 = CARTESIAN_POINT('',(-22.2,-80.05551362713,17.6));
#5384 = LINE('',#5385,#5386);
#5385 = CARTESIAN_POINT('',(-18.8,-80.05551362713,17.6));
#5386 = VECTOR('',#5387,1.);
#5387 = DIRECTION('',(-1.,0.,0.));
#5388 = ORIENTED_EDGE('',*,*,#5389,.F.);
#5389 = EDGE_CURVE('',#1147,#5382,#5390,.T.);
#5390 = LINE('',#5391,#5392);
#5391 = CARTESIAN_POINT('',(-22.2,-80.05551362713,20.));
#5392 = VECTOR('',#5393,1.);
#5393 = DIRECTION('',(-0.,-0.,-1.));
#5394 = ORIENTED_EDGE('',*,*,#1154,.F.);
#5395 = PLANE('',#5396);
#5396 = AXIS2_PLACEMENT_3D('',#5397,#5398,#5399);
#5397 = CARTESIAN_POINT('',(-18.8,-80.05551362713,20.));
#5398 = DIRECTION('',(0.,1.,0.));
#5399 = DIRECTION('',(-1.,0.,0.));
#5400 = ADVANCED_FACE('',(#5401),#5419,.F.);
#5401 = FACE_BOUND('',#5402,.F.);
#5402 = EDGE_LOOP('',(#5403,#5404,#5412,#5418));
#5403 = ORIENTED_EDGE('',*,*,#5389,.T.);
#5404 = ORIENTED_EDGE('',*,*,#5405,.T.);
#5405 = EDGE_CURVE('',#5382,#5406,#5408,.T.);
#5406 = VERTEX_POINT('',#5407);
#5407 = CARTESIAN_POINT('',(-23.9,-83.,17.6));
#5408 = LINE('',#5409,#5410);
#5409 = CARTESIAN_POINT('',(-22.2,-80.05551362713,17.6));
#5410 = VECTOR('',#5411,1.);
#5411 = DIRECTION('',(-0.5,-0.866025403784,0.));
#5412 = ORIENTED_EDGE('',*,*,#5413,.F.);
#5413 = EDGE_CURVE('',#1139,#5406,#5414,.T.);
#5414 = LINE('',#5415,#5416);
#5415 = CARTESIAN_POINT('',(-23.9,-83.,20.));
#5416 = VECTOR('',#5417,1.);
#5417 = DIRECTION('',(-0.,-0.,-1.));
#5418 = ORIENTED_EDGE('',*,*,#1146,.F.);
#5419 = PLANE('',#5420);
#5420 = AXIS2_PLACEMENT_3D('',#5421,#5422,#5423);
#5421 = CARTESIAN_POINT('',(-22.2,-80.05551362713,20.));
#5422 = DIRECTION('',(-0.866025403784,0.5,0.));
#5423 = DIRECTION('',(-0.5,-0.866025403784,0.));
#5424 = ADVANCED_FACE('',(#5425),#5443,.F.);
#5425 = FACE_BOUND('',#5426,.F.);
#5426 = EDGE_LOOP('',(#5427,#5428,#5436,#5442));
#5427 = ORIENTED_EDGE('',*,*,#5413,.T.);
#5428 = ORIENTED_EDGE('',*,*,#5429,.T.);
#5429 = EDGE_CURVE('',#5406,#5430,#5432,.T.);
#5430 = VERTEX_POINT('',#5431);
#5431 = CARTESIAN_POINT('',(-22.2,-85.94448637286,17.6));
#5432 = LINE('',#5433,#5434);
#5433 = CARTESIAN_POINT('',(-23.9,-83.,17.6));
#5434 = VECTOR('',#5435,1.);
#5435 = DIRECTION('',(0.5,-0.866025403784,0.));
#5436 = ORIENTED_EDGE('',*,*,#5437,.F.);
#5437 = EDGE_CURVE('',#1131,#5430,#5438,.T.);
#5438 = LINE('',#5439,#5440);
#5439 = CARTESIAN_POINT('',(-22.2,-85.94448637286,20.));
#5440 = VECTOR('',#5441,1.);
#5441 = DIRECTION('',(-0.,-0.,-1.));
#5442 = ORIENTED_EDGE('',*,*,#1138,.F.);
#5443 = PLANE('',#5444);
#5444 = AXIS2_PLACEMENT_3D('',#5445,#5446,#5447);
#5445 = CARTESIAN_POINT('',(-23.9,-83.,20.));
#5446 = DIRECTION('',(-0.866025403784,-0.5,0.));
#5447 = DIRECTION('',(0.5,-0.866025403784,0.));
#5448 = ADVANCED_FACE('',(#5449),#5467,.F.);
#5449 = FACE_BOUND('',#5450,.F.);
#5450 = EDGE_LOOP('',(#5451,#5452,#5460,#5466));
#5451 = ORIENTED_EDGE('',*,*,#5437,.T.);
#5452 = ORIENTED_EDGE('',*,*,#5453,.T.);
#5453 = EDGE_CURVE('',#5430,#5454,#5456,.T.);
#5454 = VERTEX_POINT('',#5455);
#5455 = CARTESIAN_POINT('',(-18.8,-85.94448637286,17.6));
#5456 = LINE('',#5457,#5458);
#5457 = CARTESIAN_POINT('',(-22.2,-85.94448637286,17.6));
#5458 = VECTOR('',#5459,1.);
#5459 = DIRECTION('',(1.,0.,0.));
#5460 = ORIENTED_EDGE('',*,*,#5461,.F.);
#5461 = EDGE_CURVE('',#1123,#5454,#5462,.T.);
#5462 = LINE('',#5463,#5464);
#5463 = CARTESIAN_POINT('',(-18.8,-85.94448637286,20.));
#5464 = VECTOR('',#5465,1.);
#5465 = DIRECTION('',(-0.,-0.,-1.));
#5466 = ORIENTED_EDGE('',*,*,#1130,.F.);
#5467 = PLANE('',#5468);
#5468 = AXIS2_PLACEMENT_3D('',#5469,#5470,#5471);
#5469 = CARTESIAN_POINT('',(-22.2,-85.94448637286,20.));
#5470 = DIRECTION('',(0.,-1.,0.));
#5471 = DIRECTION('',(1.,0.,0.));
#5472 = ADVANCED_FACE('',(#5473),#5484,.F.);
#5473 = FACE_BOUND('',#5474,.F.);
#5474 = EDGE_LOOP('',(#5475,#5476,#5482,#5483));
#5475 = ORIENTED_EDGE('',*,*,#5461,.T.);
#5476 = ORIENTED_EDGE('',*,*,#5477,.T.);
#5477 = EDGE_CURVE('',#5454,#5350,#5478,.T.);
#5478 = LINE('',#5479,#5480);
#5479 = CARTESIAN_POINT('',(-18.8,-85.94448637286,17.6));
#5480 = VECTOR('',#5481,1.);
#5481 = DIRECTION('',(0.5,0.866025403784,0.));
#5482 = ORIENTED_EDGE('',*,*,#5349,.F.);
#5483 = ORIENTED_EDGE('',*,*,#1122,.F.);
#5484 = PLANE('',#5485);
#5485 = AXIS2_PLACEMENT_3D('',#5486,#5487,#5488);
#5486 = CARTESIAN_POINT('',(-18.8,-85.94448637286,20.));
#5487 = DIRECTION('',(0.866025403784,-0.5,0.));
#5488 = DIRECTION('',(0.5,0.866025403784,0.));
#5489 = ADVANCED_FACE('',(#5490),#5515,.F.);
#5490 = FACE_BOUND('',#5491,.F.);
#5491 = EDGE_LOOP('',(#5492,#5500,#5508,#5514));
#5492 = ORIENTED_EDGE('',*,*,#5493,.T.);
#5493 = EDGE_CURVE('',#1163,#5494,#5496,.T.);
#5494 = VERTEX_POINT('',#5495);
#5495 = CARTESIAN_POINT('',(-17.1,-63.,17.6));
#5496 = LINE('',#5497,#5498);
#5497 = CARTESIAN_POINT('',(-17.1,-63.,20.));
#5498 = VECTOR('',#5499,1.);
#5499 = DIRECTION('',(-0.,-0.,-1.));
#5500 = ORIENTED_EDGE('',*,*,#5501,.T.);
#5501 = EDGE_CURVE('',#5494,#5502,#5504,.T.);
#5502 = VERTEX_POINT('',#5503);
#5503 = CARTESIAN_POINT('',(-18.8,-60.05551362713,17.6));
#5504 = LINE('',#5505,#5506);
#5505 = CARTESIAN_POINT('',(-17.1,-63.,17.6));
#5506 = VECTOR('',#5507,1.);
#5507 = DIRECTION('',(-0.5,0.866025403784,0.));
#5508 = ORIENTED_EDGE('',*,*,#5509,.F.);
#5509 = EDGE_CURVE('',#1165,#5502,#5510,.T.);
#5510 = LINE('',#5511,#5512);
#5511 = CARTESIAN_POINT('',(-18.8,-60.05551362713,20.));
#5512 = VECTOR('',#5513,1.);
#5513 = DIRECTION('',(-0.,-0.,-1.));
#5514 = ORIENTED_EDGE('',*,*,#1162,.F.);
#5515 = PLANE('',#5516);
#5516 = AXIS2_PLACEMENT_3D('',#5517,#5518,#5519);
#5517 = CARTESIAN_POINT('',(-17.1,-63.,20.));
#5518 = DIRECTION('',(0.866025403784,0.5,0.));
#5519 = DIRECTION('',(-0.5,0.866025403784,0.));
#5520 = ADVANCED_FACE('',(#5521),#5539,.F.);
#5521 = FACE_BOUND('',#5522,.F.);
#5522 = EDGE_LOOP('',(#5523,#5524,#5532,#5538));
#5523 = ORIENTED_EDGE('',*,*,#5509,.T.);
#5524 = ORIENTED_EDGE('',*,*,#5525,.T.);
#5525 = EDGE_CURVE('',#5502,#5526,#5528,.T.);
#5526 = VERTEX_POINT('',#5527);
#5527 = CARTESIAN_POINT('',(-22.2,-60.05551362713,17.6));
#5528 = LINE('',#5529,#5530);
#5529 = CARTESIAN_POINT('',(-18.8,-60.05551362713,17.6));
#5530 = VECTOR('',#5531,1.);
#5531 = DIRECTION('',(-1.,0.,0.));
#5532 = ORIENTED_EDGE('',*,*,#5533,.F.);
#5533 = EDGE_CURVE('',#1197,#5526,#5534,.T.);
#5534 = LINE('',#5535,#5536);
#5535 = CARTESIAN_POINT('',(-22.2,-60.05551362713,20.));
#5536 = VECTOR('',#5537,1.);
#5537 = DIRECTION('',(-0.,-0.,-1.));
#5538 = ORIENTED_EDGE('',*,*,#1204,.F.);
#5539 = PLANE('',#5540);
#5540 = AXIS2_PLACEMENT_3D('',#5541,#5542,#5543);
#5541 = CARTESIAN_POINT('',(-18.8,-60.05551362713,20.));
#5542 = DIRECTION('',(0.,1.,0.));
#5543 = DIRECTION('',(-1.,0.,0.));
#5544 = ADVANCED_FACE('',(#5545),#5563,.F.);
#5545 = FACE_BOUND('',#5546,.F.);
#5546 = EDGE_LOOP('',(#5547,#5548,#5556,#5562));
#5547 = ORIENTED_EDGE('',*,*,#5533,.T.);
#5548 = ORIENTED_EDGE('',*,*,#5549,.T.);
#5549 = EDGE_CURVE('',#5526,#5550,#5552,.T.);
#5550 = VERTEX_POINT('',#5551);
#5551 = CARTESIAN_POINT('',(-23.9,-63.,17.6));
#5552 = LINE('',#5553,#5554);
#5553 = CARTESIAN_POINT('',(-22.2,-60.05551362713,17.6));
#5554 = VECTOR('',#5555,1.);
#5555 = DIRECTION('',(-0.5,-0.866025403784,0.));
#5556 = ORIENTED_EDGE('',*,*,#5557,.F.);
#5557 = EDGE_CURVE('',#1189,#5550,#5558,.T.);
#5558 = LINE('',#5559,#5560);
#5559 = CARTESIAN_POINT('',(-23.9,-63.,20.));
#5560 = VECTOR('',#5561,1.);
#5561 = DIRECTION('',(-0.,-0.,-1.));
#5562 = ORIENTED_EDGE('',*,*,#1196,.F.);
#5563 = PLANE('',#5564);
#5564 = AXIS2_PLACEMENT_3D('',#5565,#5566,#5567);
#5565 = CARTESIAN_POINT('',(-22.2,-60.05551362713,20.));
#5566 = DIRECTION('',(-0.866025403784,0.5,0.));
#5567 = DIRECTION('',(-0.5,-0.866025403784,0.));
#5568 = ADVANCED_FACE('',(#5569),#5587,.F.);
#5569 = FACE_BOUND('',#5570,.F.);
#5570 = EDGE_LOOP('',(#5571,#5572,#5580,#5586));
#5571 = ORIENTED_EDGE('',*,*,#5557,.T.);
#5572 = ORIENTED_EDGE('',*,*,#5573,.T.);
#5573 = EDGE_CURVE('',#5550,#5574,#5576,.T.);
#5574 = VERTEX_POINT('',#5575);
#5575 = CARTESIAN_POINT('',(-22.2,-65.94448637286,17.6));
#5576 = LINE('',#5577,#5578);
#5577 = CARTESIAN_POINT('',(-23.9,-63.,17.6));
#5578 = VECTOR('',#5579,1.);
#5579 = DIRECTION('',(0.5,-0.866025403784,0.));
#5580 = ORIENTED_EDGE('',*,*,#5581,.F.);
#5581 = EDGE_CURVE('',#1181,#5574,#5582,.T.);
#5582 = LINE('',#5583,#5584);
#5583 = CARTESIAN_POINT('',(-22.2,-65.94448637286,20.));
#5584 = VECTOR('',#5585,1.);
#5585 = DIRECTION('',(-0.,-0.,-1.));
#5586 = ORIENTED_EDGE('',*,*,#1188,.F.);
#5587 = PLANE('',#5588);
#5588 = AXIS2_PLACEMENT_3D('',#5589,#5590,#5591);
#5589 = CARTESIAN_POINT('',(-23.9,-63.,20.));
#5590 = DIRECTION('',(-0.866025403784,-0.5,0.));
#5591 = DIRECTION('',(0.5,-0.866025403784,0.));
#5592 = ADVANCED_FACE('',(#5593),#5611,.F.);
#5593 = FACE_BOUND('',#5594,.F.);
#5594 = EDGE_LOOP('',(#5595,#5596,#5604,#5610));
#5595 = ORIENTED_EDGE('',*,*,#5581,.T.);
#5596 = ORIENTED_EDGE('',*,*,#5597,.T.);
#5597 = EDGE_CURVE('',#5574,#5598,#5600,.T.);
#5598 = VERTEX_POINT('',#5599);
#5599 = CARTESIAN_POINT('',(-18.8,-65.94448637286,17.6));
#5600 = LINE('',#5601,#5602);
#5601 = CARTESIAN_POINT('',(-22.2,-65.94448637286,17.6));
#5602 = VECTOR('',#5603,1.);
#5603 = DIRECTION('',(1.,0.,0.));
#5604 = ORIENTED_EDGE('',*,*,#5605,.F.);
#5605 = EDGE_CURVE('',#1173,#5598,#5606,.T.);
#5606 = LINE('',#5607,#5608);
#5607 = CARTESIAN_POINT('',(-18.8,-65.94448637286,20.));
#5608 = VECTOR('',#5609,1.);
#5609 = DIRECTION('',(-0.,-0.,-1.));
#5610 = ORIENTED_EDGE('',*,*,#1180,.F.);
#5611 = PLANE('',#5612);
#5612 = AXIS2_PLACEMENT_3D('',#5613,#5614,#5615);
#5613 = CARTESIAN_POINT('',(-22.2,-65.94448637286,20.));
#5614 = DIRECTION('',(0.,-1.,0.));
#5615 = DIRECTION('',(1.,0.,0.));
#5616 = ADVANCED_FACE('',(#5617),#5628,.F.);
#5617 = FACE_BOUND('',#5618,.F.);
#5618 = EDGE_LOOP('',(#5619,#5620,#5626,#5627));
#5619 = ORIENTED_EDGE('',*,*,#5605,.T.);
#5620 = ORIENTED_EDGE('',*,*,#5621,.T.);
#5621 = EDGE_CURVE('',#5598,#5494,#5622,.T.);
#5622 = LINE('',#5623,#5624);
#5623 = CARTESIAN_POINT('',(-18.8,-65.94448637286,17.6));
#5624 = VECTOR('',#5625,1.);
#5625 = DIRECTION('',(0.5,0.866025403784,0.));
#5626 = ORIENTED_EDGE('',*,*,#5493,.F.);
#5627 = ORIENTED_EDGE('',*,*,#1172,.F.);
#5628 = PLANE('',#5629);
#5629 = AXIS2_PLACEMENT_3D('',#5630,#5631,#5632);
#5630 = CARTESIAN_POINT('',(-18.8,-65.94448637286,20.));
#5631 = DIRECTION('',(0.866025403784,-0.5,0.));
#5632 = DIRECTION('',(0.5,0.866025403784,0.));
#5633 = ADVANCED_FACE('',(#5634),#5659,.F.);
#5634 = FACE_BOUND('',#5635,.F.);
#5635 = EDGE_LOOP('',(#5636,#5644,#5652,#5658));
#5636 = ORIENTED_EDGE('',*,*,#5637,.T.);
#5637 = EDGE_CURVE('',#1213,#5638,#5640,.T.);
#5638 = VERTEX_POINT('',#5639);
#5639 = CARTESIAN_POINT('',(23.9,-83.,17.6));
#5640 = LINE('',#5641,#5642);
#5641 = CARTESIAN_POINT('',(23.9,-83.,20.));
#5642 = VECTOR('',#5643,1.);
#5643 = DIRECTION('',(-0.,-0.,-1.));
#5644 = ORIENTED_EDGE('',*,*,#5645,.T.);
#5645 = EDGE_CURVE('',#5638,#5646,#5648,.T.);
#5646 = VERTEX_POINT('',#5647);
#5647 = CARTESIAN_POINT('',(22.2,-80.05551362713,17.6));
#5648 = LINE('',#5649,#5650);
#5649 = CARTESIAN_POINT('',(23.9,-83.,17.6));
#5650 = VECTOR('',#5651,1.);
#5651 = DIRECTION('',(-0.5,0.866025403784,0.));
#5652 = ORIENTED_EDGE('',*,*,#5653,.F.);
#5653 = EDGE_CURVE('',#1215,#5646,#5654,.T.);
#5654 = LINE('',#5655,#5656);
#5655 = CARTESIAN_POINT('',(22.2,-80.05551362713,20.));
#5656 = VECTOR('',#5657,1.);
#5657 = DIRECTION('',(-0.,-0.,-1.));
#5658 = ORIENTED_EDGE('',*,*,#1212,.F.);
#5659 = PLANE('',#5660);
#5660 = AXIS2_PLACEMENT_3D('',#5661,#5662,#5663);
#5661 = CARTESIAN_POINT('',(23.9,-83.,20.));
#5662 = DIRECTION('',(0.866025403784,0.5,0.));
#5663 = DIRECTION('',(-0.5,0.866025403784,0.));
#5664 = ADVANCED_FACE('',(#5665),#5683,.F.);
#5665 = FACE_BOUND('',#5666,.F.);
#5666 = EDGE_LOOP('',(#5667,#5668,#5676,#5682));
#5667 = ORIENTED_EDGE('',*,*,#5653,.T.);
#5668 = ORIENTED_EDGE('',*,*,#5669,.T.);
#5669 = EDGE_CURVE('',#5646,#5670,#5672,.T.);
#5670 = VERTEX_POINT('',#5671);
#5671 = CARTESIAN_POINT('',(18.8,-80.05551362713,17.6));
#5672 = LINE('',#5673,#5674);
#5673 = CARTESIAN_POINT('',(22.2,-80.05551362713,17.6));
#5674 = VECTOR('',#5675,1.);
#5675 = DIRECTION('',(-1.,0.,0.));
#5676 = ORIENTED_EDGE('',*,*,#5677,.F.);
#5677 = EDGE_CURVE('',#1247,#5670,#5678,.T.);
#5678 = LINE('',#5679,#5680);
#5679 = CARTESIAN_POINT('',(18.8,-80.05551362713,20.));
#5680 = VECTOR('',#5681,1.);
#5681 = DIRECTION('',(-0.,-0.,-1.));
#5682 = ORIENTED_EDGE('',*,*,#1254,.F.);
#5683 = PLANE('',#5684);
#5684 = AXIS2_PLACEMENT_3D('',#5685,#5686,#5687);
#5685 = CARTESIAN_POINT('',(22.2,-80.05551362713,20.));
#5686 = DIRECTION('',(0.,1.,0.));
#5687 = DIRECTION('',(-1.,0.,0.));
#5688 = ADVANCED_FACE('',(#5689),#5707,.F.);
#5689 = FACE_BOUND('',#5690,.F.);
#5690 = EDGE_LOOP('',(#5691,#5692,#5700,#5706));
#5691 = ORIENTED_EDGE('',*,*,#5677,.T.);
#5692 = ORIENTED_EDGE('',*,*,#5693,.T.);
#5693 = EDGE_CURVE('',#5670,#5694,#5696,.T.);
#5694 = VERTEX_POINT('',#5695);
#5695 = CARTESIAN_POINT('',(17.1,-83.,17.6));
#5696 = LINE('',#5697,#5698);
#5697 = CARTESIAN_POINT('',(18.8,-80.05551362713,17.6));
#5698 = VECTOR('',#5699,1.);
#5699 = DIRECTION('',(-0.5,-0.866025403784,0.));
#5700 = ORIENTED_EDGE('',*,*,#5701,.F.);
#5701 = EDGE_CURVE('',#1239,#5694,#5702,.T.);
#5702 = LINE('',#5703,#5704);
#5703 = CARTESIAN_POINT('',(17.1,-83.,20.));
#5704 = VECTOR('',#5705,1.);
#5705 = DIRECTION('',(-0.,-0.,-1.));
#5706 = ORIENTED_EDGE('',*,*,#1246,.F.);
#5707 = PLANE('',#5708);
#5708 = AXIS2_PLACEMENT_3D('',#5709,#5710,#5711);
#5709 = CARTESIAN_POINT('',(18.8,-80.05551362713,20.));
#5710 = DIRECTION('',(-0.866025403784,0.5,0.));
#5711 = DIRECTION('',(-0.5,-0.866025403784,0.));
#5712 = ADVANCED_FACE('',(#5713),#5731,.F.);
#5713 = FACE_BOUND('',#5714,.F.);
#5714 = EDGE_LOOP('',(#5715,#5716,#5724,#5730));
#5715 = ORIENTED_EDGE('',*,*,#5701,.T.);
#5716 = ORIENTED_EDGE('',*,*,#5717,.T.);
#5717 = EDGE_CURVE('',#5694,#5718,#5720,.T.);
#5718 = VERTEX_POINT('',#5719);
#5719 = CARTESIAN_POINT('',(18.8,-85.94448637286,17.6));
#5720 = LINE('',#5721,#5722);
#5721 = CARTESIAN_POINT('',(17.1,-83.,17.6));
#5722 = VECTOR('',#5723,1.);
#5723 = DIRECTION('',(0.5,-0.866025403784,0.));
#5724 = ORIENTED_EDGE('',*,*,#5725,.F.);
#5725 = EDGE_CURVE('',#1231,#5718,#5726,.T.);
#5726 = LINE('',#5727,#5728);
#5727 = CARTESIAN_POINT('',(18.8,-85.94448637286,20.));
#5728 = VECTOR('',#5729,1.);
#5729 = DIRECTION('',(-0.,-0.,-1.));
#5730 = ORIENTED_EDGE('',*,*,#1238,.F.);
#5731 = PLANE('',#5732);
#5732 = AXIS2_PLACEMENT_3D('',#5733,#5734,#5735);
#5733 = CARTESIAN_POINT('',(17.1,-83.,20.));
#5734 = DIRECTION('',(-0.866025403784,-0.5,0.));
#5735 = DIRECTION('',(0.5,-0.866025403784,0.));
#5736 = ADVANCED_FACE('',(#5737),#5755,.F.);
#5737 = FACE_BOUND('',#5738,.F.);
#5738 = EDGE_LOOP('',(#5739,#5740,#5748,#5754));
#5739 = ORIENTED_EDGE('',*,*,#5725,.T.);
#5740 = ORIENTED_EDGE('',*,*,#5741,.T.);
#5741 = EDGE_CURVE('',#5718,#5742,#5744,.T.);
#5742 = VERTEX_POINT('',#5743);
#5743 = CARTESIAN_POINT('',(22.2,-85.94448637286,17.6));
#5744 = LINE('',#5745,#5746);
#5745 = CARTESIAN_POINT('',(18.8,-85.94448637286,17.6));
#5746 = VECTOR('',#5747,1.);
#5747 = DIRECTION('',(1.,0.,0.));
#5748 = ORIENTED_EDGE('',*,*,#5749,.F.);
#5749 = EDGE_CURVE('',#1223,#5742,#5750,.T.);
#5750 = LINE('',#5751,#5752);
#5751 = CARTESIAN_POINT('',(22.2,-85.94448637286,20.));
#5752 = VECTOR('',#5753,1.);
#5753 = DIRECTION('',(-0.,-0.,-1.));
#5754 = ORIENTED_EDGE('',*,*,#1230,.F.);
#5755 = PLANE('',#5756);
#5756 = AXIS2_PLACEMENT_3D('',#5757,#5758,#5759);
#5757 = CARTESIAN_POINT('',(18.8,-85.94448637286,20.));
#5758 = DIRECTION('',(0.,-1.,0.));
#5759 = DIRECTION('',(1.,0.,0.));
#5760 = ADVANCED_FACE('',(#5761),#5772,.F.);
#5761 = FACE_BOUND('',#5762,.F.);
#5762 = EDGE_LOOP('',(#5763,#5764,#5770,#5771));
#5763 = ORIENTED_EDGE('',*,*,#5749,.T.);
#5764 = ORIENTED_EDGE('',*,*,#5765,.T.);
#5765 = EDGE_CURVE('',#5742,#5638,#5766,.T.);
#5766 = LINE('',#5767,#5768);
#5767 = CARTESIAN_POINT('',(22.2,-85.94448637286,17.6));
#5768 = VECTOR('',#5769,1.);
#5769 = DIRECTION('',(0.5,0.866025403784,0.));
#5770 = ORIENTED_EDGE('',*,*,#5637,.F.);
#5771 = ORIENTED_EDGE('',*,*,#1222,.F.);
#5772 = PLANE('',#5773);
#5773 = AXIS2_PLACEMENT_3D('',#5774,#5775,#5776);
#5774 = CARTESIAN_POINT('',(22.2,-85.94448637286,20.));
#5775 = DIRECTION('',(0.866025403784,-0.5,0.));
#5776 = DIRECTION('',(0.5,0.866025403784,0.));
#5777 = ADVANCED_FACE('',(#5778),#5789,.F.);
#5778 = FACE_BOUND('',#5779,.T.);
#5779 = EDGE_LOOP('',(#5780,#5781,#5787,#5788));
#5780 = ORIENTED_EDGE('',*,*,#2902,.F.);
#5781 = ORIENTED_EDGE('',*,*,#5782,.T.);
#5782 = EDGE_CURVE('',#2894,#1263,#5783,.T.);
#5783 = LINE('',#5784,#5785);
#5784 = CARTESIAN_POINT('',(31.8,-85.,15.));
#5785 = VECTOR('',#5786,1.);
#5786 = DIRECTION('',(0.,0.,1.));
#5787 = ORIENTED_EDGE('',*,*,#1262,.T.);
#5788 = ORIENTED_EDGE('',*,*,#5782,.F.);
#5789 = CYLINDRICAL_SURFACE('',#5790,1.8);
#5790 = AXIS2_PLACEMENT_3D('',#5791,#5792,#5793);
#5791 = CARTESIAN_POINT('',(30.,-85.,15.));
#5792 = DIRECTION('',(-0.,-0.,-1.));
#5793 = DIRECTION('',(1.,0.,0.));
#5794 = ADVANCED_FACE('',(#5795),#5820,.F.);
#5795 = FACE_BOUND('',#5796,.F.);
#5796 = EDGE_LOOP('',(#5797,#5805,#5813,#5819));
#5797 = ORIENTED_EDGE('',*,*,#5798,.T.);
#5798 = EDGE_CURVE('',#1274,#5799,#5801,.T.);
#5799 = VERTEX_POINT('',#5800);
#5800 = CARTESIAN_POINT('',(23.9,-63.,17.6));
#5801 = LINE('',#5802,#5803);
#5802 = CARTESIAN_POINT('',(23.9,-63.,20.));
#5803 = VECTOR('',#5804,1.);
#5804 = DIRECTION('',(-0.,-0.,-1.));
#5805 = ORIENTED_EDGE('',*,*,#5806,.T.);
#5806 = EDGE_CURVE('',#5799,#5807,#5809,.T.);
#5807 = VERTEX_POINT('',#5808);
#5808 = CARTESIAN_POINT('',(22.2,-60.05551362713,17.6));
#5809 = LINE('',#5810,#5811);
#5810 = CARTESIAN_POINT('',(23.9,-63.,17.6));
#5811 = VECTOR('',#5812,1.);
#5812 = DIRECTION('',(-0.5,0.866025403784,0.));
#5813 = ORIENTED_EDGE('',*,*,#5814,.F.);
#5814 = EDGE_CURVE('',#1276,#5807,#5815,.T.);
#5815 = LINE('',#5816,#5817);
#5816 = CARTESIAN_POINT('',(22.2,-60.05551362713,20.));
#5817 = VECTOR('',#5818,1.);
#5818 = DIRECTION('',(-0.,-0.,-1.));
#5819 = ORIENTED_EDGE('',*,*,#1273,.F.);
#5820 = PLANE('',#5821);
#5821 = AXIS2_PLACEMENT_3D('',#5822,#5823,#5824);
#5822 = CARTESIAN_POINT('',(23.9,-63.,20.));
#5823 = DIRECTION('',(0.866025403784,0.5,0.));
#5824 = DIRECTION('',(-0.5,0.866025403784,0.));
#5825 = ADVANCED_FACE('',(#5826),#5844,.F.);
#5826 = FACE_BOUND('',#5827,.F.);
#5827 = EDGE_LOOP('',(#5828,#5829,#5837,#5843));
#5828 = ORIENTED_EDGE('',*,*,#5814,.T.);
#5829 = ORIENTED_EDGE('',*,*,#5830,.T.);
#5830 = EDGE_CURVE('',#5807,#5831,#5833,.T.);
#5831 = VERTEX_POINT('',#5832);
#5832 = CARTESIAN_POINT('',(18.8,-60.05551362713,17.6));
#5833 = LINE('',#5834,#5835);
#5834 = CARTESIAN_POINT('',(22.2,-60.05551362713,17.6));
#5835 = VECTOR('',#5836,1.);
#5836 = DIRECTION('',(-1.,0.,0.));
#5837 = ORIENTED_EDGE('',*,*,#5838,.F.);
#5838 = EDGE_CURVE('',#1308,#5831,#5839,.T.);
#5839 = LINE('',#5840,#5841);
#5840 = CARTESIAN_POINT('',(18.8,-60.05551362713,20.));
#5841 = VECTOR('',#5842,1.);
#5842 = DIRECTION('',(-0.,-0.,-1.));
#5843 = ORIENTED_EDGE('',*,*,#1315,.F.);
#5844 = PLANE('',#5845);
#5845 = AXIS2_PLACEMENT_3D('',#5846,#5847,#5848);
#5846 = CARTESIAN_POINT('',(22.2,-60.05551362713,20.));
#5847 = DIRECTION('',(0.,1.,0.));
#5848 = DIRECTION('',(-1.,0.,0.));
#5849 = ADVANCED_FACE('',(#5850),#5868,.F.);
#5850 = FACE_BOUND('',#5851,.F.);
#5851 = EDGE_LOOP('',(#5852,#5853,#5861,#5867));
#5852 = ORIENTED_EDGE('',*,*,#5838,.T.);
#5853 = ORIENTED_EDGE('',*,*,#5854,.T.);
#5854 = EDGE_CURVE('',#5831,#5855,#5857,.T.);
#5855 = VERTEX_POINT('',#5856);
#5856 = CARTESIAN_POINT('',(17.1,-63.,17.6));
#5857 = LINE('',#5858,#5859);
#5858 = CARTESIAN_POINT('',(18.8,-60.05551362713,17.6));
#5859 = VECTOR('',#5860,1.);
#5860 = DIRECTION('',(-0.5,-0.866025403784,0.));
#5861 = ORIENTED_EDGE('',*,*,#5862,.F.);
#5862 = EDGE_CURVE('',#1300,#5855,#5863,.T.);
#5863 = LINE('',#5864,#5865);
#5864 = CARTESIAN_POINT('',(17.1,-63.,20.));
#5865 = VECTOR('',#5866,1.);
#5866 = DIRECTION('',(-0.,-0.,-1.));
#5867 = ORIENTED_EDGE('',*,*,#1307,.F.);
#5868 = PLANE('',#5869);
#5869 = AXIS2_PLACEMENT_3D('',#5870,#5871,#5872);
#5870 = CARTESIAN_POINT('',(18.8,-60.05551362713,20.));
#5871 = DIRECTION('',(-0.866025403784,0.5,0.));
#5872 = DIRECTION('',(-0.5,-0.866025403784,0.));
#5873 = ADVANCED_FACE('',(#5874),#5892,.F.);
#5874 = FACE_BOUND('',#5875,.F.);
#5875 = EDGE_LOOP('',(#5876,#5877,#5885,#5891));
#5876 = ORIENTED_EDGE('',*,*,#5862,.T.);
#5877 = ORIENTED_EDGE('',*,*,#5878,.T.);
#5878 = EDGE_CURVE('',#5855,#5879,#5881,.T.);
#5879 = VERTEX_POINT('',#5880);
#5880 = CARTESIAN_POINT('',(18.8,-65.94448637286,17.6));
#5881 = LINE('',#5882,#5883);
#5882 = CARTESIAN_POINT('',(17.1,-63.,17.6));
#5883 = VECTOR('',#5884,1.);
#5884 = DIRECTION('',(0.5,-0.866025403784,0.));
#5885 = ORIENTED_EDGE('',*,*,#5886,.F.);
#5886 = EDGE_CURVE('',#1292,#5879,#5887,.T.);
#5887 = LINE('',#5888,#5889);
#5888 = CARTESIAN_POINT('',(18.8,-65.94448637286,20.));
#5889 = VECTOR('',#5890,1.);
#5890 = DIRECTION('',(-0.,-0.,-1.));
#5891 = ORIENTED_EDGE('',*,*,#1299,.F.);
#5892 = PLANE('',#5893);
#5893 = AXIS2_PLACEMENT_3D('',#5894,#5895,#5896);
#5894 = CARTESIAN_POINT('',(17.1,-63.,20.));
#5895 = DIRECTION('',(-0.866025403784,-0.5,0.));
#5896 = DIRECTION('',(0.5,-0.866025403784,0.));
#5897 = ADVANCED_FACE('',(#5898),#5916,.F.);
#5898 = FACE_BOUND('',#5899,.F.);
#5899 = EDGE_LOOP('',(#5900,#5901,#5909,#5915));
#5900 = ORIENTED_EDGE('',*,*,#5886,.T.);
#5901 = ORIENTED_EDGE('',*,*,#5902,.T.);
#5902 = EDGE_CURVE('',#5879,#5903,#5905,.T.);
#5903 = VERTEX_POINT('',#5904);
#5904 = CARTESIAN_POINT('',(22.2,-65.94448637286,17.6));
#5905 = LINE('',#5906,#5907);
#5906 = CARTESIAN_POINT('',(18.8,-65.94448637286,17.6));
#5907 = VECTOR('',#5908,1.);
#5908 = DIRECTION('',(1.,0.,0.));
#5909 = ORIENTED_EDGE('',*,*,#5910,.F.);
#5910 = EDGE_CURVE('',#1284,#5903,#5911,.T.);
#5911 = LINE('',#5912,#5913);
#5912 = CARTESIAN_POINT('',(22.2,-65.94448637286,20.));
#5913 = VECTOR('',#5914,1.);
#5914 = DIRECTION('',(-0.,-0.,-1.));
#5915 = ORIENTED_EDGE('',*,*,#1291,.F.);
#5916 = PLANE('',#5917);
#5917 = AXIS2_PLACEMENT_3D('',#5918,#5919,#5920);
#5918 = CARTESIAN_POINT('',(18.8,-65.94448637286,20.));
#5919 = DIRECTION('',(0.,-1.,0.));
#5920 = DIRECTION('',(1.,0.,0.));
#5921 = ADVANCED_FACE('',(#5922),#5933,.F.);
#5922 = FACE_BOUND('',#5923,.F.);
#5923 = EDGE_LOOP('',(#5924,#5925,#5931,#5932));
#5924 = ORIENTED_EDGE('',*,*,#5910,.T.);
#5925 = ORIENTED_EDGE('',*,*,#5926,.T.);
#5926 = EDGE_CURVE('',#5903,#5799,#5927,.T.);
#5927 = LINE('',#5928,#5929);
#5928 = CARTESIAN_POINT('',(22.2,-65.94448637286,17.6));
#5929 = VECTOR('',#5930,1.);
#5930 = DIRECTION('',(0.5,0.866025403784,0.));
#5931 = ORIENTED_EDGE('',*,*,#5798,.F.);
#5932 = ORIENTED_EDGE('',*,*,#1283,.F.);
#5933 = PLANE('',#5934);
#5934 = AXIS2_PLACEMENT_3D('',#5935,#5936,#5937);
#5935 = CARTESIAN_POINT('',(22.2,-65.94448637286,20.));
#5936 = DIRECTION('',(0.866025403784,-0.5,0.));
#5937 = DIRECTION('',(0.5,0.866025403784,0.));
#5938 = ADVANCED_FACE('',(#5939),#5958,.F.);
#5939 = FACE_BOUND('',#5940,.T.);
#5940 = EDGE_LOOP('',(#5941,#5950,#5956,#5957));
#5941 = ORIENTED_EDGE('',*,*,#5942,.T.);
#5942 = EDGE_CURVE('',#5943,#5943,#5945,.T.);
#5943 = VERTEX_POINT('',#5944);
#5944 = CARTESIAN_POINT('',(-18.05,-24.5,17.));
#5945 = CIRCLE('',#5946,1.45);
#5946 = AXIS2_PLACEMENT_3D('',#5947,#5948,#5949);
#5947 = CARTESIAN_POINT('',(-19.5,-24.5,17.));
#5948 = DIRECTION('',(0.,0.,-1.));
#5949 = DIRECTION('',(1.,0.,0.));
#5950 = ORIENTED_EDGE('',*,*,#5951,.T.);
#5951 = EDGE_CURVE('',#5943,#1396,#5952,.T.);
#5952 = LINE('',#5953,#5954);
#5953 = CARTESIAN_POINT('',(-18.05,-24.5,15.));
#5954 = VECTOR('',#5955,1.);
#5955 = DIRECTION('',(0.,0.,1.));
#5956 = ORIENTED_EDGE('',*,*,#1395,.T.);
#5957 = ORIENTED_EDGE('',*,*,#5951,.F.);
#5958 = CYLINDRICAL_SURFACE('',#5959,1.45);
#5959 = AXIS2_PLACEMENT_3D('',#5960,#5961,#5962);
#5960 = CARTESIAN_POINT('',(-19.5,-24.5,15.));
#5961 = DIRECTION('',(-0.,-0.,-1.));
#5962 = DIRECTION('',(1.,0.,0.));
#5963 = ADVANCED_FACE('',(#5964),#5989,.F.);
#5964 = FACE_BOUND('',#5965,.F.);
#5965 = EDGE_LOOP('',(#5966,#5974,#5982,#5988));
#5966 = ORIENTED_EDGE('',*,*,#5967,.T.);
#5967 = EDGE_CURVE('',#1407,#5968,#5970,.T.);
#5968 = VERTEX_POINT('',#5969);
#5969 = CARTESIAN_POINT('',(-26.6,-12.,17.6));
#5970 = LINE('',#5971,#5972);
#5971 = CARTESIAN_POINT('',(-26.6,-12.,20.));
#5972 = VECTOR('',#5973,1.);
#5973 = DIRECTION('',(-0.,-0.,-1.));
#5974 = ORIENTED_EDGE('',*,*,#5975,.T.);
#5975 = EDGE_CURVE('',#5968,#5976,#5978,.T.);
#5976 = VERTEX_POINT('',#5977);
#5977 = CARTESIAN_POINT('',(-28.3,-9.055513627133,17.6));
#5978 = LINE('',#5979,#5980);
#5979 = CARTESIAN_POINT('',(-26.6,-12.,17.6));
#5980 = VECTOR('',#5981,1.);
#5981 = DIRECTION('',(-0.5,0.866025403784,0.));
#5982 = ORIENTED_EDGE('',*,*,#5983,.F.);
#5983 = EDGE_CURVE('',#1409,#5976,#5984,.T.);
#5984 = LINE('',#5985,#5986);
#5985 = CARTESIAN_POINT('',(-28.3,-9.055513627133,20.));
#5986 = VECTOR('',#5987,1.);
#5987 = DIRECTION('',(-0.,-0.,-1.));
#5988 = ORIENTED_EDGE('',*,*,#1406,.F.);
#5989 = PLANE('',#5990);
#5990 = AXIS2_PLACEMENT_3D('',#5991,#5992,#5993);
#5991 = CARTESIAN_POINT('',(-26.6,-12.,20.));
#5992 = DIRECTION('',(0.866025403784,0.5,0.));
#5993 = DIRECTION('',(-0.5,0.866025403784,0.));
#5994 = ADVANCED_FACE('',(#5995),#6013,.F.);
#5995 = FACE_BOUND('',#5996,.F.);
#5996 = EDGE_LOOP('',(#5997,#5998,#6006,#6012));
#5997 = ORIENTED_EDGE('',*,*,#5983,.T.);
#5998 = ORIENTED_EDGE('',*,*,#5999,.T.);
#5999 = EDGE_CURVE('',#5976,#6000,#6002,.T.);
#6000 = VERTEX_POINT('',#6001);
#6001 = CARTESIAN_POINT('',(-31.7,-9.055513627133,17.6));
#6002 = LINE('',#6003,#6004);
#6003 = CARTESIAN_POINT('',(-28.3,-9.055513627133,17.6));
#6004 = VECTOR('',#6005,1.);
#6005 = DIRECTION('',(-1.,0.,0.));
#6006 = ORIENTED_EDGE('',*,*,#6007,.F.);
#6007 = EDGE_CURVE('',#1441,#6000,#6008,.T.);
#6008 = LINE('',#6009,#6010);
#6009 = CARTESIAN_POINT('',(-31.7,-9.055513627133,20.));
#6010 = VECTOR('',#6011,1.);
#6011 = DIRECTION('',(-0.,-0.,-1.));
#6012 = ORIENTED_EDGE('',*,*,#1448,.F.);
#6013 = PLANE('',#6014);
#6014 = AXIS2_PLACEMENT_3D('',#6015,#6016,#6017);
#6015 = CARTESIAN_POINT('',(-28.3,-9.055513627133,20.));
#6016 = DIRECTION('',(0.,1.,0.));
#6017 = DIRECTION('',(-1.,0.,0.));
#6018 = ADVANCED_FACE('',(#6019),#6037,.F.);
#6019 = FACE_BOUND('',#6020,.F.);
#6020 = EDGE_LOOP('',(#6021,#6022,#6030,#6036));
#6021 = ORIENTED_EDGE('',*,*,#6007,.T.);
#6022 = ORIENTED_EDGE('',*,*,#6023,.T.);
#6023 = EDGE_CURVE('',#6000,#6024,#6026,.T.);
#6024 = VERTEX_POINT('',#6025);
#6025 = CARTESIAN_POINT('',(-33.4,-12.,17.6));
#6026 = LINE('',#6027,#6028);
#6027 = CARTESIAN_POINT('',(-31.7,-9.055513627133,17.6));
#6028 = VECTOR('',#6029,1.);
#6029 = DIRECTION('',(-0.5,-0.866025403784,0.));
#6030 = ORIENTED_EDGE('',*,*,#6031,.F.);
#6031 = EDGE_CURVE('',#1433,#6024,#6032,.T.);
#6032 = LINE('',#6033,#6034);
#6033 = CARTESIAN_POINT('',(-33.4,-12.,20.));
#6034 = VECTOR('',#6035,1.);
#6035 = DIRECTION('',(-0.,-0.,-1.));
#6036 = ORIENTED_EDGE('',*,*,#1440,.F.);
#6037 = PLANE('',#6038);
#6038 = AXIS2_PLACEMENT_3D('',#6039,#6040,#6041);
#6039 = CARTESIAN_POINT('',(-31.7,-9.055513627133,20.));
#6040 = DIRECTION('',(-0.866025403784,0.5,0.));
#6041 = DIRECTION('',(-0.5,-0.866025403784,0.));
#6042 = ADVANCED_FACE('',(#6043),#6061,.F.);
#6043 = FACE_BOUND('',#6044,.F.);
#6044 = EDGE_LOOP('',(#6045,#6046,#6054,#6060));
#6045 = ORIENTED_EDGE('',*,*,#6031,.T.);
#6046 = ORIENTED_EDGE('',*,*,#6047,.T.);
#6047 = EDGE_CURVE('',#6024,#6048,#6050,.T.);
#6048 = VERTEX_POINT('',#6049);
#6049 = CARTESIAN_POINT('',(-31.7,-14.94448637286,17.6));
#6050 = LINE('',#6051,#6052);
#6051 = CARTESIAN_POINT('',(-33.4,-12.,17.6));
#6052 = VECTOR('',#6053,1.);
#6053 = DIRECTION('',(0.5,-0.866025403784,0.));
#6054 = ORIENTED_EDGE('',*,*,#6055,.F.);
#6055 = EDGE_CURVE('',#1425,#6048,#6056,.T.);
#6056 = LINE('',#6057,#6058);
#6057 = CARTESIAN_POINT('',(-31.7,-14.94448637286,20.));
#6058 = VECTOR('',#6059,1.);
#6059 = DIRECTION('',(-0.,-0.,-1.));
#6060 = ORIENTED_EDGE('',*,*,#1432,.F.);
#6061 = PLANE('',#6062);
#6062 = AXIS2_PLACEMENT_3D('',#6063,#6064,#6065);
#6063 = CARTESIAN_POINT('',(-33.4,-12.,20.));
#6064 = DIRECTION('',(-0.866025403784,-0.5,0.));
#6065 = DIRECTION('',(0.5,-0.866025403784,0.));
#6066 = ADVANCED_FACE('',(#6067),#6085,.F.);
#6067 = FACE_BOUND('',#6068,.F.);
#6068 = EDGE_LOOP('',(#6069,#6070,#6078,#6084));
#6069 = ORIENTED_EDGE('',*,*,#6055,.T.);
#6070 = ORIENTED_EDGE('',*,*,#6071,.T.);
#6071 = EDGE_CURVE('',#6048,#6072,#6074,.T.);
#6072 = VERTEX_POINT('',#6073);
#6073 = CARTESIAN_POINT('',(-28.3,-14.94448637286,17.6));
#6074 = LINE('',#6075,#6076);
#6075 = CARTESIAN_POINT('',(-31.7,-14.94448637286,17.6));
#6076 = VECTOR('',#6077,1.);
#6077 = DIRECTION('',(1.,0.,0.));
#6078 = ORIENTED_EDGE('',*,*,#6079,.F.);
#6079 = EDGE_CURVE('',#1417,#6072,#6080,.T.);
#6080 = LINE('',#6081,#6082);
#6081 = CARTESIAN_POINT('',(-28.3,-14.94448637286,20.));
#6082 = VECTOR('',#6083,1.);
#6083 = DIRECTION('',(-0.,-0.,-1.));
#6084 = ORIENTED_EDGE('',*,*,#1424,.F.);
#6085 = PLANE('',#6086);
#6086 = AXIS2_PLACEMENT_3D('',#6087,#6088,#6089);
#6087 = CARTESIAN_POINT('',(-31.7,-14.94448637286,20.));
#6088 = DIRECTION('',(0.,-1.,0.));
#6089 = DIRECTION('',(1.,0.,0.));
#6090 = ADVANCED_FACE('',(#6091),#6102,.F.);
#6091 = FACE_BOUND('',#6092,.F.);
#6092 = EDGE_LOOP('',(#6093,#6094,#6100,#6101));
#6093 = ORIENTED_EDGE('',*,*,#6079,.T.);
#6094 = ORIENTED_EDGE('',*,*,#6095,.T.);
#6095 = EDGE_CURVE('',#6072,#5968,#6096,.T.);
#6096 = LINE('',#6097,#6098);
#6097 = CARTESIAN_POINT('',(-28.3,-14.94448637286,17.6));
#6098 = VECTOR('',#6099,1.);
#6099 = DIRECTION('',(0.5,0.866025403784,0.));
#6100 = ORIENTED_EDGE('',*,*,#5967,.F.);
#6101 = ORIENTED_EDGE('',*,*,#1416,.F.);
#6102 = PLANE('',#6103);
#6103 = AXIS2_PLACEMENT_3D('',#6104,#6105,#6106);
#6104 = CARTESIAN_POINT('',(-28.3,-14.94448637286,20.));
#6105 = DIRECTION('',(0.866025403784,-0.5,0.));
#6106 = DIRECTION('',(0.5,0.866025403784,0.));
#6107 = ADVANCED_FACE('',(#6108),#6119,.F.);
#6108 = FACE_BOUND('',#6109,.T.);
#6109 = EDGE_LOOP('',(#6110,#6111,#6117,#6118));
#6110 = ORIENTED_EDGE('',*,*,#3756,.T.);
#6111 = ORIENTED_EDGE('',*,*,#6112,.T.);
#6112 = EDGE_CURVE('',#3748,#1529,#6113,.T.);
#6113 = LINE('',#6114,#6115);
#6114 = CARTESIAN_POINT('',(-138.2,6.E-16,15.));
#6115 = VECTOR('',#6116,1.);
#6116 = DIRECTION('',(0.,0.,1.));
#6117 = ORIENTED_EDGE('',*,*,#1528,.T.);
#6118 = ORIENTED_EDGE('',*,*,#6112,.F.);
#6119 = CYLINDRICAL_SURFACE('',#6120,1.8);
#6120 = AXIS2_PLACEMENT_3D('',#6121,#6122,#6123);
#6121 = CARTESIAN_POINT('',(-140.,6.E-16,15.));
#6122 = DIRECTION('',(-0.,-0.,-1.));
#6123 = DIRECTION('',(1.,0.,0.));
#6124 = ADVANCED_FACE('',(#6125),#6150,.F.);
#6125 = FACE_BOUND('',#6126,.F.);
#6126 = EDGE_LOOP('',(#6127,#6135,#6143,#6149));
#6127 = ORIENTED_EDGE('',*,*,#6128,.T.);
#6128 = EDGE_CURVE('',#1540,#6129,#6131,.T.);
#6129 = VERTEX_POINT('',#6130);
#6130 = CARTESIAN_POINT('',(-118.1,15.,17.6));
#6131 = LINE('',#6132,#6133);
#6132 = CARTESIAN_POINT('',(-118.1,15.,20.));
#6133 = VECTOR('',#6134,1.);
#6134 = DIRECTION('',(-0.,-0.,-1.));
#6135 = ORIENTED_EDGE('',*,*,#6136,.T.);
#6136 = EDGE_CURVE('',#6129,#6137,#6139,.T.);
#6137 = VERTEX_POINT('',#6138);
#6138 = CARTESIAN_POINT('',(-119.8,17.944486372867,17.6));
#6139 = LINE('',#6140,#6141);
#6140 = CARTESIAN_POINT('',(-118.1,15.,17.6));
#6141 = VECTOR('',#6142,1.);
#6142 = DIRECTION('',(-0.5,0.866025403784,0.));
#6143 = ORIENTED_EDGE('',*,*,#6144,.F.);
#6144 = EDGE_CURVE('',#1542,#6137,#6145,.T.);
#6145 = LINE('',#6146,#6147);
#6146 = CARTESIAN_POINT('',(-119.8,17.944486372867,20.));
#6147 = VECTOR('',#6148,1.);
#6148 = DIRECTION('',(-0.,-0.,-1.));
#6149 = ORIENTED_EDGE('',*,*,#1539,.F.);
#6150 = PLANE('',#6151);
#6151 = AXIS2_PLACEMENT_3D('',#6152,#6153,#6154);
#6152 = CARTESIAN_POINT('',(-118.1,15.,20.));
#6153 = DIRECTION('',(0.866025403784,0.5,0.));
#6154 = DIRECTION('',(-0.5,0.866025403784,0.));
#6155 = ADVANCED_FACE('',(#6156),#6174,.F.);
#6156 = FACE_BOUND('',#6157,.F.);
#6157 = EDGE_LOOP('',(#6158,#6159,#6167,#6173));
#6158 = ORIENTED_EDGE('',*,*,#6144,.T.);
#6159 = ORIENTED_EDGE('',*,*,#6160,.T.);
#6160 = EDGE_CURVE('',#6137,#6161,#6163,.T.);
#6161 = VERTEX_POINT('',#6162);
#6162 = CARTESIAN_POINT('',(-123.2,17.944486372867,17.6));
#6163 = LINE('',#6164,#6165);
#6164 = CARTESIAN_POINT('',(-119.8,17.944486372867,17.6));
#6165 = VECTOR('',#6166,1.);
#6166 = DIRECTION('',(-1.,0.,0.));
#6167 = ORIENTED_EDGE('',*,*,#6168,.F.);
#6168 = EDGE_CURVE('',#1574,#6161,#6169,.T.);
#6169 = LINE('',#6170,#6171);
#6170 = CARTESIAN_POINT('',(-123.2,17.944486372867,20.));
#6171 = VECTOR('',#6172,1.);
#6172 = DIRECTION('',(-0.,-0.,-1.));
#6173 = ORIENTED_EDGE('',*,*,#1581,.F.);
#6174 = PLANE('',#6175);
#6175 = AXIS2_PLACEMENT_3D('',#6176,#6177,#6178);
#6176 = CARTESIAN_POINT('',(-119.8,17.944486372867,20.));
#6177 = DIRECTION('',(0.,1.,0.));
#6178 = DIRECTION('',(-1.,0.,0.));
#6179 = ADVANCED_FACE('',(#6180),#6198,.F.);
#6180 = FACE_BOUND('',#6181,.F.);
#6181 = EDGE_LOOP('',(#6182,#6183,#6191,#6197));
#6182 = ORIENTED_EDGE('',*,*,#6168,.T.);
#6183 = ORIENTED_EDGE('',*,*,#6184,.T.);
#6184 = EDGE_CURVE('',#6161,#6185,#6187,.T.);
#6185 = VERTEX_POINT('',#6186);
#6186 = CARTESIAN_POINT('',(-124.9,15.,17.6));
#6187 = LINE('',#6188,#6189);
#6188 = CARTESIAN_POINT('',(-123.2,17.944486372867,17.6));
#6189 = VECTOR('',#6190,1.);
#6190 = DIRECTION('',(-0.5,-0.866025403784,0.));
#6191 = ORIENTED_EDGE('',*,*,#6192,.F.);
#6192 = EDGE_CURVE('',#1566,#6185,#6193,.T.);
#6193 = LINE('',#6194,#6195);
#6194 = CARTESIAN_POINT('',(-124.9,15.,20.));
#6195 = VECTOR('',#6196,1.);
#6196 = DIRECTION('',(-0.,-0.,-1.));
#6197 = ORIENTED_EDGE('',*,*,#1573,.F.);
#6198 = PLANE('',#6199);
#6199 = AXIS2_PLACEMENT_3D('',#6200,#6201,#6202);
#6200 = CARTESIAN_POINT('',(-123.2,17.944486372867,20.));
#6201 = DIRECTION('',(-0.866025403784,0.5,0.));
#6202 = DIRECTION('',(-0.5,-0.866025403784,0.));
#6203 = ADVANCED_FACE('',(#6204),#6222,.F.);
#6204 = FACE_BOUND('',#6205,.F.);
#6205 = EDGE_LOOP('',(#6206,#6207,#6215,#6221));
#6206 = ORIENTED_EDGE('',*,*,#6192,.T.);
#6207 = ORIENTED_EDGE('',*,*,#6208,.T.);
#6208 = EDGE_CURVE('',#6185,#6209,#6211,.T.);
#6209 = VERTEX_POINT('',#6210);
#6210 = CARTESIAN_POINT('',(-123.2,12.055513627133,17.6));
#6211 = LINE('',#6212,#6213);
#6212 = CARTESIAN_POINT('',(-124.9,15.,17.6));
#6213 = VECTOR('',#6214,1.);
#6214 = DIRECTION('',(0.5,-0.866025403784,0.));
#6215 = ORIENTED_EDGE('',*,*,#6216,.F.);
#6216 = EDGE_CURVE('',#1558,#6209,#6217,.T.);
#6217 = LINE('',#6218,#6219);
#6218 = CARTESIAN_POINT('',(-123.2,12.055513627133,20.));
#6219 = VECTOR('',#6220,1.);
#6220 = DIRECTION('',(-0.,-0.,-1.));
#6221 = ORIENTED_EDGE('',*,*,#1565,.F.);
#6222 = PLANE('',#6223);
#6223 = AXIS2_PLACEMENT_3D('',#6224,#6225,#6226);
#6224 = CARTESIAN_POINT('',(-124.9,15.,20.));
#6225 = DIRECTION('',(-0.866025403784,-0.5,0.));
#6226 = DIRECTION('',(0.5,-0.866025403784,0.));
#6227 = ADVANCED_FACE('',(#6228),#6246,.F.);
#6228 = FACE_BOUND('',#6229,.F.);
#6229 = EDGE_LOOP('',(#6230,#6231,#6239,#6245));
#6230 = ORIENTED_EDGE('',*,*,#6216,.T.);
#6231 = ORIENTED_EDGE('',*,*,#6232,.T.);
#6232 = EDGE_CURVE('',#6209,#6233,#6235,.T.);
#6233 = VERTEX_POINT('',#6234);
#6234 = CARTESIAN_POINT('',(-119.8,12.055513627133,17.6));
#6235 = LINE('',#6236,#6237);
#6236 = CARTESIAN_POINT('',(-123.2,12.055513627133,17.6));
#6237 = VECTOR('',#6238,1.);
#6238 = DIRECTION('',(1.,0.,0.));
#6239 = ORIENTED_EDGE('',*,*,#6240,.F.);
#6240 = EDGE_CURVE('',#1550,#6233,#6241,.T.);
#6241 = LINE('',#6242,#6243);
#6242 = CARTESIAN_POINT('',(-119.8,12.055513627133,20.));
#6243 = VECTOR('',#6244,1.);
#6244 = DIRECTION('',(-0.,-0.,-1.));
#6245 = ORIENTED_EDGE('',*,*,#1557,.F.);
#6246 = PLANE('',#6247);
#6247 = AXIS2_PLACEMENT_3D('',#6248,#6249,#6250);
#6248 = CARTESIAN_POINT('',(-123.2,12.055513627133,20.));
#6249 = DIRECTION('',(0.,-1.,0.));
#6250 = DIRECTION('',(1.,0.,0.));
#6251 = ADVANCED_FACE('',(#6252),#6263,.F.);
#6252 = FACE_BOUND('',#6253,.F.);
#6253 = EDGE_LOOP('',(#6254,#6255,#6261,#6262));
#6254 = ORIENTED_EDGE('',*,*,#6240,.T.);
#6255 = ORIENTED_EDGE('',*,*,#6256,.T.);
#6256 = EDGE_CURVE('',#6233,#6129,#6257,.T.);
#6257 = LINE('',#6258,#6259);
#6258 = CARTESIAN_POINT('',(-119.8,12.055513627133,17.6));
#6259 = VECTOR('',#6260,1.);
#6260 = DIRECTION('',(0.5,0.866025403784,0.));
#6261 = ORIENTED_EDGE('',*,*,#6128,.F.);
#6262 = ORIENTED_EDGE('',*,*,#1549,.F.);
#6263 = PLANE('',#6264);
#6264 = AXIS2_PLACEMENT_3D('',#6265,#6266,#6267);
#6265 = CARTESIAN_POINT('',(-119.8,12.055513627133,20.));
#6266 = DIRECTION('',(0.866025403784,-0.5,0.));
#6267 = DIRECTION('',(0.5,0.866025403784,0.));
#6268 = ADVANCED_FACE('',(#6269),#6294,.F.);
#6269 = FACE_BOUND('',#6270,.F.);
#6270 = EDGE_LOOP('',(#6271,#6279,#6287,#6293));
#6271 = ORIENTED_EDGE('',*,*,#6272,.T.);
#6272 = EDGE_CURVE('',#1590,#6273,#6275,.T.);
#6273 = VERTEX_POINT('',#6274);
#6274 = CARTESIAN_POINT('',(-98.1,15.,17.6));
#6275 = LINE('',#6276,#6277);
#6276 = CARTESIAN_POINT('',(-98.1,15.,20.));
#6277 = VECTOR('',#6278,1.);
#6278 = DIRECTION('',(-0.,-0.,-1.));
#6279 = ORIENTED_EDGE('',*,*,#6280,.T.);
#6280 = EDGE_CURVE('',#6273,#6281,#6283,.T.);
#6281 = VERTEX_POINT('',#6282);
#6282 = CARTESIAN_POINT('',(-99.8,17.944486372867,17.6));
#6283 = LINE('',#6284,#6285);
#6284 = CARTESIAN_POINT('',(-98.1,15.,17.6));
#6285 = VECTOR('',#6286,1.);
#6286 = DIRECTION('',(-0.5,0.866025403784,0.));
#6287 = ORIENTED_EDGE('',*,*,#6288,.F.);
#6288 = EDGE_CURVE('',#1592,#6281,#6289,.T.);
#6289 = LINE('',#6290,#6291);
#6290 = CARTESIAN_POINT('',(-99.8,17.944486372867,20.));
#6291 = VECTOR('',#6292,1.);
#6292 = DIRECTION('',(-0.,-0.,-1.));
#6293 = ORIENTED_EDGE('',*,*,#1589,.F.);
#6294 = PLANE('',#6295);
#6295 = AXIS2_PLACEMENT_3D('',#6296,#6297,#6298);
#6296 = CARTESIAN_POINT('',(-98.1,15.,20.));
#6297 = DIRECTION('',(0.866025403784,0.5,0.));
#6298 = DIRECTION('',(-0.5,0.866025403784,0.));
#6299 = ADVANCED_FACE('',(#6300),#6318,.F.);
#6300 = FACE_BOUND('',#6301,.F.);
#6301 = EDGE_LOOP('',(#6302,#6303,#6311,#6317));
#6302 = ORIENTED_EDGE('',*,*,#6288,.T.);
#6303 = ORIENTED_EDGE('',*,*,#6304,.T.);
#6304 = EDGE_CURVE('',#6281,#6305,#6307,.T.);
#6305 = VERTEX_POINT('',#6306);
#6306 = CARTESIAN_POINT('',(-103.2,17.944486372867,17.6));
#6307 = LINE('',#6308,#6309);
#6308 = CARTESIAN_POINT('',(-99.8,17.944486372867,17.6));
#6309 = VECTOR('',#6310,1.);
#6310 = DIRECTION('',(-1.,0.,0.));
#6311 = ORIENTED_EDGE('',*,*,#6312,.F.);
#6312 = EDGE_CURVE('',#1624,#6305,#6313,.T.);
#6313 = LINE('',#6314,#6315);
#6314 = CARTESIAN_POINT('',(-103.2,17.944486372867,20.));
#6315 = VECTOR('',#6316,1.);
#6316 = DIRECTION('',(-0.,-0.,-1.));
#6317 = ORIENTED_EDGE('',*,*,#1631,.F.);
#6318 = PLANE('',#6319);
#6319 = AXIS2_PLACEMENT_3D('',#6320,#6321,#6322);
#6320 = CARTESIAN_POINT('',(-99.8,17.944486372867,20.));
#6321 = DIRECTION('',(0.,1.,0.));
#6322 = DIRECTION('',(-1.,0.,0.));
#6323 = ADVANCED_FACE('',(#6324),#6342,.F.);
#6324 = FACE_BOUND('',#6325,.F.);
#6325 = EDGE_LOOP('',(#6326,#6327,#6335,#6341));
#6326 = ORIENTED_EDGE('',*,*,#6312,.T.);
#6327 = ORIENTED_EDGE('',*,*,#6328,.T.);
#6328 = EDGE_CURVE('',#6305,#6329,#6331,.T.);
#6329 = VERTEX_POINT('',#6330);
#6330 = CARTESIAN_POINT('',(-104.9,15.,17.6));
#6331 = LINE('',#6332,#6333);
#6332 = CARTESIAN_POINT('',(-103.2,17.944486372867,17.6));
#6333 = VECTOR('',#6334,1.);
#6334 = DIRECTION('',(-0.5,-0.866025403784,0.));
#6335 = ORIENTED_EDGE('',*,*,#6336,.F.);
#6336 = EDGE_CURVE('',#1616,#6329,#6337,.T.);
#6337 = LINE('',#6338,#6339);
#6338 = CARTESIAN_POINT('',(-104.9,15.,20.));
#6339 = VECTOR('',#6340,1.);
#6340 = DIRECTION('',(-0.,-0.,-1.));
#6341 = ORIENTED_EDGE('',*,*,#1623,.F.);
#6342 = PLANE('',#6343);
#6343 = AXIS2_PLACEMENT_3D('',#6344,#6345,#6346);
#6344 = CARTESIAN_POINT('',(-103.2,17.944486372867,20.));
#6345 = DIRECTION('',(-0.866025403784,0.5,0.));
#6346 = DIRECTION('',(-0.5,-0.866025403784,0.));
#6347 = ADVANCED_FACE('',(#6348),#6366,.F.);
#6348 = FACE_BOUND('',#6349,.F.);
#6349 = EDGE_LOOP('',(#6350,#6351,#6359,#6365));
#6350 = ORIENTED_EDGE('',*,*,#6336,.T.);
#6351 = ORIENTED_EDGE('',*,*,#6352,.T.);
#6352 = EDGE_CURVE('',#6329,#6353,#6355,.T.);
#6353 = VERTEX_POINT('',#6354);
#6354 = CARTESIAN_POINT('',(-103.2,12.055513627133,17.6));
#6355 = LINE('',#6356,#6357);
#6356 = CARTESIAN_POINT('',(-104.9,15.,17.6));
#6357 = VECTOR('',#6358,1.);
#6358 = DIRECTION('',(0.5,-0.866025403784,0.));
#6359 = ORIENTED_EDGE('',*,*,#6360,.F.);
#6360 = EDGE_CURVE('',#1608,#6353,#6361,.T.);
#6361 = LINE('',#6362,#6363);
#6362 = CARTESIAN_POINT('',(-103.2,12.055513627133,20.));
#6363 = VECTOR('',#6364,1.);
#6364 = DIRECTION('',(-0.,-0.,-1.));
#6365 = ORIENTED_EDGE('',*,*,#1615,.F.);
#6366 = PLANE('',#6367);
#6367 = AXIS2_PLACEMENT_3D('',#6368,#6369,#6370);
#6368 = CARTESIAN_POINT('',(-104.9,15.,20.));
#6369 = DIRECTION('',(-0.866025403784,-0.5,0.));
#6370 = DIRECTION('',(0.5,-0.866025403784,0.));
#6371 = ADVANCED_FACE('',(#6372),#6390,.F.);
#6372 = FACE_BOUND('',#6373,.F.);
#6373 = EDGE_LOOP('',(#6374,#6375,#6383,#6389));
#6374 = ORIENTED_EDGE('',*,*,#6360,.T.);
#6375 = ORIENTED_EDGE('',*,*,#6376,.T.);
#6376 = EDGE_CURVE('',#6353,#6377,#6379,.T.);
#6377 = VERTEX_POINT('',#6378);
#6378 = CARTESIAN_POINT('',(-99.8,12.055513627133,17.6));
#6379 = LINE('',#6380,#6381);
#6380 = CARTESIAN_POINT('',(-103.2,12.055513627133,17.6));
#6381 = VECTOR('',#6382,1.);
#6382 = DIRECTION('',(1.,0.,0.));
#6383 = ORIENTED_EDGE('',*,*,#6384,.F.);
#6384 = EDGE_CURVE('',#1600,#6377,#6385,.T.);
#6385 = LINE('',#6386,#6387);
#6386 = CARTESIAN_POINT('',(-99.8,12.055513627133,20.));
#6387 = VECTOR('',#6388,1.);
#6388 = DIRECTION('',(-0.,-0.,-1.));
#6389 = ORIENTED_EDGE('',*,*,#1607,.F.);
#6390 = PLANE('',#6391);
#6391 = AXIS2_PLACEMENT_3D('',#6392,#6393,#6394);
#6392 = CARTESIAN_POINT('',(-103.2,12.055513627133,20.));
#6393 = DIRECTION('',(0.,-1.,0.));
#6394 = DIRECTION('',(1.,0.,0.));
#6395 = ADVANCED_FACE('',(#6396),#6407,.F.);
#6396 = FACE_BOUND('',#6397,.F.);
#6397 = EDGE_LOOP('',(#6398,#6399,#6405,#6406));
#6398 = ORIENTED_EDGE('',*,*,#6384,.T.);
#6399 = ORIENTED_EDGE('',*,*,#6400,.T.);
#6400 = EDGE_CURVE('',#6377,#6273,#6401,.T.);
#6401 = LINE('',#6402,#6403);
#6402 = CARTESIAN_POINT('',(-99.8,12.055513627133,17.6));
#6403 = VECTOR('',#6404,1.);
#6404 = DIRECTION('',(0.5,0.866025403784,0.));
#6405 = ORIENTED_EDGE('',*,*,#6272,.F.);
#6406 = ORIENTED_EDGE('',*,*,#1599,.F.);
#6407 = PLANE('',#6408);
#6408 = AXIS2_PLACEMENT_3D('',#6409,#6410,#6411);
#6409 = CARTESIAN_POINT('',(-99.8,12.055513627133,20.));
#6410 = DIRECTION('',(0.866025403784,-0.5,0.));
#6411 = DIRECTION('',(0.5,0.866025403784,0.));
#6412 = ADVANCED_FACE('',(#6413),#6438,.F.);
#6413 = FACE_BOUND('',#6414,.F.);
#6414 = EDGE_LOOP('',(#6415,#6423,#6431,#6437));
#6415 = ORIENTED_EDGE('',*,*,#6416,.T.);
#6416 = EDGE_CURVE('',#1640,#6417,#6419,.T.);
#6417 = VERTEX_POINT('',#6418);
#6418 = CARTESIAN_POINT('',(-66.6,12.,17.6));
#6419 = LINE('',#6420,#6421);
#6420 = CARTESIAN_POINT('',(-66.6,12.,20.));
#6421 = VECTOR('',#6422,1.);
#6422 = DIRECTION('',(-0.,-0.,-1.));
#6423 = ORIENTED_EDGE('',*,*,#6424,.T.);
#6424 = EDGE_CURVE('',#6417,#6425,#6427,.T.);
#6425 = VERTEX_POINT('',#6426);
#6426 = CARTESIAN_POINT('',(-68.3,14.944486372867,17.6));
#6427 = LINE('',#6428,#6429);
#6428 = CARTESIAN_POINT('',(-66.6,12.,17.6));
#6429 = VECTOR('',#6430,1.);
#6430 = DIRECTION('',(-0.5,0.866025403784,0.));
#6431 = ORIENTED_EDGE('',*,*,#6432,.F.);
#6432 = EDGE_CURVE('',#1642,#6425,#6433,.T.);
#6433 = LINE('',#6434,#6435);
#6434 = CARTESIAN_POINT('',(-68.3,14.944486372867,20.));
#6435 = VECTOR('',#6436,1.);
#6436 = DIRECTION('',(-0.,-0.,-1.));
#6437 = ORIENTED_EDGE('',*,*,#1639,.F.);
#6438 = PLANE('',#6439);
#6439 = AXIS2_PLACEMENT_3D('',#6440,#6441,#6442);
#6440 = CARTESIAN_POINT('',(-66.6,12.,20.));
#6441 = DIRECTION('',(0.866025403784,0.5,0.));
#6442 = DIRECTION('',(-0.5,0.866025403784,0.));
#6443 = ADVANCED_FACE('',(#6444),#6462,.F.);
#6444 = FACE_BOUND('',#6445,.F.);
#6445 = EDGE_LOOP('',(#6446,#6447,#6455,#6461));
#6446 = ORIENTED_EDGE('',*,*,#6432,.T.);
#6447 = ORIENTED_EDGE('',*,*,#6448,.T.);
#6448 = EDGE_CURVE('',#6425,#6449,#6451,.T.);
#6449 = VERTEX_POINT('',#6450);
#6450 = CARTESIAN_POINT('',(-71.7,14.944486372867,17.6));
#6451 = LINE('',#6452,#6453);
#6452 = CARTESIAN_POINT('',(-68.3,14.944486372867,17.6));
#6453 = VECTOR('',#6454,1.);
#6454 = DIRECTION('',(-1.,0.,0.));
#6455 = ORIENTED_EDGE('',*,*,#6456,.F.);
#6456 = EDGE_CURVE('',#1674,#6449,#6457,.T.);
#6457 = LINE('',#6458,#6459);
#6458 = CARTESIAN_POINT('',(-71.7,14.944486372867,20.));
#6459 = VECTOR('',#6460,1.);
#6460 = DIRECTION('',(-0.,-0.,-1.));
#6461 = ORIENTED_EDGE('',*,*,#1681,.F.);
#6462 = PLANE('',#6463);
#6463 = AXIS2_PLACEMENT_3D('',#6464,#6465,#6466);
#6464 = CARTESIAN_POINT('',(-68.3,14.944486372867,20.));
#6465 = DIRECTION('',(0.,1.,0.));
#6466 = DIRECTION('',(-1.,0.,0.));
#6467 = ADVANCED_FACE('',(#6468),#6486,.F.);
#6468 = FACE_BOUND('',#6469,.F.);
#6469 = EDGE_LOOP('',(#6470,#6471,#6479,#6485));
#6470 = ORIENTED_EDGE('',*,*,#6456,.T.);
#6471 = ORIENTED_EDGE('',*,*,#6472,.T.);
#6472 = EDGE_CURVE('',#6449,#6473,#6475,.T.);
#6473 = VERTEX_POINT('',#6474);
#6474 = CARTESIAN_POINT('',(-73.4,12.,17.6));
#6475 = LINE('',#6476,#6477);
#6476 = CARTESIAN_POINT('',(-71.7,14.944486372867,17.6));
#6477 = VECTOR('',#6478,1.);
#6478 = DIRECTION('',(-0.5,-0.866025403784,0.));
#6479 = ORIENTED_EDGE('',*,*,#6480,.F.);
#6480 = EDGE_CURVE('',#1666,#6473,#6481,.T.);
#6481 = LINE('',#6482,#6483);
#6482 = CARTESIAN_POINT('',(-73.4,12.,20.));
#6483 = VECTOR('',#6484,1.);
#6484 = DIRECTION('',(-0.,-0.,-1.));
#6485 = ORIENTED_EDGE('',*,*,#1673,.F.);
#6486 = PLANE('',#6487);
#6487 = AXIS2_PLACEMENT_3D('',#6488,#6489,#6490);
#6488 = CARTESIAN_POINT('',(-71.7,14.944486372867,20.));
#6489 = DIRECTION('',(-0.866025403784,0.5,0.));
#6490 = DIRECTION('',(-0.5,-0.866025403784,0.));
#6491 = ADVANCED_FACE('',(#6492),#6510,.F.);
#6492 = FACE_BOUND('',#6493,.F.);
#6493 = EDGE_LOOP('',(#6494,#6495,#6503,#6509));
#6494 = ORIENTED_EDGE('',*,*,#6480,.T.);
#6495 = ORIENTED_EDGE('',*,*,#6496,.T.);
#6496 = EDGE_CURVE('',#6473,#6497,#6499,.T.);
#6497 = VERTEX_POINT('',#6498);
#6498 = CARTESIAN_POINT('',(-71.7,9.055513627133,17.6));
#6499 = LINE('',#6500,#6501);
#6500 = CARTESIAN_POINT('',(-73.4,12.,17.6));
#6501 = VECTOR('',#6502,1.);
#6502 = DIRECTION('',(0.5,-0.866025403784,0.));
#6503 = ORIENTED_EDGE('',*,*,#6504,.F.);
#6504 = EDGE_CURVE('',#1658,#6497,#6505,.T.);
#6505 = LINE('',#6506,#6507);
#6506 = CARTESIAN_POINT('',(-71.7,9.055513627133,20.));
#6507 = VECTOR('',#6508,1.);
#6508 = DIRECTION('',(-0.,-0.,-1.));
#6509 = ORIENTED_EDGE('',*,*,#1665,.F.);
#6510 = PLANE('',#6511);
#6511 = AXIS2_PLACEMENT_3D('',#6512,#6513,#6514);
#6512 = CARTESIAN_POINT('',(-73.4,12.,20.));
#6513 = DIRECTION('',(-0.866025403784,-0.5,0.));
#6514 = DIRECTION('',(0.5,-0.866025403784,0.));
#6515 = ADVANCED_FACE('',(#6516),#6534,.F.);
#6516 = FACE_BOUND('',#6517,.F.);
#6517 = EDGE_LOOP('',(#6518,#6519,#6527,#6533));
#6518 = ORIENTED_EDGE('',*,*,#6504,.T.);
#6519 = ORIENTED_EDGE('',*,*,#6520,.T.);
#6520 = EDGE_CURVE('',#6497,#6521,#6523,.T.);
#6521 = VERTEX_POINT('',#6522);
#6522 = CARTESIAN_POINT('',(-68.3,9.055513627133,17.6));
#6523 = LINE('',#6524,#6525);
#6524 = CARTESIAN_POINT('',(-71.7,9.055513627133,17.6));
#6525 = VECTOR('',#6526,1.);
#6526 = DIRECTION('',(1.,0.,0.));
#6527 = ORIENTED_EDGE('',*,*,#6528,.F.);
#6528 = EDGE_CURVE('',#1650,#6521,#6529,.T.);
#6529 = LINE('',#6530,#6531);
#6530 = CARTESIAN_POINT('',(-68.3,9.055513627133,20.));
#6531 = VECTOR('',#6532,1.);
#6532 = DIRECTION('',(-0.,-0.,-1.));
#6533 = ORIENTED_EDGE('',*,*,#1657,.F.);
#6534 = PLANE('',#6535);
#6535 = AXIS2_PLACEMENT_3D('',#6536,#6537,#6538);
#6536 = CARTESIAN_POINT('',(-71.7,9.055513627133,20.));
#6537 = DIRECTION('',(0.,-1.,0.));
#6538 = DIRECTION('',(1.,0.,0.));
#6539 = ADVANCED_FACE('',(#6540),#6551,.F.);
#6540 = FACE_BOUND('',#6541,.F.);
#6541 = EDGE_LOOP('',(#6542,#6543,#6549,#6550));
#6542 = ORIENTED_EDGE('',*,*,#6528,.T.);
#6543 = ORIENTED_EDGE('',*,*,#6544,.T.);
#6544 = EDGE_CURVE('',#6521,#6417,#6545,.T.);
#6545 = LINE('',#6546,#6547);
#6546 = CARTESIAN_POINT('',(-68.3,9.055513627133,17.6));
#6547 = VECTOR('',#6548,1.);
#6548 = DIRECTION('',(0.5,0.866025403784,0.));
#6549 = ORIENTED_EDGE('',*,*,#6416,.F.);
#6550 = ORIENTED_EDGE('',*,*,#1649,.F.);
#6551 = PLANE('',#6552);
#6552 = AXIS2_PLACEMENT_3D('',#6553,#6554,#6555);
#6553 = CARTESIAN_POINT('',(-68.3,9.055513627133,20.));
#6554 = DIRECTION('',(0.866025403784,-0.5,0.));
#6555 = DIRECTION('',(0.5,0.866025403784,0.));
#6556 = ADVANCED_FACE('',(#6557),#6576,.F.);
#6557 = FACE_BOUND('',#6558,.T.);
#6558 = EDGE_LOOP('',(#6559,#6568,#6574,#6575));
#6559 = ORIENTED_EDGE('',*,*,#6560,.T.);
#6560 = EDGE_CURVE('',#6561,#6561,#6563,.T.);
#6561 = VERTEX_POINT('',#6562);
#6562 = CARTESIAN_POINT('',(-76.05,24.5,17.));
#6563 = CIRCLE('',#6564,1.45);
#6564 = AXIS2_PLACEMENT_3D('',#6565,#6566,#6567);
#6565 = CARTESIAN_POINT('',(-77.5,24.5,17.));
#6566 = DIRECTION('',(0.,0.,-1.));
#6567 = DIRECTION('',(1.,0.,0.));
#6568 = ORIENTED_EDGE('',*,*,#6569,.T.);
#6569 = EDGE_CURVE('',#6561,#1690,#6570,.T.);
#6570 = LINE('',#6571,#6572);
#6571 = CARTESIAN_POINT('',(-76.05,24.5,15.));
#6572 = VECTOR('',#6573,1.);
#6573 = DIRECTION('',(0.,0.,1.));
#6574 = ORIENTED_EDGE('',*,*,#1689,.T.);
#6575 = ORIENTED_EDGE('',*,*,#6569,.F.);
#6576 = CYLINDRICAL_SURFACE('',#6577,1.45);
#6577 = AXIS2_PLACEMENT_3D('',#6578,#6579,#6580);
#6578 = CARTESIAN_POINT('',(-77.5,24.5,15.));
#6579 = DIRECTION('',(-0.,-0.,-1.));
#6580 = DIRECTION('',(1.,0.,0.));
#6581 = ADVANCED_FACE('',(#6582),#6607,.F.);
#6582 = FACE_BOUND('',#6583,.F.);
#6583 = EDGE_LOOP('',(#6584,#6592,#6600,#6606));
#6584 = ORIENTED_EDGE('',*,*,#6585,.T.);
#6585 = EDGE_CURVE('',#1701,#6586,#6588,.T.);
#6586 = VERTEX_POINT('',#6587);
#6587 = CARTESIAN_POINT('',(-26.6,12.,17.6));
#6588 = LINE('',#6589,#6590);
#6589 = CARTESIAN_POINT('',(-26.6,12.,20.));
#6590 = VECTOR('',#6591,1.);
#6591 = DIRECTION('',(-0.,-0.,-1.));
#6592 = ORIENTED_EDGE('',*,*,#6593,.T.);
#6593 = EDGE_CURVE('',#6586,#6594,#6596,.T.);
#6594 = VERTEX_POINT('',#6595);
#6595 = CARTESIAN_POINT('',(-28.3,14.944486372867,17.6));
#6596 = LINE('',#6597,#6598);
#6597 = CARTESIAN_POINT('',(-26.6,12.,17.6));
#6598 = VECTOR('',#6599,1.);
#6599 = DIRECTION('',(-0.5,0.866025403784,0.));
#6600 = ORIENTED_EDGE('',*,*,#6601,.F.);
#6601 = EDGE_CURVE('',#1703,#6594,#6602,.T.);
#6602 = LINE('',#6603,#6604);
#6603 = CARTESIAN_POINT('',(-28.3,14.944486372867,20.));
#6604 = VECTOR('',#6605,1.);
#6605 = DIRECTION('',(-0.,-0.,-1.));
#6606 = ORIENTED_EDGE('',*,*,#1700,.F.);
#6607 = PLANE('',#6608);
#6608 = AXIS2_PLACEMENT_3D('',#6609,#6610,#6611);
#6609 = CARTESIAN_POINT('',(-26.6,12.,20.));
#6610 = DIRECTION('',(0.866025403784,0.5,0.));
#6611 = DIRECTION('',(-0.5,0.866025403784,0.));
#6612 = ADVANCED_FACE('',(#6613),#6631,.F.);
#6613 = FACE_BOUND('',#6614,.F.);
#6614 = EDGE_LOOP('',(#6615,#6616,#6624,#6630));
#6615 = ORIENTED_EDGE('',*,*,#6601,.T.);
#6616 = ORIENTED_EDGE('',*,*,#6617,.T.);
#6617 = EDGE_CURVE('',#6594,#6618,#6620,.T.);
#6618 = VERTEX_POINT('',#6619);
#6619 = CARTESIAN_POINT('',(-31.7,14.944486372867,17.6));
#6620 = LINE('',#6621,#6622);
#6621 = CARTESIAN_POINT('',(-28.3,14.944486372867,17.6));
#6622 = VECTOR('',#6623,1.);
#6623 = DIRECTION('',(-1.,0.,0.));
#6624 = ORIENTED_EDGE('',*,*,#6625,.F.);
#6625 = EDGE_CURVE('',#1735,#6618,#6626,.T.);
#6626 = LINE('',#6627,#6628);
#6627 = CARTESIAN_POINT('',(-31.7,14.944486372867,20.));
#6628 = VECTOR('',#6629,1.);
#6629 = DIRECTION('',(-0.,-0.,-1.));
#6630 = ORIENTED_EDGE('',*,*,#1742,.F.);
#6631 = PLANE('',#6632);
#6632 = AXIS2_PLACEMENT_3D('',#6633,#6634,#6635);
#6633 = CARTESIAN_POINT('',(-28.3,14.944486372867,20.));
#6634 = DIRECTION('',(0.,1.,0.));
#6635 = DIRECTION('',(-1.,0.,0.));
#6636 = ADVANCED_FACE('',(#6637),#6655,.F.);
#6637 = FACE_BOUND('',#6638,.F.);
#6638 = EDGE_LOOP('',(#6639,#6640,#6648,#6654));
#6639 = ORIENTED_EDGE('',*,*,#6625,.T.);
#6640 = ORIENTED_EDGE('',*,*,#6641,.T.);
#6641 = EDGE_CURVE('',#6618,#6642,#6644,.T.);
#6642 = VERTEX_POINT('',#6643);
#6643 = CARTESIAN_POINT('',(-33.4,12.,17.6));
#6644 = LINE('',#6645,#6646);
#6645 = CARTESIAN_POINT('',(-31.7,14.944486372867,17.6));
#6646 = VECTOR('',#6647,1.);
#6647 = DIRECTION('',(-0.5,-0.866025403784,0.));
#6648 = ORIENTED_EDGE('',*,*,#6649,.F.);
#6649 = EDGE_CURVE('',#1727,#6642,#6650,.T.);
#6650 = LINE('',#6651,#6652);
#6651 = CARTESIAN_POINT('',(-33.4,12.,20.));
#6652 = VECTOR('',#6653,1.);
#6653 = DIRECTION('',(-0.,-0.,-1.));
#6654 = ORIENTED_EDGE('',*,*,#1734,.F.);
#6655 = PLANE('',#6656);
#6656 = AXIS2_PLACEMENT_3D('',#6657,#6658,#6659);
#6657 = CARTESIAN_POINT('',(-31.7,14.944486372867,20.));
#6658 = DIRECTION('',(-0.866025403784,0.5,0.));
#6659 = DIRECTION('',(-0.5,-0.866025403784,0.));
#6660 = ADVANCED_FACE('',(#6661),#6679,.F.);
#6661 = FACE_BOUND('',#6662,.F.);
#6662 = EDGE_LOOP('',(#6663,#6664,#6672,#6678));
#6663 = ORIENTED_EDGE('',*,*,#6649,.T.);
#6664 = ORIENTED_EDGE('',*,*,#6665,.T.);
#6665 = EDGE_CURVE('',#6642,#6666,#6668,.T.);
#6666 = VERTEX_POINT('',#6667);
#6667 = CARTESIAN_POINT('',(-31.7,9.055513627133,17.6));
#6668 = LINE('',#6669,#6670);
#6669 = CARTESIAN_POINT('',(-33.4,12.,17.6));
#6670 = VECTOR('',#6671,1.);
#6671 = DIRECTION('',(0.5,-0.866025403784,0.));
#6672 = ORIENTED_EDGE('',*,*,#6673,.F.);
#6673 = EDGE_CURVE('',#1719,#6666,#6674,.T.);
#6674 = LINE('',#6675,#6676);
#6675 = CARTESIAN_POINT('',(-31.7,9.055513627133,20.));
#6676 = VECTOR('',#6677,1.);
#6677 = DIRECTION('',(-0.,-0.,-1.));
#6678 = ORIENTED_EDGE('',*,*,#1726,.F.);
#6679 = PLANE('',#6680);
#6680 = AXIS2_PLACEMENT_3D('',#6681,#6682,#6683);
#6681 = CARTESIAN_POINT('',(-33.4,12.,20.));
#6682 = DIRECTION('',(-0.866025403784,-0.5,0.));
#6683 = DIRECTION('',(0.5,-0.866025403784,0.));
#6684 = ADVANCED_FACE('',(#6685),#6703,.F.);
#6685 = FACE_BOUND('',#6686,.F.);
#6686 = EDGE_LOOP('',(#6687,#6688,#6696,#6702));
#6687 = ORIENTED_EDGE('',*,*,#6673,.T.);
#6688 = ORIENTED_EDGE('',*,*,#6689,.T.);
#6689 = EDGE_CURVE('',#6666,#6690,#6692,.T.);
#6690 = VERTEX_POINT('',#6691);
#6691 = CARTESIAN_POINT('',(-28.3,9.055513627133,17.6));
#6692 = LINE('',#6693,#6694);
#6693 = CARTESIAN_POINT('',(-31.7,9.055513627133,17.6));
#6694 = VECTOR('',#6695,1.);
#6695 = DIRECTION('',(1.,0.,0.));
#6696 = ORIENTED_EDGE('',*,*,#6697,.F.);
#6697 = EDGE_CURVE('',#1711,#6690,#6698,.T.);
#6698 = LINE('',#6699,#6700);
#6699 = CARTESIAN_POINT('',(-28.3,9.055513627133,20.));
#6700 = VECTOR('',#6701,1.);
#6701 = DIRECTION('',(-0.,-0.,-1.));
#6702 = ORIENTED_EDGE('',*,*,#1718,.F.);
#6703 = PLANE('',#6704);
#6704 = AXIS2_PLACEMENT_3D('',#6705,#6706,#6707);
#6705 = CARTESIAN_POINT('',(-31.7,9.055513627133,20.));
#6706 = DIRECTION('',(0.,-1.,0.));
#6707 = DIRECTION('',(1.,0.,0.));
#6708 = ADVANCED_FACE('',(#6709),#6720,.F.);
#6709 = FACE_BOUND('',#6710,.F.);
#6710 = EDGE_LOOP('',(#6711,#6712,#6718,#6719));
#6711 = ORIENTED_EDGE('',*,*,#6697,.T.);
#6712 = ORIENTED_EDGE('',*,*,#6713,.T.);
#6713 = EDGE_CURVE('',#6690,#6586,#6714,.T.);
#6714 = LINE('',#6715,#6716);
#6715 = CARTESIAN_POINT('',(-28.3,9.055513627133,17.6));
#6716 = VECTOR('',#6717,1.);
#6717 = DIRECTION('',(0.5,0.866025403784,0.));
#6718 = ORIENTED_EDGE('',*,*,#6585,.F.);
#6719 = ORIENTED_EDGE('',*,*,#1710,.F.);
#6720 = PLANE('',#6721);
#6721 = AXIS2_PLACEMENT_3D('',#6722,#6723,#6724);
#6722 = CARTESIAN_POINT('',(-28.3,9.055513627133,20.));
#6723 = DIRECTION('',(0.866025403784,-0.5,0.));
#6724 = DIRECTION('',(0.5,0.866025403784,0.));
#6725 = ADVANCED_FACE('',(#6726),#6745,.F.);
#6726 = FACE_BOUND('',#6727,.T.);
#6727 = EDGE_LOOP('',(#6728,#6737,#6743,#6744));
#6728 = ORIENTED_EDGE('',*,*,#6729,.T.);
#6729 = EDGE_CURVE('',#6730,#6730,#6732,.T.);
#6730 = VERTEX_POINT('',#6731);
#6731 = CARTESIAN_POINT('',(-18.05,24.5,17.));
#6732 = CIRCLE('',#6733,1.45);
#6733 = AXIS2_PLACEMENT_3D('',#6734,#6735,#6736);
#6734 = CARTESIAN_POINT('',(-19.5,24.5,17.));
#6735 = DIRECTION('',(0.,0.,-1.));
#6736 = DIRECTION('',(1.,0.,0.));
#6737 = ORIENTED_EDGE('',*,*,#6738,.T.);
#6738 = EDGE_CURVE('',#6730,#1823,#6739,.T.);
#6739 = LINE('',#6740,#6741);
#6740 = CARTESIAN_POINT('',(-18.05,24.5,15.));
#6741 = VECTOR('',#6742,1.);
#6742 = DIRECTION('',(0.,0.,1.));
#6743 = ORIENTED_EDGE('',*,*,#1822,.T.);
#6744 = ORIENTED_EDGE('',*,*,#6738,.F.);
#6745 = CYLINDRICAL_SURFACE('',#6746,1.45);
#6746 = AXIS2_PLACEMENT_3D('',#6747,#6748,#6749);
#6747 = CARTESIAN_POINT('',(-19.5,24.5,15.));
#6748 = DIRECTION('',(-0.,-0.,-1.));
#6749 = DIRECTION('',(1.,0.,0.));
#6750 = ADVANCED_FACE('',(#6751),#6776,.F.);
#6751 = FACE_BOUND('',#6752,.F.);
#6752 = EDGE_LOOP('',(#6753,#6761,#6769,#6775));
#6753 = ORIENTED_EDGE('',*,*,#6754,.T.);
#6754 = EDGE_CURVE('',#1870,#6755,#6757,.T.);
#6755 = VERTEX_POINT('',#6756);
#6756 = CARTESIAN_POINT('',(-17.1,63.,17.6));
#6757 = LINE('',#6758,#6759);
#6758 = CARTESIAN_POINT('',(-17.1,63.,20.));
#6759 = VECTOR('',#6760,1.);
#6760 = DIRECTION('',(-0.,-0.,-1.));
#6761 = ORIENTED_EDGE('',*,*,#6762,.T.);
#6762 = EDGE_CURVE('',#6755,#6763,#6765,.T.);
#6763 = VERTEX_POINT('',#6764);
#6764 = CARTESIAN_POINT('',(-18.8,65.944486372867,17.6));
#6765 = LINE('',#6766,#6767);
#6766 = CARTESIAN_POINT('',(-17.1,63.,17.6));
#6767 = VECTOR('',#6768,1.);
#6768 = DIRECTION('',(-0.5,0.866025403784,0.));
#6769 = ORIENTED_EDGE('',*,*,#6770,.F.);
#6770 = EDGE_CURVE('',#1872,#6763,#6771,.T.);
#6771 = LINE('',#6772,#6773);
#6772 = CARTESIAN_POINT('',(-18.8,65.944486372867,20.));
#6773 = VECTOR('',#6774,1.);
#6774 = DIRECTION('',(-0.,-0.,-1.));
#6775 = ORIENTED_EDGE('',*,*,#1869,.F.);
#6776 = PLANE('',#6777);
#6777 = AXIS2_PLACEMENT_3D('',#6778,#6779,#6780);
#6778 = CARTESIAN_POINT('',(-17.1,63.,20.));
#6779 = DIRECTION('',(0.866025403784,0.5,0.));
#6780 = DIRECTION('',(-0.5,0.866025403784,0.));
#6781 = ADVANCED_FACE('',(#6782),#6800,.F.);
#6782 = FACE_BOUND('',#6783,.F.);
#6783 = EDGE_LOOP('',(#6784,#6785,#6793,#6799));
#6784 = ORIENTED_EDGE('',*,*,#6770,.T.);
#6785 = ORIENTED_EDGE('',*,*,#6786,.T.);
#6786 = EDGE_CURVE('',#6763,#6787,#6789,.T.);
#6787 = VERTEX_POINT('',#6788);
#6788 = CARTESIAN_POINT('',(-22.2,65.944486372867,17.6));
#6789 = LINE('',#6790,#6791);
#6790 = CARTESIAN_POINT('',(-18.8,65.944486372867,17.6));
#6791 = VECTOR('',#6792,1.);
#6792 = DIRECTION('',(-1.,0.,0.));
#6793 = ORIENTED_EDGE('',*,*,#6794,.F.);
#6794 = EDGE_CURVE('',#1904,#6787,#6795,.T.);
#6795 = LINE('',#6796,#6797);
#6796 = CARTESIAN_POINT('',(-22.2,65.944486372867,20.));
#6797 = VECTOR('',#6798,1.);
#6798 = DIRECTION('',(-0.,-0.,-1.));
#6799 = ORIENTED_EDGE('',*,*,#1911,.F.);
#6800 = PLANE('',#6801);
#6801 = AXIS2_PLACEMENT_3D('',#6802,#6803,#6804);
#6802 = CARTESIAN_POINT('',(-18.8,65.944486372867,20.));
#6803 = DIRECTION('',(0.,1.,0.));
#6804 = DIRECTION('',(-1.,0.,0.));
#6805 = ADVANCED_FACE('',(#6806),#6824,.F.);
#6806 = FACE_BOUND('',#6807,.F.);
#6807 = EDGE_LOOP('',(#6808,#6809,#6817,#6823));
#6808 = ORIENTED_EDGE('',*,*,#6794,.T.);
#6809 = ORIENTED_EDGE('',*,*,#6810,.T.);
#6810 = EDGE_CURVE('',#6787,#6811,#6813,.T.);
#6811 = VERTEX_POINT('',#6812);
#6812 = CARTESIAN_POINT('',(-23.9,63.,17.6));
#6813 = LINE('',#6814,#6815);
#6814 = CARTESIAN_POINT('',(-22.2,65.944486372867,17.6));
#6815 = VECTOR('',#6816,1.);
#6816 = DIRECTION('',(-0.5,-0.866025403784,0.));
#6817 = ORIENTED_EDGE('',*,*,#6818,.F.);
#6818 = EDGE_CURVE('',#1896,#6811,#6819,.T.);
#6819 = LINE('',#6820,#6821);
#6820 = CARTESIAN_POINT('',(-23.9,63.,20.));
#6821 = VECTOR('',#6822,1.);
#6822 = DIRECTION('',(-0.,-0.,-1.));
#6823 = ORIENTED_EDGE('',*,*,#1903,.F.);
#6824 = PLANE('',#6825);
#6825 = AXIS2_PLACEMENT_3D('',#6826,#6827,#6828);
#6826 = CARTESIAN_POINT('',(-22.2,65.944486372867,20.));
#6827 = DIRECTION('',(-0.866025403784,0.5,0.));
#6828 = DIRECTION('',(-0.5,-0.866025403784,0.));
#6829 = ADVANCED_FACE('',(#6830),#6848,.F.);
#6830 = FACE_BOUND('',#6831,.F.);
#6831 = EDGE_LOOP('',(#6832,#6833,#6841,#6847));
#6832 = ORIENTED_EDGE('',*,*,#6818,.T.);
#6833 = ORIENTED_EDGE('',*,*,#6834,.T.);
#6834 = EDGE_CURVE('',#6811,#6835,#6837,.T.);
#6835 = VERTEX_POINT('',#6836);
#6836 = CARTESIAN_POINT('',(-22.2,60.055513627133,17.6));
#6837 = LINE('',#6838,#6839);
#6838 = CARTESIAN_POINT('',(-23.9,63.,17.6));
#6839 = VECTOR('',#6840,1.);
#6840 = DIRECTION('',(0.5,-0.866025403784,0.));
#6841 = ORIENTED_EDGE('',*,*,#6842,.F.);
#6842 = EDGE_CURVE('',#1888,#6835,#6843,.T.);
#6843 = LINE('',#6844,#6845);
#6844 = CARTESIAN_POINT('',(-22.2,60.055513627133,20.));
#6845 = VECTOR('',#6846,1.);
#6846 = DIRECTION('',(-0.,-0.,-1.));
#6847 = ORIENTED_EDGE('',*,*,#1895,.F.);
#6848 = PLANE('',#6849);
#6849 = AXIS2_PLACEMENT_3D('',#6850,#6851,#6852);
#6850 = CARTESIAN_POINT('',(-23.9,63.,20.));
#6851 = DIRECTION('',(-0.866025403784,-0.5,0.));
#6852 = DIRECTION('',(0.5,-0.866025403784,0.));
#6853 = ADVANCED_FACE('',(#6854),#6872,.F.);
#6854 = FACE_BOUND('',#6855,.F.);
#6855 = EDGE_LOOP('',(#6856,#6857,#6865,#6871));
#6856 = ORIENTED_EDGE('',*,*,#6842,.T.);
#6857 = ORIENTED_EDGE('',*,*,#6858,.T.);
#6858 = EDGE_CURVE('',#6835,#6859,#6861,.T.);
#6859 = VERTEX_POINT('',#6860);
#6860 = CARTESIAN_POINT('',(-18.8,60.055513627133,17.6));
#6861 = LINE('',#6862,#6863);
#6862 = CARTESIAN_POINT('',(-22.2,60.055513627133,17.6));
#6863 = VECTOR('',#6864,1.);
#6864 = DIRECTION('',(1.,0.,0.));
#6865 = ORIENTED_EDGE('',*,*,#6866,.F.);
#6866 = EDGE_CURVE('',#1880,#6859,#6867,.T.);
#6867 = LINE('',#6868,#6869);
#6868 = CARTESIAN_POINT('',(-18.8,60.055513627133,20.));
#6869 = VECTOR('',#6870,1.);
#6870 = DIRECTION('',(-0.,-0.,-1.));
#6871 = ORIENTED_EDGE('',*,*,#1887,.F.);
#6872 = PLANE('',#6873);
#6873 = AXIS2_PLACEMENT_3D('',#6874,#6875,#6876);
#6874 = CARTESIAN_POINT('',(-22.2,60.055513627133,20.));
#6875 = DIRECTION('',(0.,-1.,0.));
#6876 = DIRECTION('',(1.,0.,0.));
#6877 = ADVANCED_FACE('',(#6878),#6889,.F.);
#6878 = FACE_BOUND('',#6879,.F.);
#6879 = EDGE_LOOP('',(#6880,#6881,#6887,#6888));
#6880 = ORIENTED_EDGE('',*,*,#6866,.T.);
#6881 = ORIENTED_EDGE('',*,*,#6882,.T.);
#6882 = EDGE_CURVE('',#6859,#6755,#6883,.T.);
#6883 = LINE('',#6884,#6885);
#6884 = CARTESIAN_POINT('',(-18.8,60.055513627133,17.6));
#6885 = VECTOR('',#6886,1.);
#6886 = DIRECTION('',(0.5,0.866025403784,0.));
#6887 = ORIENTED_EDGE('',*,*,#6754,.F.);
#6888 = ORIENTED_EDGE('',*,*,#1879,.F.);
#6889 = PLANE('',#6890);
#6890 = AXIS2_PLACEMENT_3D('',#6891,#6892,#6893);
#6891 = CARTESIAN_POINT('',(-18.8,60.055513627133,20.));
#6892 = DIRECTION('',(0.866025403784,-0.5,0.));
#6893 = DIRECTION('',(0.5,0.866025403784,0.));
#6894 = ADVANCED_FACE('',(#6895),#6906,.F.);
#6895 = FACE_BOUND('',#6896,.T.);
#6896 = EDGE_LOOP('',(#6897,#6898,#6904,#6905));
#6897 = ORIENTED_EDGE('',*,*,#4397,.T.);
#6898 = ORIENTED_EDGE('',*,*,#6899,.T.);
#6899 = EDGE_CURVE('',#4389,#1920,#6900,.T.);
#6900 = LINE('',#6901,#6902);
#6901 = CARTESIAN_POINT('',(-51.16351743323,85.,15.));
#6902 = VECTOR('',#6903,1.);
#6903 = DIRECTION('',(0.,0.,1.));
#6904 = ORIENTED_EDGE('',*,*,#1919,.T.);
#6905 = ORIENTED_EDGE('',*,*,#6899,.F.);
#6906 = CYLINDRICAL_SURFACE('',#6907,1.8);
#6907 = AXIS2_PLACEMENT_3D('',#6908,#6909,#6910);
#6908 = CARTESIAN_POINT('',(-52.96351743323,85.,15.));
#6909 = DIRECTION('',(-0.,-0.,-1.));
#6910 = DIRECTION('',(1.,0.,0.));
#6911 = ADVANCED_FACE('',(#6912),#6937,.F.);
#6912 = FACE_BOUND('',#6913,.F.);
#6913 = EDGE_LOOP('',(#6914,#6922,#6930,#6936));
#6914 = ORIENTED_EDGE('',*,*,#6915,.T.);
#6915 = EDGE_CURVE('',#1931,#6916,#6918,.T.);
#6916 = VERTEX_POINT('',#6917);
#6917 = CARTESIAN_POINT('',(-17.1,83.,17.6));
#6918 = LINE('',#6919,#6920);
#6919 = CARTESIAN_POINT('',(-17.1,83.,20.));
#6920 = VECTOR('',#6921,1.);
#6921 = DIRECTION('',(-0.,-0.,-1.));
#6922 = ORIENTED_EDGE('',*,*,#6923,.T.);
#6923 = EDGE_CURVE('',#6916,#6924,#6926,.T.);
#6924 = VERTEX_POINT('',#6925);
#6925 = CARTESIAN_POINT('',(-18.8,85.944486372867,17.6));
#6926 = LINE('',#6927,#6928);
#6927 = CARTESIAN_POINT('',(-17.1,83.,17.6));
#6928 = VECTOR('',#6929,1.);
#6929 = DIRECTION('',(-0.5,0.866025403784,0.));
#6930 = ORIENTED_EDGE('',*,*,#6931,.F.);
#6931 = EDGE_CURVE('',#1933,#6924,#6932,.T.);
#6932 = LINE('',#6933,#6934);
#6933 = CARTESIAN_POINT('',(-18.8,85.944486372867,20.));
#6934 = VECTOR('',#6935,1.);
#6935 = DIRECTION('',(-0.,-0.,-1.));
#6936 = ORIENTED_EDGE('',*,*,#1930,.F.);
#6937 = PLANE('',#6938);
#6938 = AXIS2_PLACEMENT_3D('',#6939,#6940,#6941);
#6939 = CARTESIAN_POINT('',(-17.1,83.,20.));
#6940 = DIRECTION('',(0.866025403784,0.5,0.));
#6941 = DIRECTION('',(-0.5,0.866025403784,0.));
#6942 = ADVANCED_FACE('',(#6943),#6961,.F.);
#6943 = FACE_BOUND('',#6944,.F.);
#6944 = EDGE_LOOP('',(#6945,#6946,#6954,#6960));
#6945 = ORIENTED_EDGE('',*,*,#6931,.T.);
#6946 = ORIENTED_EDGE('',*,*,#6947,.T.);
#6947 = EDGE_CURVE('',#6924,#6948,#6950,.T.);
#6948 = VERTEX_POINT('',#6949);
#6949 = CARTESIAN_POINT('',(-22.2,85.944486372867,17.6));
#6950 = LINE('',#6951,#6952);
#6951 = CARTESIAN_POINT('',(-18.8,85.944486372867,17.6));
#6952 = VECTOR('',#6953,1.);
#6953 = DIRECTION('',(-1.,0.,0.));
#6954 = ORIENTED_EDGE('',*,*,#6955,.F.);
#6955 = EDGE_CURVE('',#1965,#6948,#6956,.T.);
#6956 = LINE('',#6957,#6958);
#6957 = CARTESIAN_POINT('',(-22.2,85.944486372867,20.));
#6958 = VECTOR('',#6959,1.);
#6959 = DIRECTION('',(-0.,-0.,-1.));
#6960 = ORIENTED_EDGE('',*,*,#1972,.F.);
#6961 = PLANE('',#6962);
#6962 = AXIS2_PLACEMENT_3D('',#6963,#6964,#6965);
#6963 = CARTESIAN_POINT('',(-18.8,85.944486372867,20.));
#6964 = DIRECTION('',(0.,1.,0.));
#6965 = DIRECTION('',(-1.,0.,0.));
#6966 = ADVANCED_FACE('',(#6967),#6985,.F.);
#6967 = FACE_BOUND('',#6968,.F.);
#6968 = EDGE_LOOP('',(#6969,#6970,#6978,#6984));
#6969 = ORIENTED_EDGE('',*,*,#6955,.T.);
#6970 = ORIENTED_EDGE('',*,*,#6971,.T.);
#6971 = EDGE_CURVE('',#6948,#6972,#6974,.T.);
#6972 = VERTEX_POINT('',#6973);
#6973 = CARTESIAN_POINT('',(-23.9,83.,17.6));
#6974 = LINE('',#6975,#6976);
#6975 = CARTESIAN_POINT('',(-22.2,85.944486372867,17.6));
#6976 = VECTOR('',#6977,1.);
#6977 = DIRECTION('',(-0.5,-0.866025403784,0.));
#6978 = ORIENTED_EDGE('',*,*,#6979,.F.);
#6979 = EDGE_CURVE('',#1957,#6972,#6980,.T.);
#6980 = LINE('',#6981,#6982);
#6981 = CARTESIAN_POINT('',(-23.9,83.,20.));
#6982 = VECTOR('',#6983,1.);
#6983 = DIRECTION('',(-0.,-0.,-1.));
#6984 = ORIENTED_EDGE('',*,*,#1964,.F.);
#6985 = PLANE('',#6986);
#6986 = AXIS2_PLACEMENT_3D('',#6987,#6988,#6989);
#6987 = CARTESIAN_POINT('',(-22.2,85.944486372867,20.));
#6988 = DIRECTION('',(-0.866025403784,0.5,0.));
#6989 = DIRECTION('',(-0.5,-0.866025403784,0.));
#6990 = ADVANCED_FACE('',(#6991),#7009,.F.);
#6991 = FACE_BOUND('',#6992,.F.);
#6992 = EDGE_LOOP('',(#6993,#6994,#7002,#7008));
#6993 = ORIENTED_EDGE('',*,*,#6979,.T.);
#6994 = ORIENTED_EDGE('',*,*,#6995,.T.);
#6995 = EDGE_CURVE('',#6972,#6996,#6998,.T.);
#6996 = VERTEX_POINT('',#6997);
#6997 = CARTESIAN_POINT('',(-22.2,80.055513627133,17.6));
#6998 = LINE('',#6999,#7000);
#6999 = CARTESIAN_POINT('',(-23.9,83.,17.6));
#7000 = VECTOR('',#7001,1.);
#7001 = DIRECTION('',(0.5,-0.866025403784,0.));
#7002 = ORIENTED_EDGE('',*,*,#7003,.F.);
#7003 = EDGE_CURVE('',#1949,#6996,#7004,.T.);
#7004 = LINE('',#7005,#7006);
#7005 = CARTESIAN_POINT('',(-22.2,80.055513627133,20.));
#7006 = VECTOR('',#7007,1.);
#7007 = DIRECTION('',(-0.,-0.,-1.));
#7008 = ORIENTED_EDGE('',*,*,#1956,.F.);
#7009 = PLANE('',#7010);
#7010 = AXIS2_PLACEMENT_3D('',#7011,#7012,#7013);
#7011 = CARTESIAN_POINT('',(-23.9,83.,20.));
#7012 = DIRECTION('',(-0.866025403784,-0.5,0.));
#7013 = DIRECTION('',(0.5,-0.866025403784,0.));
#7014 = ADVANCED_FACE('',(#7015),#7033,.F.);
#7015 = FACE_BOUND('',#7016,.F.);
#7016 = EDGE_LOOP('',(#7017,#7018,#7026,#7032));
#7017 = ORIENTED_EDGE('',*,*,#7003,.T.);
#7018 = ORIENTED_EDGE('',*,*,#7019,.T.);
#7019 = EDGE_CURVE('',#6996,#7020,#7022,.T.);
#7020 = VERTEX_POINT('',#7021);
#7021 = CARTESIAN_POINT('',(-18.8,80.055513627133,17.6));
#7022 = LINE('',#7023,#7024);
#7023 = CARTESIAN_POINT('',(-22.2,80.055513627133,17.6));
#7024 = VECTOR('',#7025,1.);
#7025 = DIRECTION('',(1.,0.,0.));
#7026 = ORIENTED_EDGE('',*,*,#7027,.F.);
#7027 = EDGE_CURVE('',#1941,#7020,#7028,.T.);
#7028 = LINE('',#7029,#7030);
#7029 = CARTESIAN_POINT('',(-18.8,80.055513627133,20.));
#7030 = VECTOR('',#7031,1.);
#7031 = DIRECTION('',(-0.,-0.,-1.));
#7032 = ORIENTED_EDGE('',*,*,#1948,.F.);
#7033 = PLANE('',#7034);
#7034 = AXIS2_PLACEMENT_3D('',#7035,#7036,#7037);
#7035 = CARTESIAN_POINT('',(-22.2,80.055513627133,20.));
#7036 = DIRECTION('',(0.,-1.,0.));
#7037 = DIRECTION('',(1.,0.,0.));
#7038 = ADVANCED_FACE('',(#7039),#7050,.F.);
#7039 = FACE_BOUND('',#7040,.F.);
#7040 = EDGE_LOOP('',(#7041,#7042,#7048,#7049));
#7041 = ORIENTED_EDGE('',*,*,#7027,.T.);
#7042 = ORIENTED_EDGE('',*,*,#7043,.T.);
#7043 = EDGE_CURVE('',#7020,#6916,#7044,.T.);
#7044 = LINE('',#7045,#7046);
#7045 = CARTESIAN_POINT('',(-18.8,80.055513627133,17.6));
#7046 = VECTOR('',#7047,1.);
#7047 = DIRECTION('',(0.5,0.866025403784,0.));
#7048 = ORIENTED_EDGE('',*,*,#6915,.F.);
#7049 = ORIENTED_EDGE('',*,*,#1940,.F.);
#7050 = PLANE('',#7051);
#7051 = AXIS2_PLACEMENT_3D('',#7052,#7053,#7054);
#7052 = CARTESIAN_POINT('',(-18.8,80.055513627133,20.));
#7053 = DIRECTION('',(0.866025403784,-0.5,0.));
#7054 = DIRECTION('',(0.5,0.866025403784,0.));
#7055 = ADVANCED_FACE('',(#7056),#7081,.F.);
#7056 = FACE_BOUND('',#7057,.F.);
#7057 = EDGE_LOOP('',(#7058,#7066,#7074,#7080));
#7058 = ORIENTED_EDGE('',*,*,#7059,.T.);
#7059 = EDGE_CURVE('',#1981,#7060,#7062,.T.);
#7060 = VERTEX_POINT('',#7061);
#7061 = CARTESIAN_POINT('',(23.9,63.,17.6));
#7062 = LINE('',#7063,#7064);
#7063 = CARTESIAN_POINT('',(23.9,63.,20.));
#7064 = VECTOR('',#7065,1.);
#7065 = DIRECTION('',(-0.,-0.,-1.));
#7066 = ORIENTED_EDGE('',*,*,#7067,.T.);
#7067 = EDGE_CURVE('',#7060,#7068,#7070,.T.);
#7068 = VERTEX_POINT('',#7069);
#7069 = CARTESIAN_POINT('',(22.2,65.944486372867,17.6));
#7070 = LINE('',#7071,#7072);
#7071 = CARTESIAN_POINT('',(23.9,63.,17.6));
#7072 = VECTOR('',#7073,1.);
#7073 = DIRECTION('',(-0.5,0.866025403784,0.));
#7074 = ORIENTED_EDGE('',*,*,#7075,.F.);
#7075 = EDGE_CURVE('',#1983,#7068,#7076,.T.);
#7076 = LINE('',#7077,#7078);
#7077 = CARTESIAN_POINT('',(22.2,65.944486372867,20.));
#7078 = VECTOR('',#7079,1.);
#7079 = DIRECTION('',(-0.,-0.,-1.));
#7080 = ORIENTED_EDGE('',*,*,#1980,.F.);
#7081 = PLANE('',#7082);
#7082 = AXIS2_PLACEMENT_3D('',#7083,#7084,#7085);
#7083 = CARTESIAN_POINT('',(23.9,63.,20.));
#7084 = DIRECTION('',(0.866025403784,0.5,0.));
#7085 = DIRECTION('',(-0.5,0.866025403784,0.));
#7086 = ADVANCED_FACE('',(#7087),#7105,.F.);
#7087 = FACE_BOUND('',#7088,.F.);
#7088 = EDGE_LOOP('',(#7089,#7090,#7098,#7104));
#7089 = ORIENTED_EDGE('',*,*,#7075,.T.);
#7090 = ORIENTED_EDGE('',*,*,#7091,.T.);
#7091 = EDGE_CURVE('',#7068,#7092,#7094,.T.);
#7092 = VERTEX_POINT('',#7093);
#7093 = CARTESIAN_POINT('',(18.8,65.944486372867,17.6));
#7094 = LINE('',#7095,#7096);
#7095 = CARTESIAN_POINT('',(22.2,65.944486372867,17.6));
#7096 = VECTOR('',#7097,1.);
#7097 = DIRECTION('',(-1.,0.,0.));
#7098 = ORIENTED_EDGE('',*,*,#7099,.F.);
#7099 = EDGE_CURVE('',#2015,#7092,#7100,.T.);
#7100 = LINE('',#7101,#7102);
#7101 = CARTESIAN_POINT('',(18.8,65.944486372867,20.));
#7102 = VECTOR('',#7103,1.);
#7103 = DIRECTION('',(-0.,-0.,-1.));
#7104 = ORIENTED_EDGE('',*,*,#2022,.F.);
#7105 = PLANE('',#7106);
#7106 = AXIS2_PLACEMENT_3D('',#7107,#7108,#7109);
#7107 = CARTESIAN_POINT('',(22.2,65.944486372867,20.));
#7108 = DIRECTION('',(0.,1.,0.));
#7109 = DIRECTION('',(-1.,0.,0.));
#7110 = ADVANCED_FACE('',(#7111),#7129,.F.);
#7111 = FACE_BOUND('',#7112,.F.);
#7112 = EDGE_LOOP('',(#7113,#7114,#7122,#7128));
#7113 = ORIENTED_EDGE('',*,*,#7099,.T.);
#7114 = ORIENTED_EDGE('',*,*,#7115,.T.);
#7115 = EDGE_CURVE('',#7092,#7116,#7118,.T.);
#7116 = VERTEX_POINT('',#7117);
#7117 = CARTESIAN_POINT('',(17.1,63.,17.6));
#7118 = LINE('',#7119,#7120);
#7119 = CARTESIAN_POINT('',(18.8,65.944486372867,17.6));
#7120 = VECTOR('',#7121,1.);
#7121 = DIRECTION('',(-0.5,-0.866025403784,0.));
#7122 = ORIENTED_EDGE('',*,*,#7123,.F.);
#7123 = EDGE_CURVE('',#2007,#7116,#7124,.T.);
#7124 = LINE('',#7125,#7126);
#7125 = CARTESIAN_POINT('',(17.1,63.,20.));
#7126 = VECTOR('',#7127,1.);
#7127 = DIRECTION('',(-0.,-0.,-1.));
#7128 = ORIENTED_EDGE('',*,*,#2014,.F.);
#7129 = PLANE('',#7130);
#7130 = AXIS2_PLACEMENT_3D('',#7131,#7132,#7133);
#7131 = CARTESIAN_POINT('',(18.8,65.944486372867,20.));
#7132 = DIRECTION('',(-0.866025403784,0.5,0.));
#7133 = DIRECTION('',(-0.5,-0.866025403784,0.));
#7134 = ADVANCED_FACE('',(#7135),#7153,.F.);
#7135 = FACE_BOUND('',#7136,.F.);
#7136 = EDGE_LOOP('',(#7137,#7138,#7146,#7152));
#7137 = ORIENTED_EDGE('',*,*,#7123,.T.);
#7138 = ORIENTED_EDGE('',*,*,#7139,.T.);
#7139 = EDGE_CURVE('',#7116,#7140,#7142,.T.);
#7140 = VERTEX_POINT('',#7141);
#7141 = CARTESIAN_POINT('',(18.8,60.055513627133,17.6));
#7142 = LINE('',#7143,#7144);
#7143 = CARTESIAN_POINT('',(17.1,63.,17.6));
#7144 = VECTOR('',#7145,1.);
#7145 = DIRECTION('',(0.5,-0.866025403784,0.));
#7146 = ORIENTED_EDGE('',*,*,#7147,.F.);
#7147 = EDGE_CURVE('',#1999,#7140,#7148,.T.);
#7148 = LINE('',#7149,#7150);
#7149 = CARTESIAN_POINT('',(18.8,60.055513627133,20.));
#7150 = VECTOR('',#7151,1.);
#7151 = DIRECTION('',(-0.,-0.,-1.));
#7152 = ORIENTED_EDGE('',*,*,#2006,.F.);
#7153 = PLANE('',#7154);
#7154 = AXIS2_PLACEMENT_3D('',#7155,#7156,#7157);
#7155 = CARTESIAN_POINT('',(17.1,63.,20.));
#7156 = DIRECTION('',(-0.866025403784,-0.5,0.));
#7157 = DIRECTION('',(0.5,-0.866025403784,0.));
#7158 = ADVANCED_FACE('',(#7159),#7177,.F.);
#7159 = FACE_BOUND('',#7160,.F.);
#7160 = EDGE_LOOP('',(#7161,#7162,#7170,#7176));
#7161 = ORIENTED_EDGE('',*,*,#7147,.T.);
#7162 = ORIENTED_EDGE('',*,*,#7163,.T.);
#7163 = EDGE_CURVE('',#7140,#7164,#7166,.T.);
#7164 = VERTEX_POINT('',#7165);
#7165 = CARTESIAN_POINT('',(22.2,60.055513627133,17.6));
#7166 = LINE('',#7167,#7168);
#7167 = CARTESIAN_POINT('',(18.8,60.055513627133,17.6));
#7168 = VECTOR('',#7169,1.);
#7169 = DIRECTION('',(1.,0.,0.));
#7170 = ORIENTED_EDGE('',*,*,#7171,.F.);
#7171 = EDGE_CURVE('',#1991,#7164,#7172,.T.);
#7172 = LINE('',#7173,#7174);
#7173 = CARTESIAN_POINT('',(22.2,60.055513627133,20.));
#7174 = VECTOR('',#7175,1.);
#7175 = DIRECTION('',(-0.,-0.,-1.));
#7176 = ORIENTED_EDGE('',*,*,#1998,.F.);
#7177 = PLANE('',#7178);
#7178 = AXIS2_PLACEMENT_3D('',#7179,#7180,#7181);
#7179 = CARTESIAN_POINT('',(18.8,60.055513627133,20.));
#7180 = DIRECTION('',(0.,-1.,0.));
#7181 = DIRECTION('',(1.,0.,0.));
#7182 = ADVANCED_FACE('',(#7183),#7194,.F.);
#7183 = FACE_BOUND('',#7184,.F.);
#7184 = EDGE_LOOP('',(#7185,#7186,#7192,#7193));
#7185 = ORIENTED_EDGE('',*,*,#7171,.T.);
#7186 = ORIENTED_EDGE('',*,*,#7187,.T.);
#7187 = EDGE_CURVE('',#7164,#7060,#7188,.T.);
#7188 = LINE('',#7189,#7190);
#7189 = CARTESIAN_POINT('',(22.2,60.055513627133,17.6));
#7190 = VECTOR('',#7191,1.);
#7191 = DIRECTION('',(0.5,0.866025403784,0.));
#7192 = ORIENTED_EDGE('',*,*,#7059,.F.);
#7193 = ORIENTED_EDGE('',*,*,#1990,.F.);
#7194 = PLANE('',#7195);
#7195 = AXIS2_PLACEMENT_3D('',#7196,#7197,#7198);
#7196 = CARTESIAN_POINT('',(22.2,60.055513627133,20.));
#7197 = DIRECTION('',(0.866025403784,-0.5,0.));
#7198 = DIRECTION('',(0.5,0.866025403784,0.));
#7199 = ADVANCED_FACE('',(#7200),#7225,.F.);
#7200 = FACE_BOUND('',#7201,.F.);
#7201 = EDGE_LOOP('',(#7202,#7210,#7218,#7224));
#7202 = ORIENTED_EDGE('',*,*,#7203,.T.);
#7203 = EDGE_CURVE('',#2031,#7204,#7206,.T.);
#7204 = VERTEX_POINT('',#7205);
#7205 = CARTESIAN_POINT('',(23.9,83.,17.6));
#7206 = LINE('',#7207,#7208);
#7207 = CARTESIAN_POINT('',(23.9,83.,20.));
#7208 = VECTOR('',#7209,1.);
#7209 = DIRECTION('',(-0.,-0.,-1.));
#7210 = ORIENTED_EDGE('',*,*,#7211,.T.);
#7211 = EDGE_CURVE('',#7204,#7212,#7214,.T.);
#7212 = VERTEX_POINT('',#7213);
#7213 = CARTESIAN_POINT('',(22.2,85.944486372867,17.6));
#7214 = LINE('',#7215,#7216);
#7215 = CARTESIAN_POINT('',(23.9,83.,17.6));
#7216 = VECTOR('',#7217,1.);
#7217 = DIRECTION('',(-0.5,0.866025403784,0.));
#7218 = ORIENTED_EDGE('',*,*,#7219,.F.);
#7219 = EDGE_CURVE('',#2033,#7212,#7220,.T.);
#7220 = LINE('',#7221,#7222);
#7221 = CARTESIAN_POINT('',(22.2,85.944486372867,20.));
#7222 = VECTOR('',#7223,1.);
#7223 = DIRECTION('',(-0.,-0.,-1.));
#7224 = ORIENTED_EDGE('',*,*,#2030,.F.);
#7225 = PLANE('',#7226);
#7226 = AXIS2_PLACEMENT_3D('',#7227,#7228,#7229);
#7227 = CARTESIAN_POINT('',(23.9,83.,20.));
#7228 = DIRECTION('',(0.866025403784,0.5,0.));
#7229 = DIRECTION('',(-0.5,0.866025403784,0.));
#7230 = ADVANCED_FACE('',(#7231),#7249,.F.);
#7231 = FACE_BOUND('',#7232,.F.);
#7232 = EDGE_LOOP('',(#7233,#7234,#7242,#7248));
#7233 = ORIENTED_EDGE('',*,*,#7219,.T.);
#7234 = ORIENTED_EDGE('',*,*,#7235,.T.);
#7235 = EDGE_CURVE('',#7212,#7236,#7238,.T.);
#7236 = VERTEX_POINT('',#7237);
#7237 = CARTESIAN_POINT('',(18.8,85.944486372867,17.6));
#7238 = LINE('',#7239,#7240);
#7239 = CARTESIAN_POINT('',(22.2,85.944486372867,17.6));
#7240 = VECTOR('',#7241,1.);
#7241 = DIRECTION('',(-1.,0.,0.));
#7242 = ORIENTED_EDGE('',*,*,#7243,.F.);
#7243 = EDGE_CURVE('',#2065,#7236,#7244,.T.);
#7244 = LINE('',#7245,#7246);
#7245 = CARTESIAN_POINT('',(18.8,85.944486372867,20.));
#7246 = VECTOR('',#7247,1.);
#7247 = DIRECTION('',(-0.,-0.,-1.));
#7248 = ORIENTED_EDGE('',*,*,#2072,.F.);
#7249 = PLANE('',#7250);
#7250 = AXIS2_PLACEMENT_3D('',#7251,#7252,#7253);
#7251 = CARTESIAN_POINT('',(22.2,85.944486372867,20.));
#7252 = DIRECTION('',(0.,1.,0.));
#7253 = DIRECTION('',(-1.,0.,0.));
#7254 = ADVANCED_FACE('',(#7255),#7273,.F.);
#7255 = FACE_BOUND('',#7256,.F.);
#7256 = EDGE_LOOP('',(#7257,#7258,#7266,#7272));
#7257 = ORIENTED_EDGE('',*,*,#7243,.T.);
#7258 = ORIENTED_EDGE('',*,*,#7259,.T.);
#7259 = EDGE_CURVE('',#7236,#7260,#7262,.T.);
#7260 = VERTEX_POINT('',#7261);
#7261 = CARTESIAN_POINT('',(17.1,83.,17.6));
#7262 = LINE('',#7263,#7264);
#7263 = CARTESIAN_POINT('',(18.8,85.944486372867,17.6));
#7264 = VECTOR('',#7265,1.);
#7265 = DIRECTION('',(-0.5,-0.866025403784,0.));
#7266 = ORIENTED_EDGE('',*,*,#7267,.F.);
#7267 = EDGE_CURVE('',#2057,#7260,#7268,.T.);
#7268 = LINE('',#7269,#7270);
#7269 = CARTESIAN_POINT('',(17.1,83.,20.));
#7270 = VECTOR('',#7271,1.);
#7271 = DIRECTION('',(-0.,-0.,-1.));
#7272 = ORIENTED_EDGE('',*,*,#2064,.F.);
#7273 = PLANE('',#7274);
#7274 = AXIS2_PLACEMENT_3D('',#7275,#7276,#7277);
#7275 = CARTESIAN_POINT('',(18.8,85.944486372867,20.));
#7276 = DIRECTION('',(-0.866025403784,0.5,0.));
#7277 = DIRECTION('',(-0.5,-0.866025403784,0.));
#7278 = ADVANCED_FACE('',(#7279),#7297,.F.);
#7279 = FACE_BOUND('',#7280,.F.);
#7280 = EDGE_LOOP('',(#7281,#7282,#7290,#7296));
#7281 = ORIENTED_EDGE('',*,*,#7267,.T.);
#7282 = ORIENTED_EDGE('',*,*,#7283,.T.);
#7283 = EDGE_CURVE('',#7260,#7284,#7286,.T.);
#7284 = VERTEX_POINT('',#7285);
#7285 = CARTESIAN_POINT('',(18.8,80.055513627133,17.6));
#7286 = LINE('',#7287,#7288);
#7287 = CARTESIAN_POINT('',(17.1,83.,17.6));
#7288 = VECTOR('',#7289,1.);
#7289 = DIRECTION('',(0.5,-0.866025403784,0.));
#7290 = ORIENTED_EDGE('',*,*,#7291,.F.);
#7291 = EDGE_CURVE('',#2049,#7284,#7292,.T.);
#7292 = LINE('',#7293,#7294);
#7293 = CARTESIAN_POINT('',(18.8,80.055513627133,20.));
#7294 = VECTOR('',#7295,1.);
#7295 = DIRECTION('',(-0.,-0.,-1.));
#7296 = ORIENTED_EDGE('',*,*,#2056,.F.);
#7297 = PLANE('',#7298);
#7298 = AXIS2_PLACEMENT_3D('',#7299,#7300,#7301);
#7299 = CARTESIAN_POINT('',(17.1,83.,20.));
#7300 = DIRECTION('',(-0.866025403784,-0.5,0.));
#7301 = DIRECTION('',(0.5,-0.866025403784,0.));
#7302 = ADVANCED_FACE('',(#7303),#7321,.F.);
#7303 = FACE_BOUND('',#7304,.F.);
#7304 = EDGE_LOOP('',(#7305,#7306,#7314,#7320));
#7305 = ORIENTED_EDGE('',*,*,#7291,.T.);
#7306 = ORIENTED_EDGE('',*,*,#7307,.T.);
#7307 = EDGE_CURVE('',#7284,#7308,#7310,.T.);
#7308 = VERTEX_POINT('',#7309);
#7309 = CARTESIAN_POINT('',(22.2,80.055513627133,17.6));
#7310 = LINE('',#7311,#7312);
#7311 = CARTESIAN_POINT('',(18.8,80.055513627133,17.6));
#7312 = VECTOR('',#7313,1.);
#7313 = DIRECTION('',(1.,0.,0.));
#7314 = ORIENTED_EDGE('',*,*,#7315,.F.);
#7315 = EDGE_CURVE('',#2041,#7308,#7316,.T.);
#7316 = LINE('',#7317,#7318);
#7317 = CARTESIAN_POINT('',(22.2,80.055513627133,20.));
#7318 = VECTOR('',#7319,1.);
#7319 = DIRECTION('',(-0.,-0.,-1.));
#7320 = ORIENTED_EDGE('',*,*,#2048,.F.);
#7321 = PLANE('',#7322);
#7322 = AXIS2_PLACEMENT_3D('',#7323,#7324,#7325);
#7323 = CARTESIAN_POINT('',(18.8,80.055513627133,20.));
#7324 = DIRECTION('',(0.,-1.,0.));
#7325 = DIRECTION('',(1.,0.,0.));
#7326 = ADVANCED_FACE('',(#7327),#7338,.F.);
#7327 = FACE_BOUND('',#7328,.F.);
#7328 = EDGE_LOOP('',(#7329,#7330,#7336,#7337));
#7329 = ORIENTED_EDGE('',*,*,#7315,.T.);
#7330 = ORIENTED_EDGE('',*,*,#7331,.T.);
#7331 = EDGE_CURVE('',#7308,#7204,#7332,.T.);
#7332 = LINE('',#7333,#7334);
#7333 = CARTESIAN_POINT('',(22.2,80.055513627133,17.6));
#7334 = VECTOR('',#7335,1.);
#7335 = DIRECTION('',(0.5,0.866025403784,0.));
#7336 = ORIENTED_EDGE('',*,*,#7203,.F.);
#7337 = ORIENTED_EDGE('',*,*,#2040,.F.);
#7338 = PLANE('',#7339);
#7339 = AXIS2_PLACEMENT_3D('',#7340,#7341,#7342);
#7340 = CARTESIAN_POINT('',(22.2,80.055513627133,20.));
#7341 = DIRECTION('',(0.866025403784,-0.5,0.));
#7342 = DIRECTION('',(0.5,0.866025403784,0.));
#7343 = ADVANCED_FACE('',(#7344),#7355,.F.);
#7344 = FACE_BOUND('',#7345,.T.);
#7345 = EDGE_LOOP('',(#7346,#7347,#7353,#7354));
#7346 = ORIENTED_EDGE('',*,*,#4496,.F.);
#7347 = ORIENTED_EDGE('',*,*,#7348,.T.);
#7348 = EDGE_CURVE('',#4488,#2081,#7349,.T.);
#7349 = LINE('',#7350,#7351);
#7350 = CARTESIAN_POINT('',(31.8,85.,15.));
#7351 = VECTOR('',#7352,1.);
#7352 = DIRECTION('',(0.,0.,1.));
#7353 = ORIENTED_EDGE('',*,*,#2080,.T.);
#7354 = ORIENTED_EDGE('',*,*,#7348,.F.);
#7355 = CYLINDRICAL_SURFACE('',#7356,1.8);
#7356 = AXIS2_PLACEMENT_3D('',#7357,#7358,#7359);
#7357 = CARTESIAN_POINT('',(30.,85.,15.));
#7358 = DIRECTION('',(-0.,-0.,-1.));
#7359 = DIRECTION('',(1.,0.,0.));
#7360 = ADVANCED_FACE('',(#7361,#7369),#7372,.T.);
#7361 = FACE_BOUND('',#7362,.T.);
#7362 = EDGE_LOOP('',(#7363,#7364,#7365,#7366,#7367,#7368));
#7363 = ORIENTED_EDGE('',*,*,#4883,.T.);
#7364 = ORIENTED_EDGE('',*,*,#4907,.T.);
#7365 = ORIENTED_EDGE('',*,*,#4931,.T.);
#7366 = ORIENTED_EDGE('',*,*,#4955,.T.);
#7367 = ORIENTED_EDGE('',*,*,#4979,.T.);
#7368 = ORIENTED_EDGE('',*,*,#5003,.T.);
#7369 = FACE_BOUND('',#7370,.T.);
#7370 = EDGE_LOOP('',(#7371));
#7371 = ORIENTED_EDGE('',*,*,#2220,.T.);
#7372 = PLANE('',#7373);
#7373 = AXIS2_PLACEMENT_3D('',#7374,#7375,#7376);
#7374 = CARTESIAN_POINT('',(-40.375,-1.E-17,17.6));
#7375 = DIRECTION('',(0.,0.,1.));
#7376 = DIRECTION('',(1.,0.,0.));
#7377 = ADVANCED_FACE('',(#7378,#7386),#7389,.T.);
#7378 = FACE_BOUND('',#7379,.T.);
#7379 = EDGE_LOOP('',(#7380,#7381,#7382,#7383,#7384,#7385));
#7380 = ORIENTED_EDGE('',*,*,#5027,.T.);
#7381 = ORIENTED_EDGE('',*,*,#5051,.T.);
#7382 = ORIENTED_EDGE('',*,*,#5075,.T.);
#7383 = ORIENTED_EDGE('',*,*,#5099,.T.);
#7384 = ORIENTED_EDGE('',*,*,#5123,.T.);
#7385 = ORIENTED_EDGE('',*,*,#5147,.T.);
#7386 = FACE_BOUND('',#7387,.T.);
#7387 = EDGE_LOOP('',(#7388));
#7388 = ORIENTED_EDGE('',*,*,#2245,.T.);
#7389 = PLANE('',#7390);
#7390 = AXIS2_PLACEMENT_3D('',#7391,#7392,#7393);
#7391 = CARTESIAN_POINT('',(-40.375,-1.E-17,17.6));
#7392 = DIRECTION('',(0.,0.,1.));
#7393 = DIRECTION('',(1.,0.,0.));
#7394 = ADVANCED_FACE('',(#7395,#7403),#7406,.F.);
#7395 = FACE_BOUND('',#7396,.F.);
#7396 = EDGE_LOOP('',(#7397,#7398,#7399,#7400,#7401,#7402));
#7397 = ORIENTED_EDGE('',*,*,#2317,.F.);
#7398 = ORIENTED_EDGE('',*,*,#2269,.F.);
#7399 = ORIENTED_EDGE('',*,*,#2300,.F.);
#7400 = ORIENTED_EDGE('',*,*,#2348,.F.);
#7401 = ORIENTED_EDGE('',*,*,#2389,.F.);
#7402 = ORIENTED_EDGE('',*,*,#2365,.F.);
#7403 = FACE_BOUND('',#7404,.F.);
#7404 = EDGE_LOOP('',(#7405));
#7405 = ORIENTED_EDGE('',*,*,#5163,.T.);
#7406 = PLANE('',#7407);
#7407 = AXIS2_PLACEMENT_3D('',#7408,#7409,#7410);
#7408 = CARTESIAN_POINT('',(-48.49999999999,3.1096E-13,17.));
#7409 = DIRECTION('',(0.,0.,1.));
#7410 = DIRECTION('',(1.,0.,0.));
#7411 = ADVANCED_FACE('',(#7412,#7420),#7423,.T.);
#7412 = FACE_BOUND('',#7413,.T.);
#7413 = EDGE_LOOP('',(#7414,#7415,#7416,#7417,#7418,#7419));
#7414 = ORIENTED_EDGE('',*,*,#5196,.T.);
#7415 = ORIENTED_EDGE('',*,*,#5220,.T.);
#7416 = ORIENTED_EDGE('',*,*,#5244,.T.);
#7417 = ORIENTED_EDGE('',*,*,#5268,.T.);
#7418 = ORIENTED_EDGE('',*,*,#5292,.T.);
#7419 = ORIENTED_EDGE('',*,*,#5316,.T.);
#7420 = FACE_BOUND('',#7421,.T.);
#7421 = EDGE_LOOP('',(#7422));
#7422 = ORIENTED_EDGE('',*,*,#2414,.T.);
#7423 = PLANE('',#7424);
#7424 = AXIS2_PLACEMENT_3D('',#7425,#7426,#7427);
#7425 = CARTESIAN_POINT('',(-40.375,-1.E-17,17.6));
#7426 = DIRECTION('',(0.,0.,1.));
#7427 = DIRECTION('',(1.,0.,0.));
#7428 = ADVANCED_FACE('',(#7429,#7437),#7440,.T.);
#7429 = FACE_BOUND('',#7430,.T.);
#7430 = EDGE_LOOP('',(#7431,#7432,#7433,#7434,#7435,#7436));
#7431 = ORIENTED_EDGE('',*,*,#5357,.T.);
#7432 = ORIENTED_EDGE('',*,*,#5381,.T.);
#7433 = ORIENTED_EDGE('',*,*,#5405,.T.);
#7434 = ORIENTED_EDGE('',*,*,#5429,.T.);
#7435 = ORIENTED_EDGE('',*,*,#5453,.T.);
#7436 = ORIENTED_EDGE('',*,*,#5477,.T.);
#7437 = FACE_BOUND('',#7438,.T.);
#7438 = EDGE_LOOP('',(#7439));
#7439 = ORIENTED_EDGE('',*,*,#2827,.T.);
#7440 = PLANE('',#7441);
#7441 = AXIS2_PLACEMENT_3D('',#7442,#7443,#7444);
#7442 = CARTESIAN_POINT('',(-40.375,-1.E-17,17.6));
#7443 = DIRECTION('',(0.,0.,1.));
#7444 = DIRECTION('',(1.,0.,0.));
#7445 = ADVANCED_FACE('',(#7446,#7454),#7457,.T.);
#7446 = FACE_BOUND('',#7447,.T.);
#7447 = EDGE_LOOP('',(#7448,#7449,#7450,#7451,#7452,#7453));
#7448 = ORIENTED_EDGE('',*,*,#5501,.T.);
#7449 = ORIENTED_EDGE('',*,*,#5525,.T.);
#7450 = ORIENTED_EDGE('',*,*,#5549,.T.);
#7451 = ORIENTED_EDGE('',*,*,#5573,.T.);
#7452 = ORIENTED_EDGE('',*,*,#5597,.T.);
#7453 = ORIENTED_EDGE('',*,*,#5621,.T.);
#7454 = FACE_BOUND('',#7455,.T.);
#7455 = EDGE_LOOP('',(#7456));
#7456 = ORIENTED_EDGE('',*,*,#2852,.T.);
#7457 = PLANE('',#7458);
#7458 = AXIS2_PLACEMENT_3D('',#7459,#7460,#7461);
#7459 = CARTESIAN_POINT('',(-40.375,-1.E-17,17.6));
#7460 = DIRECTION('',(0.,0.,1.));
#7461 = DIRECTION('',(1.,0.,0.));
#7462 = ADVANCED_FACE('',(#7463,#7471),#7474,.T.);
#7463 = FACE_BOUND('',#7464,.T.);
#7464 = EDGE_LOOP('',(#7465,#7466,#7467,#7468,#7469,#7470));
#7465 = ORIENTED_EDGE('',*,*,#5645,.T.);
#7466 = ORIENTED_EDGE('',*,*,#5669,.T.);
#7467 = ORIENTED_EDGE('',*,*,#5693,.T.);
#7468 = ORIENTED_EDGE('',*,*,#5717,.T.);
#7469 = ORIENTED_EDGE('',*,*,#5741,.T.);
#7470 = ORIENTED_EDGE('',*,*,#5765,.T.);
#7471 = FACE_BOUND('',#7472,.T.);
#7472 = EDGE_LOOP('',(#7473));
#7473 = ORIENTED_EDGE('',*,*,#2877,.T.);
#7474 = PLANE('',#7475);
#7475 = AXIS2_PLACEMENT_3D('',#7476,#7477,#7478);
#7476 = CARTESIAN_POINT('',(-40.375,-1.E-17,17.6));
#7477 = DIRECTION('',(0.,0.,1.));
#7478 = DIRECTION('',(1.,0.,0.));
#7479 = ADVANCED_FACE('',(#7480,#7488),#7491,.T.);
#7480 = FACE_BOUND('',#7481,.T.);
#7481 = EDGE_LOOP('',(#7482,#7483,#7484,#7485,#7486,#7487));
#7482 = ORIENTED_EDGE('',*,*,#5806,.T.);
#7483 = ORIENTED_EDGE('',*,*,#5830,.T.);
#7484 = ORIENTED_EDGE('',*,*,#5854,.T.);
#7485 = ORIENTED_EDGE('',*,*,#5878,.T.);
#7486 = ORIENTED_EDGE('',*,*,#5902,.T.);
#7487 = ORIENTED_EDGE('',*,*,#5926,.T.);
#7488 = FACE_BOUND('',#7489,.T.);
#7489 = EDGE_LOOP('',(#7490));
#7490 = ORIENTED_EDGE('',*,*,#3290,.T.);
#7491 = PLANE('',#7492);
#7492 = AXIS2_PLACEMENT_3D('',#7493,#7494,#7495);
#7493 = CARTESIAN_POINT('',(-40.375,-1.E-17,17.6));
#7494 = DIRECTION('',(0.,0.,1.));
#7495 = DIRECTION('',(1.,0.,0.));
#7496 = ADVANCED_FACE('',(#7497,#7505),#7508,.F.);
#7497 = FACE_BOUND('',#7498,.F.);
#7498 = EDGE_LOOP('',(#7499,#7500,#7501,#7502,#7503,#7504));
#7499 = ORIENTED_EDGE('',*,*,#3498,.F.);
#7500 = ORIENTED_EDGE('',*,*,#3450,.F.);
#7501 = ORIENTED_EDGE('',*,*,#3481,.F.);
#7502 = ORIENTED_EDGE('',*,*,#3529,.F.);
#7503 = ORIENTED_EDGE('',*,*,#3570,.F.);
#7504 = ORIENTED_EDGE('',*,*,#3546,.F.);
#7505 = FACE_BOUND('',#7506,.F.);
#7506 = EDGE_LOOP('',(#7507));
#7507 = ORIENTED_EDGE('',*,*,#5942,.T.);
#7508 = PLANE('',#7509);
#7509 = AXIS2_PLACEMENT_3D('',#7510,#7511,#7512);
#7510 = CARTESIAN_POINT('',(-48.49999999999,3.1096E-13,17.));
#7511 = DIRECTION('',(0.,0.,1.));
#7512 = DIRECTION('',(1.,0.,0.));
#7513 = ADVANCED_FACE('',(#7514,#7522),#7525,.T.);
#7514 = FACE_BOUND('',#7515,.T.);
#7515 = EDGE_LOOP('',(#7516,#7517,#7518,#7519,#7520,#7521));
#7516 = ORIENTED_EDGE('',*,*,#5975,.T.);
#7517 = ORIENTED_EDGE('',*,*,#5999,.T.);
#7518 = ORIENTED_EDGE('',*,*,#6023,.T.);
#7519 = ORIENTED_EDGE('',*,*,#6047,.T.);
#7520 = ORIENTED_EDGE('',*,*,#6071,.T.);
#7521 = ORIENTED_EDGE('',*,*,#6095,.T.);
#7522 = FACE_BOUND('',#7523,.T.);
#7523 = EDGE_LOOP('',(#7524));
#7524 = ORIENTED_EDGE('',*,*,#3595,.T.);
#7525 = PLANE('',#7526);
#7526 = AXIS2_PLACEMENT_3D('',#7527,#7528,#7529);
#7527 = CARTESIAN_POINT('',(-40.375,-1.E-17,17.6));
#7528 = DIRECTION('',(0.,0.,1.));
#7529 = DIRECTION('',(1.,0.,0.));
#7530 = ADVANCED_FACE('',(#7531,#7539),#7542,.T.);
#7531 = FACE_BOUND('',#7532,.T.);
#7532 = EDGE_LOOP('',(#7533,#7534,#7535,#7536,#7537,#7538));
#7533 = ORIENTED_EDGE('',*,*,#6136,.T.);
#7534 = ORIENTED_EDGE('',*,*,#6160,.T.);
#7535 = ORIENTED_EDGE('',*,*,#6184,.T.);
#7536 = ORIENTED_EDGE('',*,*,#6208,.T.);
#7537 = ORIENTED_EDGE('',*,*,#6232,.T.);
#7538 = ORIENTED_EDGE('',*,*,#6256,.T.);
#7539 = FACE_BOUND('',#7540,.T.);
#7540 = EDGE_LOOP('',(#7541));
#7541 = ORIENTED_EDGE('',*,*,#3780,.T.);
#7542 = PLANE('',#7543);
#7543 = AXIS2_PLACEMENT_3D('',#7544,#7545,#7546);
#7544 = CARTESIAN_POINT('',(-40.375,-1.E-17,17.6));
#7545 = DIRECTION('',(0.,0.,1.));
#7546 = DIRECTION('',(1.,0.,0.));
#7547 = ADVANCED_FACE('',(#7548,#7556),#7559,.T.);
#7548 = FACE_BOUND('',#7549,.T.);
#7549 = EDGE_LOOP('',(#7550,#7551,#7552,#7553,#7554,#7555));
#7550 = ORIENTED_EDGE('',*,*,#6280,.T.);
#7551 = ORIENTED_EDGE('',*,*,#6304,.T.);
#7552 = ORIENTED_EDGE('',*,*,#6328,.T.);
#7553 = ORIENTED_EDGE('',*,*,#6352,.T.);
#7554 = ORIENTED_EDGE('',*,*,#6376,.T.);
#7555 = ORIENTED_EDGE('',*,*,#6400,.T.);
#7556 = FACE_BOUND('',#7557,.T.);
#7557 = EDGE_LOOP('',(#7558));
#7558 = ORIENTED_EDGE('',*,*,#3805,.T.);
#7559 = PLANE('',#7560);
#7560 = AXIS2_PLACEMENT_3D('',#7561,#7562,#7563);
#7561 = CARTESIAN_POINT('',(-40.375,-1.E-17,17.6));
#7562 = DIRECTION('',(0.,0.,1.));
#7563 = DIRECTION('',(1.,0.,0.));
#7564 = ADVANCED_FACE('',(#7565,#7573),#7576,.T.);
#7565 = FACE_BOUND('',#7566,.T.);
#7566 = EDGE_LOOP('',(#7567,#7568,#7569,#7570,#7571,#7572));
#7567 = ORIENTED_EDGE('',*,*,#6424,.T.);
#7568 = ORIENTED_EDGE('',*,*,#6448,.T.);
#7569 = ORIENTED_EDGE('',*,*,#6472,.T.);
#7570 = ORIENTED_EDGE('',*,*,#6496,.T.);
#7571 = ORIENTED_EDGE('',*,*,#6520,.T.);
#7572 = ORIENTED_EDGE('',*,*,#6544,.T.);
#7573 = FACE_BOUND('',#7574,.T.);
#7574 = EDGE_LOOP('',(#7575));
#7575 = ORIENTED_EDGE('',*,*,#3830,.T.);
#7576 = PLANE('',#7577);
#7577 = AXIS2_PLACEMENT_3D('',#7578,#7579,#7580);
#7578 = CARTESIAN_POINT('',(-40.375,-1.E-17,17.6));
#7579 = DIRECTION('',(0.,0.,1.));
#7580 = DIRECTION('',(1.,0.,0.));
#7581 = ADVANCED_FACE('',(#7582,#7590),#7593,.F.);
#7582 = FACE_BOUND('',#7583,.F.);
#7583 = EDGE_LOOP('',(#7584,#7585,#7586,#7587,#7588,#7589));
#7584 = ORIENTED_EDGE('',*,*,#3902,.F.);
#7585 = ORIENTED_EDGE('',*,*,#3854,.F.);
#7586 = ORIENTED_EDGE('',*,*,#3885,.F.);
#7587 = ORIENTED_EDGE('',*,*,#3933,.F.);
#7588 = ORIENTED_EDGE('',*,*,#3974,.F.);
#7589 = ORIENTED_EDGE('',*,*,#3950,.F.);
#7590 = FACE_BOUND('',#7591,.F.);
#7591 = EDGE_LOOP('',(#7592));
#7592 = ORIENTED_EDGE('',*,*,#6560,.T.);
#7593 = PLANE('',#7594);
#7594 = AXIS2_PLACEMENT_3D('',#7595,#7596,#7597);
#7595 = CARTESIAN_POINT('',(-48.49999999999,3.1096E-13,17.));
#7596 = DIRECTION('',(0.,0.,1.));
#7597 = DIRECTION('',(1.,0.,0.));
#7598 = ADVANCED_FACE('',(#7599,#7607),#7610,.T.);
#7599 = FACE_BOUND('',#7600,.T.);
#7600 = EDGE_LOOP('',(#7601,#7602,#7603,#7604,#7605,#7606));
#7601 = ORIENTED_EDGE('',*,*,#6593,.T.);
#7602 = ORIENTED_EDGE('',*,*,#6617,.T.);
#7603 = ORIENTED_EDGE('',*,*,#6641,.T.);
#7604 = ORIENTED_EDGE('',*,*,#6665,.T.);
#7605 = ORIENTED_EDGE('',*,*,#6689,.T.);
#7606 = ORIENTED_EDGE('',*,*,#6713,.T.);
#7607 = FACE_BOUND('',#7608,.T.);
#7608 = EDGE_LOOP('',(#7609));
#7609 = ORIENTED_EDGE('',*,*,#3999,.T.);
#7610 = PLANE('',#7611);
#7611 = AXIS2_PLACEMENT_3D('',#7612,#7613,#7614);
#7612 = CARTESIAN_POINT('',(-40.375,-1.E-17,17.6));
#7613 = DIRECTION('',(0.,0.,1.));
#7614 = DIRECTION('',(1.,0.,0.));
#7615 = ADVANCED_FACE('',(#7616,#7624),#7627,.F.);
#7616 = FACE_BOUND('',#7617,.F.);
#7617 = EDGE_LOOP('',(#7618,#7619,#7620,#7621,#7622,#7623));
#7618 = ORIENTED_EDGE('',*,*,#4207,.F.);
#7619 = ORIENTED_EDGE('',*,*,#4159,.F.);
#7620 = ORIENTED_EDGE('',*,*,#4190,.F.);
#7621 = ORIENTED_EDGE('',*,*,#4238,.F.);
#7622 = ORIENTED_EDGE('',*,*,#4279,.F.);
#7623 = ORIENTED_EDGE('',*,*,#4255,.F.);
#7624 = FACE_BOUND('',#7625,.F.);
#7625 = EDGE_LOOP('',(#7626));
#7626 = ORIENTED_EDGE('',*,*,#6729,.T.);
#7627 = PLANE('',#7628);
#7628 = AXIS2_PLACEMENT_3D('',#7629,#7630,#7631);
#7629 = CARTESIAN_POINT('',(-48.49999999999,3.1096E-13,17.));
#7630 = DIRECTION('',(0.,0.,1.));
#7631 = DIRECTION('',(1.,0.,0.));
#7632 = ADVANCED_FACE('',(#7633,#7641),#7644,.T.);
#7633 = FACE_BOUND('',#7634,.T.);
#7634 = EDGE_LOOP('',(#7635,#7636,#7637,#7638,#7639,#7640));
#7635 = ORIENTED_EDGE('',*,*,#6762,.T.);
#7636 = ORIENTED_EDGE('',*,*,#6786,.T.);
#7637 = ORIENTED_EDGE('',*,*,#6810,.T.);
#7638 = ORIENTED_EDGE('',*,*,#6834,.T.);
#7639 = ORIENTED_EDGE('',*,*,#6858,.T.);
#7640 = ORIENTED_EDGE('',*,*,#6882,.T.);
#7641 = FACE_BOUND('',#7642,.T.);
#7642 = EDGE_LOOP('',(#7643));
#7643 = ORIENTED_EDGE('',*,*,#4372,.T.);
#7644 = PLANE('',#7645);
#7645 = AXIS2_PLACEMENT_3D('',#7646,#7647,#7648);
#7646 = CARTESIAN_POINT('',(-40.375,-1.E-17,17.6));
#7647 = DIRECTION('',(0.,0.,1.));
#7648 = DIRECTION('',(1.,0.,0.));
#7649 = ADVANCED_FACE('',(#7650,#7658),#7661,.T.);
#7650 = FACE_BOUND('',#7651,.T.);
#7651 = EDGE_LOOP('',(#7652,#7653,#7654,#7655,#7656,#7657));
#7652 = ORIENTED_EDGE('',*,*,#6923,.T.);
#7653 = ORIENTED_EDGE('',*,*,#6947,.T.);
#7654 = ORIENTED_EDGE('',*,*,#6971,.T.);
#7655 = ORIENTED_EDGE('',*,*,#6995,.T.);
#7656 = ORIENTED_EDGE('',*,*,#7019,.T.);
#7657 = ORIENTED_EDGE('',*,*,#7043,.T.);
#7658 = FACE_BOUND('',#7659,.T.);
#7659 = EDGE_LOOP('',(#7660));
#7660 = ORIENTED_EDGE('',*,*,#4421,.T.);
#7661 = PLANE('',#7662);
#7662 = AXIS2_PLACEMENT_3D('',#7663,#7664,#7665);
#7663 = CARTESIAN_POINT('',(-40.375,-1.E-17,17.6));
#7664 = DIRECTION('',(0.,0.,1.));
#7665 = DIRECTION('',(1.,0.,0.));
#7666 = ADVANCED_FACE('',(#7667,#7675),#7678,.T.);
#7667 = FACE_BOUND('',#7668,.T.);
#7668 = EDGE_LOOP('',(#7669,#7670,#7671,#7672,#7673,#7674));
#7669 = ORIENTED_EDGE('',*,*,#7067,.T.);
#7670 = ORIENTED_EDGE('',*,*,#7091,.T.);
#7671 = ORIENTED_EDGE('',*,*,#7115,.T.);
#7672 = ORIENTED_EDGE('',*,*,#7139,.T.);
#7673 = ORIENTED_EDGE('',*,*,#7163,.T.);
#7674 = ORIENTED_EDGE('',*,*,#7187,.T.);
#7675 = FACE_BOUND('',#7676,.T.);
#7676 = EDGE_LOOP('',(#7677));
#7677 = ORIENTED_EDGE('',*,*,#4446,.T.);
#7678 = PLANE('',#7679);
#7679 = AXIS2_PLACEMENT_3D('',#7680,#7681,#7682);
#7680 = CARTESIAN_POINT('',(-40.375,-1.E-17,17.6));
#7681 = DIRECTION('',(0.,0.,1.));
#7682 = DIRECTION('',(1.,0.,0.));
#7683 = ADVANCED_FACE('',(#7684,#7692),#7695,.T.);
#7684 = FACE_BOUND('',#7685,.T.);
#7685 = EDGE_LOOP('',(#7686,#7687,#7688,#7689,#7690,#7691));
#7686 = ORIENTED_EDGE('',*,*,#7211,.T.);
#7687 = ORIENTED_EDGE('',*,*,#7235,.T.);
#7688 = ORIENTED_EDGE('',*,*,#7259,.T.);
#7689 = ORIENTED_EDGE('',*,*,#7283,.T.);
#7690 = ORIENTED_EDGE('',*,*,#7307,.T.);
#7691 = ORIENTED_EDGE('',*,*,#7331,.T.);
#7692 = FACE_BOUND('',#7693,.T.);
#7693 = EDGE_LOOP('',(#7694));
#7694 = ORIENTED_EDGE('',*,*,#4471,.T.);
#7695 = PLANE('',#7696);
#7696 = AXIS2_PLACEMENT_3D('',#7697,#7698,#7699);
#7697 = CARTESIAN_POINT('',(-40.375,-1.E-17,17.6));
#7698 = DIRECTION('',(0.,0.,1.));
#7699 = DIRECTION('',(1.,0.,0.));
#7700 = ( GEOMETRIC_REPRESENTATION_CONTEXT(3) 
GLOBAL_UNCERTAINTY_ASSIGNED_CONTEXT((#7704)) 
GLOBAL_UNIT_ASSIGNED_CONTEXT((#7701,#7702,#7703)) REPRESENTATION_CONTEXT
('Context #1','3D Context with UNIT and UNCERTAINTY') );
#7701 = ( LENGTH_UNIT() NAMED_UNIT(*) SI_UNIT(.MILLI.,.METRE.) );
#7702 = ( NAMED_UNIT(*) PLANE_ANGLE_UNIT() SI_UNIT($,.RADIAN.) );
#7703 = ( NAMED_UNIT(*) SI_UNIT($,.STERADIAN.) SOLID_ANGLE_UNIT() );
#7704 = UNCERTAINTY_MEASURE_WITH_UNIT(LENGTH_MEASURE(1.E-07),#7701,
  'distance_accuracy_value','confusion accuracy');
#7705 = PRODUCT_RELATED_PRODUCT_CATEGORY('part',$,(#7));
#7706 = MECHANICAL_DESIGN_GEOMETRIC_PRESENTATION_REPRESENTATION('',(
    #7707),#7700);
#7707 = STYLED_ITEM('color',(#7708),#15);
#7708 = PRESENTATION_STYLE_ASSIGNMENT((#7709,#7715));
#7709 = SURFACE_STYLE_USAGE(.BOTH.,#7710);
#7710 = SURFACE_SIDE_STYLE('',(#7711));
#7711 = SURFACE_STYLE_FILL_AREA(#7712);
#7712 = FILL_AREA_STYLE('',(#7713));
#7713 = FILL_AREA_STYLE_COLOUR('',#7714);
#7714 = COLOUR_RGB('',0.486274506065,0.529411796197,0.556862780639);
#7715 = CURVE_STYLE('',#7716,POSITIVE_LENGTH_MEASURE(0.1),#7717);
#7716 = DRAUGHTING_PRE_DEFINED_CURVE_FONT('continuous');
#7717 = DRAUGHTING_PRE_DEFINED_COLOUR('black');
ENDSEC;
END-ISO-10303-21;
