ISO-10303-21;
HEADER;
FILE_DESCRIPTION(('FreeCAD Model'),'2;1');
FILE_NAME('Open CASCADE Shape Model','2026-02-22T16:54:47',('Author'),(
    ''),'Open CASCADE STEP processor 7.8','FreeCAD','Unknown');
FILE_SCHEMA(('AUTOMOTIVE_DESIGN { 1 0 10303 214 1 1 1 1 }'));
ENDSEC;
DATA;
#1 = APPLICATION_PROTOCOL_DEFINITION('international standard',
  'automotive_design',2000,#2);
#2 = APPLICATION_CONTEXT(
  'core data for automotive mechanical design processes');
#3 = SHAPE_DEFINITION_REPRESENTATION(#4,#10);
#4 = PRODUCT_DEFINITION_SHAPE('','',#5);
#5 = PRODUCT_DEFINITION('design','',#6,#9);
#6 = PRODUCT_DEFINITION_FORMATION('','',#7);
#7 = PRODUCT('Rim','Rim','',(#8));
#8 = PRODUCT_CONTEXT('',#2,'mechanical');
#9 = PRODUCT_DEFINITION_CONTEXT('part definition',#2,'design');
#10 = ADVANCED_BREP_SHAPE_REPRESENTATION('',(#11,#15),#4668);
#11 = AXIS2_PLACEMENT_3D('',#12,#13,#14);
#12 = CARTESIAN_POINT('',(0.,0.,0.));
#13 = DIRECTION('',(0.,0.,1.));
#14 = DIRECTION('',(1.,0.,-0.));
#15 = MANIFOLD_SOLID_BREP('',#16);
#16 = CLOSED_SHELL('',(#17,#50,#277,#297,#743,#768,#851,#876,#952,#1035,
    #1060,#1136,#1219,#1244,#1320,#1403,#1428,#1504,#1587,#1612,#1688,
    #1771,#1796,#1872,#1955,#1980,#2056,#2139,#2164,#2240,#2323,#2348,
    #2424,#2507,#2532,#2608,#2691,#2716,#2792,#2875,#2900,#2976,#3000,
    #3024,#3048,#3072,#3096,#3120,#3144,#3168,#3192,#3216,#3240,#3264,
    #3282,#3300,#3318,#3527,#3672,#3684,#3702,#3720,#3732,#3744,#3762,
    #3780,#3792,#3804,#3822,#3840,#3852,#3864,#3882,#3900,#3912,#3924,
    #3942,#3960,#3972,#3984,#4002,#4020,#4032,#4044,#4062,#4080,#4092,
    #4104,#4122,#4140,#4152,#4164,#4182,#4200,#4212,#4224,#4242,#4260,
    #4272,#4284,#4302,#4320,#4332,#4344,#4403,#4423,#4454,#4478,#4502,
    #4526,#4550,#4567,#4592,#4609));
#17 = ADVANCED_FACE('',(#18),#45,.T.);
#18 = FACE_BOUND('',#19,.F.);
#19 = EDGE_LOOP('',(#20,#29,#37,#44));
#20 = ORIENTED_EDGE('',*,*,#21,.F.);
#21 = EDGE_CURVE('',#22,#22,#24,.T.);
#22 = VERTEX_POINT('',#23);
#23 = CARTESIAN_POINT('',(28.,-35.,7.771561172376E-15));
#24 = CIRCLE('',#25,28.);
#25 = AXIS2_PLACEMENT_3D('',#26,#27,#28);
#26 = CARTESIAN_POINT('',(0.,-35.,7.105427357601E-15));
#27 = DIRECTION('',(0.,-1.,2.22044604925E-16));
#28 = DIRECTION('',(1.,0.,0.));
#29 = ORIENTED_EDGE('',*,*,#30,.T.);
#30 = EDGE_CURVE('',#22,#31,#33,.T.);
#31 = VERTEX_POINT('',#32);
#32 = CARTESIAN_POINT('',(28.,-59.,-2.22044604925E-16));
#33 = LINE('',#34,#35);
#34 = CARTESIAN_POINT('',(28.,-35.,7.771561172376E-15));
#35 = VECTOR('',#36,1.);
#36 = DIRECTION('',(0.,-1.,2.22044604925E-16));
#37 = ORIENTED_EDGE('',*,*,#38,.T.);
#38 = EDGE_CURVE('',#31,#31,#39,.T.);
#39 = CIRCLE('',#40,28.);
#40 = AXIS2_PLACEMENT_3D('',#41,#42,#43);
#41 = CARTESIAN_POINT('',(0.,-59.,0.));
#42 = DIRECTION('',(0.,-1.,2.22044604925E-16));
#43 = DIRECTION('',(1.,0.,0.));
#44 = ORIENTED_EDGE('',*,*,#30,.F.);
#45 = CYLINDRICAL_SURFACE('',#46,28.);
#46 = AXIS2_PLACEMENT_3D('',#47,#48,#49);
#47 = CARTESIAN_POINT('',(0.,-35.,7.771561172376E-15));
#48 = DIRECTION('',(0.,1.,-2.22044604925E-16));
#49 = DIRECTION('',(1.,0.,0.));
#50 = ADVANCED_FACE('',(#51,#54),#272,.T.);
#51 = FACE_BOUND('',#52,.T.);
#52 = EDGE_LOOP('',(#53));
#53 = ORIENTED_EDGE('',*,*,#21,.F.);
#54 = FACE_BOUND('',#55,.T.);
#55 = EDGE_LOOP('',(#56,#67,#76,#85,#94,#103,#112,#121,#130,#139,#148,
    #157,#166,#175,#184,#193,#202,#211,#220,#229,#238,#247,#256,#265));
#56 = ORIENTED_EDGE('',*,*,#57,.F.);
#57 = EDGE_CURVE('',#58,#60,#62,.T.);
#58 = VERTEX_POINT('',#59);
#59 = CARTESIAN_POINT('',(-24.14814565722,-35.,-6.470476127563));
#60 = VERTEX_POINT('',#61);
#61 = CARTESIAN_POINT('',(-25.,-35.,-1.244749062629E-15));
#62 = CIRCLE('',#63,25.);
#63 = AXIS2_PLACEMENT_3D('',#64,#65,#66);
#64 = CARTESIAN_POINT('',(0.,-35.,0.));
#65 = DIRECTION('',(-0.,1.,2.22044604925E-16));
#66 = DIRECTION('',(1.,0.,0.));
#67 = ORIENTED_EDGE('',*,*,#68,.T.);
#68 = EDGE_CURVE('',#58,#69,#71,.T.);
#69 = VERTEX_POINT('',#70);
#70 = CARTESIAN_POINT('',(-21.65063509461,-35.,-12.5));
#71 = CIRCLE('',#72,25.);
#72 = AXIS2_PLACEMENT_3D('',#73,#74,#75);
#73 = CARTESIAN_POINT('',(0.,-35.,-5.551115123126E-15));
#74 = DIRECTION('',(0.,-1.,2.22044604925E-16));
#75 = DIRECTION('',(-0.5,1.922962686384E-16,0.866025403784));
#76 = ORIENTED_EDGE('',*,*,#77,.F.);
#77 = EDGE_CURVE('',#78,#69,#80,.T.);
#78 = VERTEX_POINT('',#79);
#79 = CARTESIAN_POINT('',(-17.67766952966,-35.,-17.67766952966));
#80 = CIRCLE('',#81,25.);
#81 = AXIS2_PLACEMENT_3D('',#82,#83,#84);
#82 = CARTESIAN_POINT('',(0.,-35.,0.));
#83 = DIRECTION('',(-0.,1.,2.22044604925E-16));
#84 = DIRECTION('',(1.,0.,0.));
#85 = ORIENTED_EDGE('',*,*,#86,.T.);
#86 = EDGE_CURVE('',#78,#87,#89,.T.);
#87 = VERTEX_POINT('',#88);
#88 = CARTESIAN_POINT('',(-12.5,-35.,-21.65063509461));
#89 = CIRCLE('',#90,25.);
#90 = AXIS2_PLACEMENT_3D('',#91,#92,#93);
#91 = CARTESIAN_POINT('',(-7.88860905221E-31,-35.,-5.551115123126E-15));
#92 = DIRECTION('',(0.,-1.,2.22044604925E-16));
#93 = DIRECTION('',(-0.866025403784,1.110223024625E-16,0.5));
#94 = ORIENTED_EDGE('',*,*,#95,.F.);
#95 = EDGE_CURVE('',#96,#87,#98,.T.);
#96 = VERTEX_POINT('',#97);
#97 = CARTESIAN_POINT('',(-6.470476127563,-35.,-24.14814565722));
#98 = CIRCLE('',#99,25.);
#99 = AXIS2_PLACEMENT_3D('',#100,#101,#102);
#100 = CARTESIAN_POINT('',(0.,-35.,0.));
#101 = DIRECTION('',(-0.,1.,2.22044604925E-16));
#102 = DIRECTION('',(1.,0.,0.));
#103 = ORIENTED_EDGE('',*,*,#104,.T.);
#104 = EDGE_CURVE('',#96,#105,#107,.T.);
#105 = VERTEX_POINT('',#106);
#106 = CARTESIAN_POINT('',(-4.592425496803E-15,-35.,-25.));
#107 = CIRCLE('',#108,25.);
#108 = AXIS2_PLACEMENT_3D('',#109,#110,#111);
#109 = CARTESIAN_POINT('',(0.,-35.,-5.551115123126E-15));
#110 = DIRECTION('',(0.,-1.,2.22044604925E-16));
#111 = DIRECTION('',(-1.,2.719262146894E-32,1.224646799147E-16));
#112 = ORIENTED_EDGE('',*,*,#113,.F.);
#113 = EDGE_CURVE('',#114,#105,#116,.T.);
#114 = VERTEX_POINT('',#115);
#115 = CARTESIAN_POINT('',(6.470476127563,-35.,-24.14814565722));
#116 = CIRCLE('',#117,25.);
#117 = AXIS2_PLACEMENT_3D('',#118,#119,#120);
#118 = CARTESIAN_POINT('',(0.,-35.,0.));
#119 = DIRECTION('',(-0.,1.,2.22044604925E-16));
#120 = DIRECTION('',(1.,0.,0.));
#121 = ORIENTED_EDGE('',*,*,#122,.T.);
#122 = EDGE_CURVE('',#114,#123,#125,.T.);
#123 = VERTEX_POINT('',#124);
#124 = CARTESIAN_POINT('',(12.5,-35.,-21.65063509461));
#125 = CIRCLE('',#126,25.);
#126 = AXIS2_PLACEMENT_3D('',#127,#128,#129);
#127 = CARTESIAN_POINT('',(0.,-35.,-5.551115123126E-15));
#128 = DIRECTION('',(0.,-1.,2.22044604925E-16));
#129 = DIRECTION('',(-0.866025403784,-1.110223024625E-16,-0.5));
#130 = ORIENTED_EDGE('',*,*,#131,.F.);
#131 = EDGE_CURVE('',#132,#123,#134,.T.);
#132 = VERTEX_POINT('',#133);
#133 = CARTESIAN_POINT('',(17.677669529664,-35.,-17.67766952966));
#134 = CIRCLE('',#135,25.);
#135 = AXIS2_PLACEMENT_3D('',#136,#137,#138);
#136 = CARTESIAN_POINT('',(0.,-35.,0.));
#137 = DIRECTION('',(-0.,1.,2.22044604925E-16));
#138 = DIRECTION('',(1.,0.,0.));
#139 = ORIENTED_EDGE('',*,*,#140,.T.);
#140 = EDGE_CURVE('',#132,#141,#143,.T.);
#141 = VERTEX_POINT('',#142);
#142 = CARTESIAN_POINT('',(21.650635094611,-35.,-12.5));
#143 = CIRCLE('',#144,25.);
#144 = AXIS2_PLACEMENT_3D('',#145,#146,#147);
#145 = CARTESIAN_POINT('',(0.,-35.,-5.551115123126E-15));
#146 = DIRECTION('',(0.,-1.,2.22044604925E-16));
#147 = DIRECTION('',(-0.5,-1.922962686384E-16,-0.866025403784));
#148 = ORIENTED_EDGE('',*,*,#149,.F.);
#149 = EDGE_CURVE('',#150,#141,#152,.T.);
#150 = VERTEX_POINT('',#151);
#151 = CARTESIAN_POINT('',(24.148145657227,-35.,-6.470476127563));
#152 = CIRCLE('',#153,25.);
#153 = AXIS2_PLACEMENT_3D('',#154,#155,#156);
#154 = CARTESIAN_POINT('',(0.,-35.,0.));
#155 = DIRECTION('',(-0.,1.,2.22044604925E-16));
#156 = DIRECTION('',(1.,0.,0.));
#157 = ORIENTED_EDGE('',*,*,#158,.T.);
#158 = EDGE_CURVE('',#150,#159,#161,.T.);
#159 = VERTEX_POINT('',#160);
#160 = CARTESIAN_POINT('',(25.,-35.,-1.263303874519E-14));
#161 = CIRCLE('',#162,25.);
#162 = AXIS2_PLACEMENT_3D('',#163,#164,#165);
#163 = CARTESIAN_POINT('',(0.,-35.,-5.551115123126E-15));
#164 = DIRECTION('',(8.75811540203E-47,-1.,2.22044604925E-16));
#165 = DIRECTION('',(-2.22044604925E-16,-2.22044604925E-16,-1.));
#166 = ORIENTED_EDGE('',*,*,#167,.F.);
#167 = EDGE_CURVE('',#168,#159,#170,.T.);
#168 = VERTEX_POINT('',#169);
#169 = CARTESIAN_POINT('',(24.148145657227,-35.,6.470476127563));
#170 = CIRCLE('',#171,25.);
#171 = AXIS2_PLACEMENT_3D('',#172,#173,#174);
#172 = CARTESIAN_POINT('',(0.,-35.,0.));
#173 = DIRECTION('',(-0.,1.,2.22044604925E-16));
#174 = DIRECTION('',(1.,0.,0.));
#175 = ORIENTED_EDGE('',*,*,#176,.T.);
#176 = EDGE_CURVE('',#168,#177,#179,.T.);
#177 = VERTEX_POINT('',#178);
#178 = CARTESIAN_POINT('',(21.650635094611,-35.,12.5));
#179 = CIRCLE('',#180,25.);
#180 = AXIS2_PLACEMENT_3D('',#181,#182,#183);
#181 = CARTESIAN_POINT('',(0.,-35.,-5.551115123126E-15));
#182 = DIRECTION('',(0.,-1.,2.22044604925E-16));
#183 = DIRECTION('',(0.5,-1.922962686384E-16,-0.866025403784));
#184 = ORIENTED_EDGE('',*,*,#185,.F.);
#185 = EDGE_CURVE('',#186,#177,#188,.T.);
#186 = VERTEX_POINT('',#187);
#187 = CARTESIAN_POINT('',(17.677669529664,-35.,17.677669529664));
#188 = CIRCLE('',#189,25.);
#189 = AXIS2_PLACEMENT_3D('',#190,#191,#192);
#190 = CARTESIAN_POINT('',(0.,-35.,0.));
#191 = DIRECTION('',(-0.,1.,2.22044604925E-16));
#192 = DIRECTION('',(1.,0.,0.));
#193 = ORIENTED_EDGE('',*,*,#194,.T.);
#194 = EDGE_CURVE('',#186,#195,#197,.T.);
#195 = VERTEX_POINT('',#196);
#196 = CARTESIAN_POINT('',(12.5,-35.,21.650635094611));
#197 = CIRCLE('',#198,25.);
#198 = AXIS2_PLACEMENT_3D('',#199,#200,#201);
#199 = CARTESIAN_POINT('',(7.88860905221E-31,-35.,-5.551115123126E-15));
#200 = DIRECTION('',(0.,-1.,2.22044604925E-16));
#201 = DIRECTION('',(0.866025403784,-1.110223024625E-16,-0.5));
#202 = ORIENTED_EDGE('',*,*,#203,.F.);
#203 = EDGE_CURVE('',#204,#195,#206,.T.);
#204 = VERTEX_POINT('',#205);
#205 = CARTESIAN_POINT('',(6.470476127563,-35.,24.148145657227));
#206 = CIRCLE('',#207,25.);
#207 = AXIS2_PLACEMENT_3D('',#208,#209,#210);
#208 = CARTESIAN_POINT('',(0.,-35.,0.));
#209 = DIRECTION('',(-0.,1.,2.22044604925E-16));
#210 = DIRECTION('',(1.,0.,0.));
#211 = ORIENTED_EDGE('',*,*,#212,.T.);
#212 = EDGE_CURVE('',#204,#213,#215,.T.);
#213 = VERTEX_POINT('',#214);
#214 = CARTESIAN_POINT('',(1.530808498934E-15,-35.,25.));
#215 = CIRCLE('',#216,25.);
#216 = AXIS2_PLACEMENT_3D('',#217,#218,#219);
#217 = CARTESIAN_POINT('',(0.,-35.,-5.551115123126E-15));
#218 = DIRECTION('',(0.,-1.,2.22044604925E-16));
#219 = DIRECTION('',(1.,0.,0.));
#220 = ORIENTED_EDGE('',*,*,#221,.F.);
#221 = EDGE_CURVE('',#222,#213,#224,.T.);
#222 = VERTEX_POINT('',#223);
#223 = CARTESIAN_POINT('',(-6.470476127563,-35.,24.148145657227));
#224 = CIRCLE('',#225,25.);
#225 = AXIS2_PLACEMENT_3D('',#226,#227,#228);
#226 = CARTESIAN_POINT('',(0.,-35.,0.));
#227 = DIRECTION('',(-0.,1.,2.22044604925E-16));
#228 = DIRECTION('',(1.,0.,0.));
#229 = ORIENTED_EDGE('',*,*,#230,.T.);
#230 = EDGE_CURVE('',#222,#231,#233,.T.);
#231 = VERTEX_POINT('',#232);
#232 = CARTESIAN_POINT('',(-12.5,-35.,21.650635094611));
#233 = CIRCLE('',#234,25.);
#234 = AXIS2_PLACEMENT_3D('',#235,#236,#237);
#235 = CARTESIAN_POINT('',(-7.88860905221E-31,-35.,-5.551115123126E-15)
  );
#236 = DIRECTION('',(0.,-1.,2.22044604925E-16));
#237 = DIRECTION('',(0.866025403784,1.110223024625E-16,0.5));
#238 = ORIENTED_EDGE('',*,*,#239,.F.);
#239 = EDGE_CURVE('',#240,#231,#242,.T.);
#240 = VERTEX_POINT('',#241);
#241 = CARTESIAN_POINT('',(-17.67766952966,-35.,17.677669529664));
#242 = CIRCLE('',#243,25.);
#243 = AXIS2_PLACEMENT_3D('',#244,#245,#246);
#244 = CARTESIAN_POINT('',(0.,-35.,0.));
#245 = DIRECTION('',(-0.,1.,2.22044604925E-16));
#246 = DIRECTION('',(1.,0.,0.));
#247 = ORIENTED_EDGE('',*,*,#248,.T.);
#248 = EDGE_CURVE('',#240,#249,#251,.T.);
#249 = VERTEX_POINT('',#250);
#250 = CARTESIAN_POINT('',(-21.65063509461,-35.,12.5));
#251 = CIRCLE('',#252,25.);
#252 = AXIS2_PLACEMENT_3D('',#253,#254,#255);
#253 = CARTESIAN_POINT('',(1.577721810442E-30,-35.,-5.551115123126E-15)
  );
#254 = DIRECTION('',(0.,-1.,2.22044604925E-16));
#255 = DIRECTION('',(0.5,1.922962686384E-16,0.866025403784));
#256 = ORIENTED_EDGE('',*,*,#257,.F.);
#257 = EDGE_CURVE('',#258,#249,#260,.T.);
#258 = VERTEX_POINT('',#259);
#259 = CARTESIAN_POINT('',(-24.14814565722,-35.,6.470476127563));
#260 = CIRCLE('',#261,25.);
#261 = AXIS2_PLACEMENT_3D('',#262,#263,#264);
#262 = CARTESIAN_POINT('',(0.,-35.,0.));
#263 = DIRECTION('',(-0.,1.,2.22044604925E-16));
#264 = DIRECTION('',(1.,0.,0.));
#265 = ORIENTED_EDGE('',*,*,#266,.T.);
#266 = EDGE_CURVE('',#258,#60,#267,.T.);
#267 = CIRCLE('',#268,25.);
#268 = AXIS2_PLACEMENT_3D('',#269,#270,#271);
#269 = CARTESIAN_POINT('',(0.,-35.,-5.551115123126E-15));
#270 = DIRECTION('',(-8.75811540203E-47,-1.,2.22044604925E-16));
#271 = DIRECTION('',(1.110223024625E-16,2.22044604925E-16,1.));
#272 = PLANE('',#273);
#273 = AXIS2_PLACEMENT_3D('',#274,#275,#276);
#274 = CARTESIAN_POINT('',(-7.285541689759E-16,-35.,7.105427357601E-15)
  );
#275 = DIRECTION('',(0.,1.,0.));
#276 = DIRECTION('',(0.,0.,1.));
#277 = ADVANCED_FACE('',(#278,#289),#292,.T.);
#278 = FACE_BOUND('',#279,.F.);
#279 = EDGE_LOOP('',(#280));
#280 = ORIENTED_EDGE('',*,*,#281,.T.);
#281 = EDGE_CURVE('',#282,#282,#284,.T.);
#282 = VERTEX_POINT('',#283);
#283 = CARTESIAN_POINT('',(29.,-59.,-2.22044604925E-16));
#284 = CIRCLE('',#285,29.);
#285 = AXIS2_PLACEMENT_3D('',#286,#287,#288);
#286 = CARTESIAN_POINT('',(0.,-59.,0.));
#287 = DIRECTION('',(0.,-1.,2.22044604925E-16));
#288 = DIRECTION('',(1.,0.,0.));
#289 = FACE_BOUND('',#290,.T.);
#290 = EDGE_LOOP('',(#291));
#291 = ORIENTED_EDGE('',*,*,#38,.T.);
#292 = PLANE('',#293);
#293 = AXIS2_PLACEMENT_3D('',#294,#295,#296);
#294 = CARTESIAN_POINT('',(-1.151528532665E-15,-59.,2.442490654175E-15)
  );
#295 = DIRECTION('',(0.,1.,-2.877050838838E-16));
#296 = DIRECTION('',(0.,2.877050838838E-16,1.));
#297 = ADVANCED_FACE('',(#298),#738,.F.);
#298 = FACE_BOUND('',#299,.F.);
#299 = EDGE_LOOP('',(#300,#311,#319,#328,#336,#345,#353,#362,#370,#379,
    #387,#396,#404,#413,#421,#430,#438,#447,#455,#464,#472,#481,#489,
    #498,#503,#504,#505,#506,#507,#508,#509,#510,#511,#512,#513,#514,
    #515,#516,#517,#518,#519,#520,#521,#522,#523,#524,#525,#526,#527,
    #528,#536,#545,#553,#562,#570,#579,#587,#596,#604,#613,#621,#630,
    #638,#647,#655,#664,#672,#681,#689,#698,#706,#715,#723,#732));
#300 = ORIENTED_EDGE('',*,*,#301,.F.);
#301 = EDGE_CURVE('',#302,#304,#306,.T.);
#302 = VERTEX_POINT('',#303);
#303 = CARTESIAN_POINT('',(-24.14814565722,-60.,6.470476127563));
#304 = VERTEX_POINT('',#305);
#305 = CARTESIAN_POINT('',(-25.,-60.,4.306366060497E-15));
#306 = CIRCLE('',#307,25.);
#307 = AXIS2_PLACEMENT_3D('',#308,#309,#310);
#308 = CARTESIAN_POINT('',(0.,-60.,3.155443620884E-30));
#309 = DIRECTION('',(-8.75811540203E-47,-1.,2.22044604925E-16));
#310 = DIRECTION('',(1.110223024625E-16,2.22044604925E-16,1.));
#311 = ORIENTED_EDGE('',*,*,#312,.T.);
#312 = EDGE_CURVE('',#302,#313,#315,.T.);
#313 = VERTEX_POINT('',#314);
#314 = CARTESIAN_POINT('',(-24.14814565722,-58.28775377041,
    6.470476127563));
#315 = LINE('',#316,#317);
#316 = CARTESIAN_POINT('',(-24.14814565722,-60.,6.470476127563));
#317 = VECTOR('',#318,1.);
#318 = DIRECTION('',(0.,1.,-2.22044604925E-16));
#319 = ORIENTED_EDGE('',*,*,#320,.T.);
#320 = EDGE_CURVE('',#313,#321,#323,.T.);
#321 = VERTEX_POINT('',#322);
#322 = CARTESIAN_POINT('',(-21.65063509461,-58.28775377041,12.5));
#323 = CIRCLE('',#324,25.);
#324 = AXIS2_PLACEMENT_3D('',#325,#326,#327);
#325 = CARTESIAN_POINT('',(0.,-58.28775377041,0.));
#326 = DIRECTION('',(-0.,1.,0.));
#327 = DIRECTION('',(1.,0.,0.));
#328 = ORIENTED_EDGE('',*,*,#329,.F.);
#329 = EDGE_CURVE('',#330,#321,#332,.T.);
#330 = VERTEX_POINT('',#331);
#331 = CARTESIAN_POINT('',(-21.65063509461,-60.,12.5));
#332 = LINE('',#333,#334);
#333 = CARTESIAN_POINT('',(-21.65063509461,-60.,12.5));
#334 = VECTOR('',#335,1.);
#335 = DIRECTION('',(0.,1.,-2.22044604925E-16));
#336 = ORIENTED_EDGE('',*,*,#337,.F.);
#337 = EDGE_CURVE('',#338,#330,#340,.T.);
#338 = VERTEX_POINT('',#339);
#339 = CARTESIAN_POINT('',(-17.67766952966,-60.,17.677669529664));
#340 = CIRCLE('',#341,25.);
#341 = AXIS2_PLACEMENT_3D('',#342,#343,#344);
#342 = CARTESIAN_POINT('',(0.,-60.,0.));
#343 = DIRECTION('',(0.,-1.,2.22044604925E-16));
#344 = DIRECTION('',(0.5,1.922962686384E-16,0.866025403784));
#345 = ORIENTED_EDGE('',*,*,#346,.T.);
#346 = EDGE_CURVE('',#338,#347,#349,.T.);
#347 = VERTEX_POINT('',#348);
#348 = CARTESIAN_POINT('',(-17.67766952966,-58.28775377041,
    17.677669529664));
#349 = LINE('',#350,#351);
#350 = CARTESIAN_POINT('',(-17.67766952966,-60.,17.677669529664));
#351 = VECTOR('',#352,1.);
#352 = DIRECTION('',(0.,1.,-2.22044604925E-16));
#353 = ORIENTED_EDGE('',*,*,#354,.T.);
#354 = EDGE_CURVE('',#347,#355,#357,.T.);
#355 = VERTEX_POINT('',#356);
#356 = CARTESIAN_POINT('',(-12.5,-58.28775377041,21.650635094611));
#357 = CIRCLE('',#358,25.);
#358 = AXIS2_PLACEMENT_3D('',#359,#360,#361);
#359 = CARTESIAN_POINT('',(0.,-58.28775377041,0.));
#360 = DIRECTION('',(-0.,1.,0.));
#361 = DIRECTION('',(1.,0.,0.));
#362 = ORIENTED_EDGE('',*,*,#363,.F.);
#363 = EDGE_CURVE('',#364,#355,#366,.T.);
#364 = VERTEX_POINT('',#365);
#365 = CARTESIAN_POINT('',(-12.5,-60.,21.650635094611));
#366 = LINE('',#367,#368);
#367 = CARTESIAN_POINT('',(-12.5,-60.,21.650635094611));
#368 = VECTOR('',#369,1.);
#369 = DIRECTION('',(0.,1.,-2.22044604925E-16));
#370 = ORIENTED_EDGE('',*,*,#371,.F.);
#371 = EDGE_CURVE('',#372,#364,#374,.T.);
#372 = VERTEX_POINT('',#373);
#373 = CARTESIAN_POINT('',(-6.470476127563,-60.,24.148145657227));
#374 = CIRCLE('',#375,25.);
#375 = AXIS2_PLACEMENT_3D('',#376,#377,#378);
#376 = CARTESIAN_POINT('',(0.,-60.,-3.155443620884E-30));
#377 = DIRECTION('',(0.,-1.,2.22044604925E-16));
#378 = DIRECTION('',(0.866025403784,1.110223024625E-16,0.5));
#379 = ORIENTED_EDGE('',*,*,#380,.T.);
#380 = EDGE_CURVE('',#372,#381,#383,.T.);
#381 = VERTEX_POINT('',#382);
#382 = CARTESIAN_POINT('',(-6.470476127563,-58.28775377041,
    24.148145657227));
#383 = LINE('',#384,#385);
#384 = CARTESIAN_POINT('',(-6.470476127563,-60.,24.148145657227));
#385 = VECTOR('',#386,1.);
#386 = DIRECTION('',(0.,1.,-2.22044604925E-16));
#387 = ORIENTED_EDGE('',*,*,#388,.T.);
#388 = EDGE_CURVE('',#381,#389,#391,.T.);
#389 = VERTEX_POINT('',#390);
#390 = CARTESIAN_POINT('',(-2.23575413424E-13,-58.28775377041,25.));
#391 = CIRCLE('',#392,25.);
#392 = AXIS2_PLACEMENT_3D('',#393,#394,#395);
#393 = CARTESIAN_POINT('',(0.,-58.28775377041,0.));
#394 = DIRECTION('',(-0.,1.,0.));
#395 = DIRECTION('',(1.,0.,0.));
#396 = ORIENTED_EDGE('',*,*,#397,.F.);
#397 = EDGE_CURVE('',#398,#389,#400,.T.);
#398 = VERTEX_POINT('',#399);
#399 = CARTESIAN_POINT('',(1.530808498934E-15,-60.,25.));
#400 = LINE('',#401,#402);
#401 = CARTESIAN_POINT('',(1.530808498934E-15,-60.,25.));
#402 = VECTOR('',#403,1.);
#403 = DIRECTION('',(0.,1.,-2.22044604925E-16));
#404 = ORIENTED_EDGE('',*,*,#405,.F.);
#405 = EDGE_CURVE('',#406,#398,#408,.T.);
#406 = VERTEX_POINT('',#407);
#407 = CARTESIAN_POINT('',(6.470476127563,-60.,24.148145657227));
#408 = CIRCLE('',#409,25.);
#409 = AXIS2_PLACEMENT_3D('',#410,#411,#412);
#410 = CARTESIAN_POINT('',(0.,-60.,0.));
#411 = DIRECTION('',(0.,-1.,2.22044604925E-16));
#412 = DIRECTION('',(1.,0.,0.));
#413 = ORIENTED_EDGE('',*,*,#414,.T.);
#414 = EDGE_CURVE('',#406,#415,#417,.T.);
#415 = VERTEX_POINT('',#416);
#416 = CARTESIAN_POINT('',(6.470476127563,-58.28775377041,
    24.148145657227));
#417 = LINE('',#418,#419);
#418 = CARTESIAN_POINT('',(6.470476127563,-60.,24.148145657227));
#419 = VECTOR('',#420,1.);
#420 = DIRECTION('',(0.,1.,-2.22044604925E-16));
#421 = ORIENTED_EDGE('',*,*,#422,.T.);
#422 = EDGE_CURVE('',#415,#423,#425,.T.);
#423 = VERTEX_POINT('',#424);
#424 = CARTESIAN_POINT('',(12.5,-58.28775377041,21.650635094611));
#425 = CIRCLE('',#426,25.);
#426 = AXIS2_PLACEMENT_3D('',#427,#428,#429);
#427 = CARTESIAN_POINT('',(0.,-58.28775377041,0.));
#428 = DIRECTION('',(-0.,1.,0.));
#429 = DIRECTION('',(1.,0.,0.));
#430 = ORIENTED_EDGE('',*,*,#431,.F.);
#431 = EDGE_CURVE('',#432,#423,#434,.T.);
#432 = VERTEX_POINT('',#433);
#433 = CARTESIAN_POINT('',(12.5,-60.,21.650635094611));
#434 = LINE('',#435,#436);
#435 = CARTESIAN_POINT('',(12.5,-60.,21.650635094611));
#436 = VECTOR('',#437,1.);
#437 = DIRECTION('',(0.,1.,-2.22044604925E-16));
#438 = ORIENTED_EDGE('',*,*,#439,.F.);
#439 = EDGE_CURVE('',#440,#432,#442,.T.);
#440 = VERTEX_POINT('',#441);
#441 = CARTESIAN_POINT('',(17.677669529664,-60.,17.677669529664));
#442 = CIRCLE('',#443,25.);
#443 = AXIS2_PLACEMENT_3D('',#444,#445,#446);
#444 = CARTESIAN_POINT('',(0.,-60.,-3.155443620884E-30));
#445 = DIRECTION('',(0.,-1.,2.22044604925E-16));
#446 = DIRECTION('',(0.866025403784,-1.110223024625E-16,-0.5));
#447 = ORIENTED_EDGE('',*,*,#448,.T.);
#448 = EDGE_CURVE('',#440,#449,#451,.T.);
#449 = VERTEX_POINT('',#450);
#450 = CARTESIAN_POINT('',(17.677669529663,-58.28775377041,
    17.677669529664));
#451 = LINE('',#452,#453);
#452 = CARTESIAN_POINT('',(17.677669529664,-60.,17.677669529664));
#453 = VECTOR('',#454,1.);
#454 = DIRECTION('',(0.,1.,-2.22044604925E-16));
#455 = ORIENTED_EDGE('',*,*,#456,.T.);
#456 = EDGE_CURVE('',#449,#457,#459,.T.);
#457 = VERTEX_POINT('',#458);
#458 = CARTESIAN_POINT('',(21.650635094611,-58.28775377041,12.5));
#459 = CIRCLE('',#460,25.);
#460 = AXIS2_PLACEMENT_3D('',#461,#462,#463);
#461 = CARTESIAN_POINT('',(0.,-58.28775377041,0.));
#462 = DIRECTION('',(-0.,1.,0.));
#463 = DIRECTION('',(1.,0.,0.));
#464 = ORIENTED_EDGE('',*,*,#465,.F.);
#465 = EDGE_CURVE('',#466,#457,#468,.T.);
#466 = VERTEX_POINT('',#467);
#467 = CARTESIAN_POINT('',(21.650635094611,-60.,12.5));
#468 = LINE('',#469,#470);
#469 = CARTESIAN_POINT('',(21.650635094611,-60.,12.5));
#470 = VECTOR('',#471,1.);
#471 = DIRECTION('',(0.,1.,-2.22044604925E-16));
#472 = ORIENTED_EDGE('',*,*,#473,.F.);
#473 = EDGE_CURVE('',#474,#466,#476,.T.);
#474 = VERTEX_POINT('',#475);
#475 = CARTESIAN_POINT('',(24.148145657227,-60.,6.470476127563));
#476 = CIRCLE('',#477,25.);
#477 = AXIS2_PLACEMENT_3D('',#478,#479,#480);
#478 = CARTESIAN_POINT('',(0.,-60.,0.));
#479 = DIRECTION('',(0.,-1.,2.22044604925E-16));
#480 = DIRECTION('',(0.5,-1.922962686384E-16,-0.866025403784));
#481 = ORIENTED_EDGE('',*,*,#482,.T.);
#482 = EDGE_CURVE('',#474,#483,#485,.T.);
#483 = VERTEX_POINT('',#484);
#484 = CARTESIAN_POINT('',(24.148145657227,-58.28775377041,
    6.470476127563));
#485 = LINE('',#486,#487);
#486 = CARTESIAN_POINT('',(24.148145657227,-60.,6.470476127563));
#487 = VECTOR('',#488,1.);
#488 = DIRECTION('',(0.,1.,-2.22044604925E-16));
#489 = ORIENTED_EDGE('',*,*,#490,.T.);
#490 = EDGE_CURVE('',#483,#491,#493,.T.);
#491 = VERTEX_POINT('',#492);
#492 = CARTESIAN_POINT('',(25.,-58.28775377041,0.));
#493 = CIRCLE('',#494,25.);
#494 = AXIS2_PLACEMENT_3D('',#495,#496,#497);
#495 = CARTESIAN_POINT('',(0.,-58.28775377041,0.));
#496 = DIRECTION('',(-0.,1.,0.));
#497 = DIRECTION('',(1.,0.,0.));
#498 = ORIENTED_EDGE('',*,*,#499,.T.);
#499 = EDGE_CURVE('',#491,#159,#500,.T.);
#500 = B_SPLINE_CURVE_WITH_KNOTS('',1,(#501,#502),.UNSPECIFIED.,.F.,.F.,
  (2,2),(-23.28775377041,0.),.PIECEWISE_BEZIER_KNOTS.);
#501 = CARTESIAN_POINT('',(25.,-58.28775377041,-5.170920085544E-15));
#502 = CARTESIAN_POINT('',(25.,-35.,0.));
#503 = ORIENTED_EDGE('',*,*,#167,.F.);
#504 = ORIENTED_EDGE('',*,*,#176,.T.);
#505 = ORIENTED_EDGE('',*,*,#185,.F.);
#506 = ORIENTED_EDGE('',*,*,#194,.T.);
#507 = ORIENTED_EDGE('',*,*,#203,.F.);
#508 = ORIENTED_EDGE('',*,*,#212,.T.);
#509 = ORIENTED_EDGE('',*,*,#221,.F.);
#510 = ORIENTED_EDGE('',*,*,#230,.T.);
#511 = ORIENTED_EDGE('',*,*,#239,.F.);
#512 = ORIENTED_EDGE('',*,*,#248,.T.);
#513 = ORIENTED_EDGE('',*,*,#257,.F.);
#514 = ORIENTED_EDGE('',*,*,#266,.T.);
#515 = ORIENTED_EDGE('',*,*,#57,.F.);
#516 = ORIENTED_EDGE('',*,*,#68,.T.);
#517 = ORIENTED_EDGE('',*,*,#77,.F.);
#518 = ORIENTED_EDGE('',*,*,#86,.T.);
#519 = ORIENTED_EDGE('',*,*,#95,.F.);
#520 = ORIENTED_EDGE('',*,*,#104,.T.);
#521 = ORIENTED_EDGE('',*,*,#113,.F.);
#522 = ORIENTED_EDGE('',*,*,#122,.T.);
#523 = ORIENTED_EDGE('',*,*,#131,.F.);
#524 = ORIENTED_EDGE('',*,*,#140,.T.);
#525 = ORIENTED_EDGE('',*,*,#149,.F.);
#526 = ORIENTED_EDGE('',*,*,#158,.T.);
#527 = ORIENTED_EDGE('',*,*,#499,.F.);
#528 = ORIENTED_EDGE('',*,*,#529,.F.);
#529 = EDGE_CURVE('',#530,#491,#532,.T.);
#530 = VERTEX_POINT('',#531);
#531 = CARTESIAN_POINT('',(25.,-60.,-7.08192362206E-15));
#532 = LINE('',#533,#534);
#533 = CARTESIAN_POINT('',(25.,-60.,-7.08192362206E-15));
#534 = VECTOR('',#535,1.);
#535 = DIRECTION('',(0.,1.,-2.22044604925E-16));
#536 = ORIENTED_EDGE('',*,*,#537,.F.);
#537 = EDGE_CURVE('',#538,#530,#540,.T.);
#538 = VERTEX_POINT('',#539);
#539 = CARTESIAN_POINT('',(24.148145657227,-60.,-6.470476127563));
#540 = CIRCLE('',#541,25.);
#541 = AXIS2_PLACEMENT_3D('',#542,#543,#544);
#542 = CARTESIAN_POINT('',(0.,-60.,-3.155443620884E-30));
#543 = DIRECTION('',(8.75811540203E-47,-1.,2.22044604925E-16));
#544 = DIRECTION('',(-2.22044604925E-16,-2.22044604925E-16,-1.));
#545 = ORIENTED_EDGE('',*,*,#546,.T.);
#546 = EDGE_CURVE('',#538,#547,#549,.T.);
#547 = VERTEX_POINT('',#548);
#548 = CARTESIAN_POINT('',(24.148145657227,-58.28775377041,
    -6.470476127563));
#549 = LINE('',#550,#551);
#550 = CARTESIAN_POINT('',(24.148145657227,-60.,-6.470476127563));
#551 = VECTOR('',#552,1.);
#552 = DIRECTION('',(0.,1.,-2.22044604925E-16));
#553 = ORIENTED_EDGE('',*,*,#554,.T.);
#554 = EDGE_CURVE('',#547,#555,#557,.T.);
#555 = VERTEX_POINT('',#556);
#556 = CARTESIAN_POINT('',(21.650635094611,-58.28775377041,-12.5));
#557 = CIRCLE('',#558,25.);
#558 = AXIS2_PLACEMENT_3D('',#559,#560,#561);
#559 = CARTESIAN_POINT('',(0.,-58.28775377041,0.));
#560 = DIRECTION('',(-0.,1.,0.));
#561 = DIRECTION('',(1.,0.,0.));
#562 = ORIENTED_EDGE('',*,*,#563,.F.);
#563 = EDGE_CURVE('',#564,#555,#566,.T.);
#564 = VERTEX_POINT('',#565);
#565 = CARTESIAN_POINT('',(21.650635094611,-60.,-12.5));
#566 = LINE('',#567,#568);
#567 = CARTESIAN_POINT('',(21.650635094611,-60.,-12.5));
#568 = VECTOR('',#569,1.);
#569 = DIRECTION('',(0.,1.,-2.22044604925E-16));
#570 = ORIENTED_EDGE('',*,*,#571,.F.);
#571 = EDGE_CURVE('',#572,#564,#574,.T.);
#572 = VERTEX_POINT('',#573);
#573 = CARTESIAN_POINT('',(17.677669529664,-60.,-17.67766952966));
#574 = CIRCLE('',#575,25.);
#575 = AXIS2_PLACEMENT_3D('',#576,#577,#578);
#576 = CARTESIAN_POINT('',(0.,-60.,0.));
#577 = DIRECTION('',(0.,-1.,2.22044604925E-16));
#578 = DIRECTION('',(-0.5,-1.922962686384E-16,-0.866025403784));
#579 = ORIENTED_EDGE('',*,*,#580,.T.);
#580 = EDGE_CURVE('',#572,#581,#583,.T.);
#581 = VERTEX_POINT('',#582);
#582 = CARTESIAN_POINT('',(17.677669529663,-58.28775377041,
    -17.67766952966));
#583 = LINE('',#584,#585);
#584 = CARTESIAN_POINT('',(17.677669529664,-60.,-17.67766952966));
#585 = VECTOR('',#586,1.);
#586 = DIRECTION('',(0.,1.,-2.22044604925E-16));
#587 = ORIENTED_EDGE('',*,*,#588,.T.);
#588 = EDGE_CURVE('',#581,#589,#591,.T.);
#589 = VERTEX_POINT('',#590);
#590 = CARTESIAN_POINT('',(12.5,-58.28775377041,-21.65063509461));
#591 = CIRCLE('',#592,25.);
#592 = AXIS2_PLACEMENT_3D('',#593,#594,#595);
#593 = CARTESIAN_POINT('',(0.,-58.28775377041,0.));
#594 = DIRECTION('',(-0.,1.,0.));
#595 = DIRECTION('',(1.,0.,0.));
#596 = ORIENTED_EDGE('',*,*,#597,.F.);
#597 = EDGE_CURVE('',#598,#589,#600,.T.);
#598 = VERTEX_POINT('',#599);
#599 = CARTESIAN_POINT('',(12.5,-60.,-21.65063509461));
#600 = LINE('',#601,#602);
#601 = CARTESIAN_POINT('',(12.5,-60.,-21.65063509461));
#602 = VECTOR('',#603,1.);
#603 = DIRECTION('',(0.,1.,-2.22044604925E-16));
#604 = ORIENTED_EDGE('',*,*,#605,.F.);
#605 = EDGE_CURVE('',#606,#598,#608,.T.);
#606 = VERTEX_POINT('',#607);
#607 = CARTESIAN_POINT('',(6.470476127563,-60.,-24.14814565722));
#608 = CIRCLE('',#609,25.);
#609 = AXIS2_PLACEMENT_3D('',#610,#611,#612);
#610 = CARTESIAN_POINT('',(0.,-60.,-6.310887241768E-30));
#611 = DIRECTION('',(0.,-1.,2.22044604925E-16));
#612 = DIRECTION('',(-0.866025403784,-1.110223024625E-16,-0.5));
#613 = ORIENTED_EDGE('',*,*,#614,.T.);
#614 = EDGE_CURVE('',#606,#615,#617,.T.);
#615 = VERTEX_POINT('',#616);
#616 = CARTESIAN_POINT('',(6.470476127563,-58.28775377041,
    -24.14814565722));
#617 = LINE('',#618,#619);
#618 = CARTESIAN_POINT('',(6.470476127563,-60.,-24.14814565722));
#619 = VECTOR('',#620,1.);
#620 = DIRECTION('',(0.,1.,-2.22044604925E-16));
#621 = ORIENTED_EDGE('',*,*,#622,.T.);
#622 = EDGE_CURVE('',#615,#623,#625,.T.);
#623 = VERTEX_POINT('',#624);
#624 = CARTESIAN_POINT('',(-2.152487407393E-13,-58.28775377041,-25.));
#625 = CIRCLE('',#626,25.);
#626 = AXIS2_PLACEMENT_3D('',#627,#628,#629);
#627 = CARTESIAN_POINT('',(0.,-58.28775377041,0.));
#628 = DIRECTION('',(-0.,1.,0.));
#629 = DIRECTION('',(1.,0.,0.));
#630 = ORIENTED_EDGE('',*,*,#631,.F.);
#631 = EDGE_CURVE('',#632,#623,#634,.T.);
#632 = VERTEX_POINT('',#633);
#633 = CARTESIAN_POINT('',(-4.592425496803E-15,-60.,-25.));
#634 = LINE('',#635,#636);
#635 = CARTESIAN_POINT('',(-4.592425496803E-15,-60.,-25.));
#636 = VECTOR('',#637,1.);
#637 = DIRECTION('',(0.,1.,-2.22044604925E-16));
#638 = ORIENTED_EDGE('',*,*,#639,.F.);
#639 = EDGE_CURVE('',#640,#632,#642,.T.);
#640 = VERTEX_POINT('',#641);
#641 = CARTESIAN_POINT('',(-6.470476127563,-60.,-24.14814565722));
#642 = CIRCLE('',#643,25.);
#643 = AXIS2_PLACEMENT_3D('',#644,#645,#646);
#644 = CARTESIAN_POINT('',(0.,-60.,0.));
#645 = DIRECTION('',(0.,-1.,2.22044604925E-16));
#646 = DIRECTION('',(-1.,2.719262146894E-32,1.224646799147E-16));
#647 = ORIENTED_EDGE('',*,*,#648,.T.);
#648 = EDGE_CURVE('',#640,#649,#651,.T.);
#649 = VERTEX_POINT('',#650);
#650 = CARTESIAN_POINT('',(-6.470476127563,-58.28775377041,
    -24.14814565722));
#651 = LINE('',#652,#653);
#652 = CARTESIAN_POINT('',(-6.470476127563,-60.,-24.14814565722));
#653 = VECTOR('',#654,1.);
#654 = DIRECTION('',(0.,1.,-2.22044604925E-16));
#655 = ORIENTED_EDGE('',*,*,#656,.T.);
#656 = EDGE_CURVE('',#649,#657,#659,.T.);
#657 = VERTEX_POINT('',#658);
#658 = CARTESIAN_POINT('',(-12.5,-58.28775377041,-21.65063509461));
#659 = CIRCLE('',#660,25.);
#660 = AXIS2_PLACEMENT_3D('',#661,#662,#663);
#661 = CARTESIAN_POINT('',(0.,-58.28775377041,0.));
#662 = DIRECTION('',(-0.,1.,0.));
#663 = DIRECTION('',(1.,0.,0.));
#664 = ORIENTED_EDGE('',*,*,#665,.F.);
#665 = EDGE_CURVE('',#666,#657,#668,.T.);
#666 = VERTEX_POINT('',#667);
#667 = CARTESIAN_POINT('',(-12.5,-60.,-21.65063509461));
#668 = LINE('',#669,#670);
#669 = CARTESIAN_POINT('',(-12.5,-60.,-21.65063509461));
#670 = VECTOR('',#671,1.);
#671 = DIRECTION('',(0.,1.,-2.22044604925E-16));
#672 = ORIENTED_EDGE('',*,*,#673,.F.);
#673 = EDGE_CURVE('',#674,#666,#676,.T.);
#674 = VERTEX_POINT('',#675);
#675 = CARTESIAN_POINT('',(-17.67766952966,-60.,-17.67766952966));
#676 = CIRCLE('',#677,25.);
#677 = AXIS2_PLACEMENT_3D('',#678,#679,#680);
#678 = CARTESIAN_POINT('',(0.,-60.,-6.310887241768E-30));
#679 = DIRECTION('',(0.,-1.,2.22044604925E-16));
#680 = DIRECTION('',(-0.866025403784,1.110223024625E-16,0.5));
#681 = ORIENTED_EDGE('',*,*,#682,.T.);
#682 = EDGE_CURVE('',#674,#683,#685,.T.);
#683 = VERTEX_POINT('',#684);
#684 = CARTESIAN_POINT('',(-17.67766952966,-58.28775377041,
    -17.67766952966));
#685 = LINE('',#686,#687);
#686 = CARTESIAN_POINT('',(-17.67766952966,-60.,-17.67766952966));
#687 = VECTOR('',#688,1.);
#688 = DIRECTION('',(0.,1.,-2.22044604925E-16));
#689 = ORIENTED_EDGE('',*,*,#690,.T.);
#690 = EDGE_CURVE('',#683,#691,#693,.T.);
#691 = VERTEX_POINT('',#692);
#692 = CARTESIAN_POINT('',(-21.65063509461,-58.28775377041,-12.5));
#693 = CIRCLE('',#694,25.);
#694 = AXIS2_PLACEMENT_3D('',#695,#696,#697);
#695 = CARTESIAN_POINT('',(0.,-58.28775377041,0.));
#696 = DIRECTION('',(-0.,1.,0.));
#697 = DIRECTION('',(1.,0.,0.));
#698 = ORIENTED_EDGE('',*,*,#699,.F.);
#699 = EDGE_CURVE('',#700,#691,#702,.T.);
#700 = VERTEX_POINT('',#701);
#701 = CARTESIAN_POINT('',(-21.65063509461,-60.,-12.5));
#702 = LINE('',#703,#704);
#703 = CARTESIAN_POINT('',(-21.65063509461,-60.,-12.5));
#704 = VECTOR('',#705,1.);
#705 = DIRECTION('',(0.,1.,-2.22044604925E-16));
#706 = ORIENTED_EDGE('',*,*,#707,.F.);
#707 = EDGE_CURVE('',#708,#700,#710,.T.);
#708 = VERTEX_POINT('',#709);
#709 = CARTESIAN_POINT('',(-24.14814565722,-60.,-6.470476127563));
#710 = CIRCLE('',#711,25.);
#711 = AXIS2_PLACEMENT_3D('',#712,#713,#714);
#712 = CARTESIAN_POINT('',(0.,-60.,0.));
#713 = DIRECTION('',(0.,-1.,2.22044604925E-16));
#714 = DIRECTION('',(-0.5,1.922962686384E-16,0.866025403784));
#715 = ORIENTED_EDGE('',*,*,#716,.T.);
#716 = EDGE_CURVE('',#708,#717,#719,.T.);
#717 = VERTEX_POINT('',#718);
#718 = CARTESIAN_POINT('',(-24.14814565722,-58.28775377041,
    -6.470476127563));
#719 = LINE('',#720,#721);
#720 = CARTESIAN_POINT('',(-24.14814565722,-60.,-6.470476127563));
#721 = VECTOR('',#722,1.);
#722 = DIRECTION('',(0.,1.,-2.22044604925E-16));
#723 = ORIENTED_EDGE('',*,*,#724,.T.);
#724 = EDGE_CURVE('',#717,#725,#727,.T.);
#725 = VERTEX_POINT('',#726);
#726 = CARTESIAN_POINT('',(-25.,-58.28775377041,2.946413785382E-13));
#727 = CIRCLE('',#728,25.);
#728 = AXIS2_PLACEMENT_3D('',#729,#730,#731);
#729 = CARTESIAN_POINT('',(0.,-58.28775377041,0.));
#730 = DIRECTION('',(-0.,1.,0.));
#731 = DIRECTION('',(1.,0.,0.));
#732 = ORIENTED_EDGE('',*,*,#733,.F.);
#733 = EDGE_CURVE('',#304,#725,#734,.T.);
#734 = LINE('',#735,#736);
#735 = CARTESIAN_POINT('',(-25.,-60.,4.306366060497E-15));
#736 = VECTOR('',#737,1.);
#737 = DIRECTION('',(0.,1.,-2.22044604925E-16));
#738 = CYLINDRICAL_SURFACE('',#739,25.);
#739 = AXIS2_PLACEMENT_3D('',#740,#741,#742);
#740 = CARTESIAN_POINT('',(0.,-35.,0.));
#741 = DIRECTION('',(0.,1.,2.22044604925E-16));
#742 = DIRECTION('',(1.,0.,0.));
#743 = ADVANCED_FACE('',(#744),#763,.T.);
#744 = FACE_BOUND('',#745,.T.);
#745 = EDGE_LOOP('',(#746,#754,#755,#756));
#746 = ORIENTED_EDGE('',*,*,#747,.T.);
#747 = EDGE_CURVE('',#748,#282,#750,.T.);
#748 = VERTEX_POINT('',#749);
#749 = CARTESIAN_POINT('',(29.,-60.,0.));
#750 = LINE('',#751,#752);
#751 = CARTESIAN_POINT('',(29.,-60.,0.));
#752 = VECTOR('',#753,1.);
#753 = DIRECTION('',(-0.,1.,-2.22044604925E-16));
#754 = ORIENTED_EDGE('',*,*,#281,.T.);
#755 = ORIENTED_EDGE('',*,*,#747,.F.);
#756 = ORIENTED_EDGE('',*,*,#757,.F.);
#757 = EDGE_CURVE('',#748,#748,#758,.T.);
#758 = CIRCLE('',#759,29.);
#759 = AXIS2_PLACEMENT_3D('',#760,#761,#762);
#760 = CARTESIAN_POINT('',(0.,-60.,0.));
#761 = DIRECTION('',(0.,-1.,2.22044604925E-16));
#762 = DIRECTION('',(1.,0.,0.));
#763 = CYLINDRICAL_SURFACE('',#764,29.);
#764 = AXIS2_PLACEMENT_3D('',#765,#766,#767);
#765 = CARTESIAN_POINT('',(0.,-60.,0.));
#766 = DIRECTION('',(0.,-1.,2.22044604925E-16));
#767 = DIRECTION('',(1.,0.,0.));
#768 = ADVANCED_FACE('',(#769),#846,.F.);
#769 = FACE_BOUND('',#770,.F.);
#770 = EDGE_LOOP('',(#771,#779,#788,#796,#805,#813,#822,#830,#839,#845)
  );
#771 = ORIENTED_EDGE('',*,*,#772,.F.);
#772 = EDGE_CURVE('',#773,#302,#775,.T.);
#773 = VERTEX_POINT('',#774);
#774 = CARTESIAN_POINT('',(-18.93214619526,-60.,5.072853284009));
#775 = LINE('',#776,#777);
#776 = CARTESIAN_POINT('',(-9.659258262891,-60.,2.588190451025));
#777 = VECTOR('',#778,1.);
#778 = DIRECTION('',(-0.965925826289,5.746937261686E-17,0.258819045103)
  );
#779 = ORIENTED_EDGE('',*,*,#780,.T.);
#780 = EDGE_CURVE('',#773,#781,#783,.T.);
#781 = VERTEX_POINT('',#782);
#782 = CARTESIAN_POINT('',(-15.8588086521,-58.42413837779,4.249354971252
    ));
#783 = CIRCLE('',#784,4.);
#784 = AXIS2_PLACEMENT_3D('',#785,#786,#787);
#785 = CARTESIAN_POINT('',(-18.93214619526,-56.,5.072853284009));
#786 = DIRECTION('',(0.258819045103,2.144786184852E-16,0.965925826289));
#787 = DIRECTION('',(-0.965925826289,-5.746937261686E-17,0.258819045103)
  );
#788 = ORIENTED_EDGE('',*,*,#789,.F.);
#789 = EDGE_CURVE('',#790,#781,#792,.T.);
#790 = VERTEX_POINT('',#791);
#791 = CARTESIAN_POINT('',(-10.81897728638,-51.5758616222,2.898936226818
    ));
#792 = LINE('',#793,#794);
#793 = CARTESIAN_POINT('',(0.,-36.87470491812,0.));
#794 = VECTOR('',#795,1.);
#795 = DIRECTION('',(-0.585384466403,-0.795438288198,0.156853295034));
#796 = ORIENTED_EDGE('',*,*,#797,.F.);
#797 = EDGE_CURVE('',#798,#790,#800,.T.);
#798 = VERTEX_POINT('',#799);
#799 = CARTESIAN_POINT('',(-9.659258262891,-50.5250684903,2.588190451025
    ));
#800 = CIRCLE('',#801,4.);
#801 = AXIS2_PLACEMENT_3D('',#802,#803,#804);
#802 = CARTESIAN_POINT('',(-7.745639743228,-54.,2.07543791406));
#803 = DIRECTION('',(0.258819045103,2.144786184852E-16,0.965925826289));
#804 = DIRECTION('',(-0.965925826289,-5.746937261686E-17,0.258819045103)
  );
#805 = ORIENTED_EDGE('',*,*,#806,.T.);
#806 = EDGE_CURVE('',#798,#807,#809,.T.);
#807 = VERTEX_POINT('',#808);
#808 = CARTESIAN_POINT('',(-9.659258262891,-45.64983475414,
    2.588190451025));
#809 = LINE('',#810,#811);
#810 = CARTESIAN_POINT('',(-9.659258262891,-60.,2.588190451025));
#811 = VECTOR('',#812,1.);
#812 = DIRECTION('',(0.,1.,-2.22044604925E-16));
#813 = ORIENTED_EDGE('',*,*,#814,.F.);
#814 = EDGE_CURVE('',#815,#807,#817,.T.);
#815 = VERTEX_POINT('',#816);
#816 = CARTESIAN_POINT('',(-10.44962402489,-48.07397313194,
    2.799968318678));
#817 = CIRCLE('',#818,4.);
#818 = AXIS2_PLACEMENT_3D('',#819,#820,#821);
#819 = CARTESIAN_POINT('',(-13.52296156804,-45.64983475414,
    3.623466631435));
#820 = DIRECTION('',(0.258819045103,2.144786184852E-16,0.965925826289));
#821 = DIRECTION('',(-0.965925826289,-5.746937261686E-17,0.258819045103)
  );
#822 = ORIENTED_EDGE('',*,*,#823,.T.);
#823 = EDGE_CURVE('',#815,#824,#826,.T.);
#824 = VERTEX_POINT('',#825);
#825 = CARTESIAN_POINT('',(-16.80650134548,-56.71189214821,
    4.503288463115));
#826 = LINE('',#827,#828);
#827 = CARTESIAN_POINT('',(0.,-33.87470491812,0.));
#828 = VECTOR('',#829,1.);
#829 = DIRECTION('',(-0.585384466403,-0.795438288198,0.156853295034));
#830 = ORIENTED_EDGE('',*,*,#831,.F.);
#831 = EDGE_CURVE('',#832,#824,#834,.T.);
#832 = VERTEX_POINT('',#833);
#833 = CARTESIAN_POINT('',(-19.87983888863,-58.28775377041,
    5.326786775872));
#834 = CIRCLE('',#835,4.);
#835 = AXIS2_PLACEMENT_3D('',#836,#837,#838);
#836 = CARTESIAN_POINT('',(-19.87983888863,-54.28775377041,
    5.326786775872));
#837 = DIRECTION('',(0.258819045103,2.144786184852E-16,0.965925826289));
#838 = DIRECTION('',(-0.965925826289,-5.746937261686E-17,0.258819045103)
  );
#839 = ORIENTED_EDGE('',*,*,#840,.F.);
#840 = EDGE_CURVE('',#313,#832,#841,.T.);
#841 = LINE('',#842,#843);
#842 = CARTESIAN_POINT('',(-4.829629131445,-58.28775377041,
    1.294095225513));
#843 = VECTOR('',#844,1.);
#844 = DIRECTION('',(0.965925826289,0.,-0.258819045103));
#845 = ORIENTED_EDGE('',*,*,#312,.F.);
#846 = PLANE('',#847);
#847 = AXIS2_PLACEMENT_3D('',#848,#849,#850);
#848 = CARTESIAN_POINT('',(-9.659258262891,-60.,2.588190451025));
#849 = DIRECTION('',(0.258819045103,2.144786184852E-16,0.965925826289));
#850 = DIRECTION('',(-0.965925826289,5.746937261686E-17,0.258819045103)
  );
#851 = ADVANCED_FACE('',(#852),#871,.T.);
#852 = FACE_BOUND('',#853,.F.);
#853 = EDGE_LOOP('',(#854,#863,#869,#870));
#854 = ORIENTED_EDGE('',*,*,#855,.T.);
#855 = EDGE_CURVE('',#832,#856,#858,.T.);
#856 = VERTEX_POINT('',#857);
#857 = CARTESIAN_POINT('',(-17.8237759382,-58.28775377041,
    10.290561835899));
#858 = CIRCLE('',#859,20.581123671798);
#859 = AXIS2_PLACEMENT_3D('',#860,#861,#862);
#860 = CARTESIAN_POINT('',(0.,-58.28775377041,0.));
#861 = DIRECTION('',(-0.,1.,0.));
#862 = DIRECTION('',(1.,0.,0.));
#863 = ORIENTED_EDGE('',*,*,#864,.F.);
#864 = EDGE_CURVE('',#321,#856,#865,.T.);
#865 = LINE('',#866,#867);
#866 = CARTESIAN_POINT('',(-4.330127018922,-58.28775377041,2.5));
#867 = VECTOR('',#868,1.);
#868 = DIRECTION('',(0.866025403784,0.,-0.5));
#869 = ORIENTED_EDGE('',*,*,#320,.F.);
#870 = ORIENTED_EDGE('',*,*,#840,.T.);
#871 = PLANE('',#872);
#872 = AXIS2_PLACEMENT_3D('',#873,#874,#875);
#873 = CARTESIAN_POINT('',(0.,-58.28775377041,0.));
#874 = DIRECTION('',(0.,1.,0.));
#875 = DIRECTION('',(1.,0.,0.));
#876 = ADVANCED_FACE('',(#877),#947,.T.);
#877 = FACE_BOUND('',#878,.T.);
#878 = EDGE_LOOP('',(#879,#887,#896,#904,#913,#921,#930,#938,#945,#946)
  );
#879 = ORIENTED_EDGE('',*,*,#880,.F.);
#880 = EDGE_CURVE('',#881,#330,#883,.T.);
#881 = VERTEX_POINT('',#882);
#882 = CARTESIAN_POINT('',(-16.97409791417,-60.,9.8));
#883 = LINE('',#884,#885);
#884 = CARTESIAN_POINT('',(-8.660254037844,-60.,5.));
#885 = VECTOR('',#886,1.);
#886 = DIRECTION('',(-0.866025403784,1.110223024625E-16,0.5));
#887 = ORIENTED_EDGE('',*,*,#888,.T.);
#888 = EDGE_CURVE('',#881,#889,#891,.T.);
#889 = VERTEX_POINT('',#890);
#890 = CARTESIAN_POINT('',(-14.21861885528,-58.42413837779,
    8.209123423605));
#891 = CIRCLE('',#892,4.);
#892 = AXIS2_PLACEMENT_3D('',#893,#894,#895);
#893 = CARTESIAN_POINT('',(-16.97409791417,-56.,9.8));
#894 = DIRECTION('',(0.5,1.922962686384E-16,0.866025403784));
#895 = DIRECTION('',(-0.866025403784,-1.110223024625E-16,0.5));
#896 = ORIENTED_EDGE('',*,*,#897,.F.);
#897 = EDGE_CURVE('',#898,#889,#900,.T.);
#898 = VERTEX_POINT('',#899);
#899 = CARTESIAN_POINT('',(-9.700029668916,-51.5758616222,5.600314740496
    ));
#900 = LINE('',#901,#902);
#901 = CARTESIAN_POINT('',(0.,-36.87470491812,0.));
#902 = VECTOR('',#903,1.);
#903 = DIRECTION('',(-0.524841354365,-0.795438288198,0.303017297225));
#904 = ORIENTED_EDGE('',*,*,#905,.F.);
#905 = EDGE_CURVE('',#906,#898,#908,.T.);
#906 = VERTEX_POINT('',#907);
#907 = CARTESIAN_POINT('',(-8.660254037844,-50.5250684903,5.));
#908 = CIRCLE('',#909,4.);
#909 = AXIS2_PLACEMENT_3D('',#910,#911,#912);
#910 = CARTESIAN_POINT('',(-6.944550610029,-54.,4.009438164101));
#911 = DIRECTION('',(0.5,1.922962686384E-16,0.866025403784));
#912 = DIRECTION('',(-0.866025403784,-1.110223024625E-16,0.5));
#913 = ORIENTED_EDGE('',*,*,#914,.T.);
#914 = EDGE_CURVE('',#906,#915,#917,.T.);
#915 = VERTEX_POINT('',#916);
#916 = CARTESIAN_POINT('',(-8.660254037844,-45.64983475414,5.));
#917 = LINE('',#918,#919);
#918 = CARTESIAN_POINT('',(-8.660254037844,-60.,5.));
#919 = VECTOR('',#920,1.);
#920 = DIRECTION('',(0.,1.,-2.22044604925E-16));
#921 = ORIENTED_EDGE('',*,*,#922,.F.);
#922 = EDGE_CURVE('',#923,#915,#925,.T.);
#923 = VERTEX_POINT('',#924);
#924 = CARTESIAN_POINT('',(-9.368876594095,-48.07397313194,
    5.409123423605));
#925 = CIRCLE('',#926,4.);
#926 = AXIS2_PLACEMENT_3D('',#927,#928,#929);
#927 = CARTESIAN_POINT('',(-12.12435565298,-45.64983475414,7.));
#928 = DIRECTION('',(0.5,1.922962686384E-16,0.866025403784));
#929 = DIRECTION('',(-0.866025403784,-1.110223024625E-16,0.5));
#930 = ORIENTED_EDGE('',*,*,#931,.T.);
#931 = EDGE_CURVE('',#923,#932,#934,.T.);
#932 = VERTEX_POINT('',#933);
#933 = CARTESIAN_POINT('',(-15.06829687931,-56.71189214821,
    8.699685259504));
#934 = LINE('',#935,#936);
#935 = CARTESIAN_POINT('',(0.,-33.87470491812,0.));
#936 = VECTOR('',#937,1.);
#937 = DIRECTION('',(-0.524841354365,-0.795438288198,0.303017297225));
#938 = ORIENTED_EDGE('',*,*,#939,.F.);
#939 = EDGE_CURVE('',#856,#932,#940,.T.);
#940 = CIRCLE('',#941,4.);
#941 = AXIS2_PLACEMENT_3D('',#942,#943,#944);
#942 = CARTESIAN_POINT('',(-17.8237759382,-54.28775377041,
    10.290561835899));
#943 = DIRECTION('',(0.5,1.922962686384E-16,0.866025403784));
#944 = DIRECTION('',(-0.866025403784,-1.110223024625E-16,0.5));
#945 = ORIENTED_EDGE('',*,*,#864,.F.);
#946 = ORIENTED_EDGE('',*,*,#329,.F.);
#947 = PLANE('',#948);
#948 = AXIS2_PLACEMENT_3D('',#949,#950,#951);
#949 = CARTESIAN_POINT('',(-8.660254037844,-60.,5.));
#950 = DIRECTION('',(0.5,1.645406930227E-16,0.866025403784));
#951 = DIRECTION('',(-0.866025403784,1.110223024625E-16,0.5));
#952 = ADVANCED_FACE('',(#953),#1030,.F.);
#953 = FACE_BOUND('',#954,.F.);
#954 = EDGE_LOOP('',(#955,#963,#972,#980,#989,#997,#1006,#1014,#1023,
    #1029));
#955 = ORIENTED_EDGE('',*,*,#956,.F.);
#956 = EDGE_CURVE('',#957,#338,#959,.T.);
#957 = VERTEX_POINT('',#958);
#958 = CARTESIAN_POINT('',(-13.85929291125,-60.,13.859292911256));
#959 = LINE('',#960,#961);
#960 = CARTESIAN_POINT('',(-7.071067811865,-60.,7.071067811865));
#961 = VECTOR('',#962,1.);
#962 = DIRECTION('',(-0.707106781187,2.585073405055E-16,0.707106781187)
  );
#963 = ORIENTED_EDGE('',*,*,#964,.T.);
#964 = EDGE_CURVE('',#957,#965,#967,.T.);
#965 = VERTEX_POINT('',#966);
#966 = CARTESIAN_POINT('',(-11.60945368085,-58.42413837779,
    11.609453680857));
#967 = CIRCLE('',#968,4.);
#968 = AXIS2_PLACEMENT_3D('',#969,#970,#971);
#969 = CARTESIAN_POINT('',(-13.85929291125,-56.,13.859292911256));
#970 = DIRECTION('',(0.707106781187,1.570092458684E-16,0.707106781187));
#971 = DIRECTION('',(-0.707106781187,-1.570092458684E-16,0.707106781187)
  );
#972 = ORIENTED_EDGE('',*,*,#973,.F.);
#973 = EDGE_CURVE('',#974,#965,#976,.T.);
#974 = VERTEX_POINT('',#975);
#975 = CARTESIAN_POINT('',(-7.920041059567,-51.5758616222,7.920041059567
    ));
#976 = LINE('',#977,#978);
#977 = CARTESIAN_POINT('',(0.,-36.87470491812,0.));
#978 = VECTOR('',#979,1.);
#979 = DIRECTION('',(-0.428531171369,-0.795438288198,0.428531171369));
#980 = ORIENTED_EDGE('',*,*,#981,.F.);
#981 = EDGE_CURVE('',#982,#974,#984,.T.);
#982 = VERTEX_POINT('',#983);
#983 = CARTESIAN_POINT('',(-7.071067811865,-50.5250684903,7.071067811865
    ));
#984 = CIRCLE('',#985,4.);
#985 = AXIS2_PLACEMENT_3D('',#986,#987,#988);
#986 = CARTESIAN_POINT('',(-5.670201829168,-54.,5.670201829168));
#987 = DIRECTION('',(0.707106781187,1.570092458684E-16,0.707106781187));
#988 = DIRECTION('',(-0.707106781187,-1.570092458684E-16,0.707106781187)
  );
#989 = ORIENTED_EDGE('',*,*,#990,.T.);
#990 = EDGE_CURVE('',#982,#991,#993,.T.);
#991 = VERTEX_POINT('',#992);
#992 = CARTESIAN_POINT('',(-7.071067811866,-45.64983475414,
    7.071067811865));
#993 = LINE('',#994,#995);
#994 = CARTESIAN_POINT('',(-7.071067811865,-60.,7.071067811865));
#995 = VECTOR('',#996,1.);
#996 = DIRECTION('',(0.,1.,-2.22044604925E-16));
#997 = ORIENTED_EDGE('',*,*,#998,.F.);
#998 = EDGE_CURVE('',#999,#991,#1001,.T.);
#999 = VERTEX_POINT('',#1000);
#1000 = CARTESIAN_POINT('',(-7.649655706212,-48.07397313194,
    7.649655706212));
#1001 = CIRCLE('',#1002,4.);
#1002 = AXIS2_PLACEMENT_3D('',#1003,#1004,#1005);
#1003 = CARTESIAN_POINT('',(-9.899494936612,-45.64983475414,
    9.899494936612));
#1004 = DIRECTION('',(0.707106781187,1.570092458684E-16,0.707106781187)
  );
#1005 = DIRECTION('',(-0.707106781187,-1.570092458684E-16,0.707106781187
    ));
#1006 = ORIENTED_EDGE('',*,*,#1007,.T.);
#1007 = EDGE_CURVE('',#999,#1008,#1010,.T.);
#1008 = VERTEX_POINT('',#1009);
#1009 = CARTESIAN_POINT('',(-12.30321288236,-56.71189214821,
    12.303212882368));
#1010 = LINE('',#1011,#1012);
#1011 = CARTESIAN_POINT('',(0.,-33.87470491812,0.));
#1012 = VECTOR('',#1013,1.);
#1013 = DIRECTION('',(-0.428531171369,-0.795438288198,0.428531171369));
#1014 = ORIENTED_EDGE('',*,*,#1015,.F.);
#1015 = EDGE_CURVE('',#1016,#1008,#1018,.T.);
#1016 = VERTEX_POINT('',#1017);
#1017 = CARTESIAN_POINT('',(-14.55305211276,-58.28775377041,
    14.553052112767));
#1018 = CIRCLE('',#1019,4.);
#1019 = AXIS2_PLACEMENT_3D('',#1020,#1021,#1022);
#1020 = CARTESIAN_POINT('',(-14.55305211276,-54.28775377041,
    14.553052112767));
#1021 = DIRECTION('',(0.707106781187,1.570092458684E-16,0.707106781187)
  );
#1022 = DIRECTION('',(-0.707106781187,-1.570092458684E-16,0.707106781187
    ));
#1023 = ORIENTED_EDGE('',*,*,#1024,.F.);
#1024 = EDGE_CURVE('',#347,#1016,#1025,.T.);
#1025 = LINE('',#1026,#1027);
#1026 = CARTESIAN_POINT('',(-3.535533905933,-58.28775377041,
    3.535533905933));
#1027 = VECTOR('',#1028,1.);
#1028 = DIRECTION('',(0.707106781187,0.,-0.707106781187));
#1029 = ORIENTED_EDGE('',*,*,#346,.F.);
#1030 = PLANE('',#1031);
#1031 = AXIS2_PLACEMENT_3D('',#1032,#1033,#1034);
#1032 = CARTESIAN_POINT('',(-7.071067811865,-60.,7.071067811865));
#1033 = DIRECTION('',(0.707106781187,1.570092458684E-16,0.707106781187)
  );
#1034 = DIRECTION('',(-0.707106781187,2.125203970996E-16,0.707106781187)
  );
#1035 = ADVANCED_FACE('',(#1036),#1055,.T.);
#1036 = FACE_BOUND('',#1037,.F.);
#1037 = EDGE_LOOP('',(#1038,#1047,#1053,#1054));
#1038 = ORIENTED_EDGE('',*,*,#1039,.T.);
#1039 = EDGE_CURVE('',#1016,#1040,#1042,.T.);
#1040 = VERTEX_POINT('',#1041);
#1041 = CARTESIAN_POINT('',(-10.29056183589,-58.28775377041,
    17.823775938206));
#1042 = CIRCLE('',#1043,20.581123671798);
#1043 = AXIS2_PLACEMENT_3D('',#1044,#1045,#1046);
#1044 = CARTESIAN_POINT('',(0.,-58.28775377041,0.));
#1045 = DIRECTION('',(-0.,1.,0.));
#1046 = DIRECTION('',(1.,0.,0.));
#1047 = ORIENTED_EDGE('',*,*,#1048,.F.);
#1048 = EDGE_CURVE('',#355,#1040,#1049,.T.);
#1049 = LINE('',#1050,#1051);
#1050 = CARTESIAN_POINT('',(-2.5,-58.28775377041,4.330127018922));
#1051 = VECTOR('',#1052,1.);
#1052 = DIRECTION('',(0.5,0.,-0.866025403784));
#1053 = ORIENTED_EDGE('',*,*,#354,.F.);
#1054 = ORIENTED_EDGE('',*,*,#1024,.T.);
#1055 = PLANE('',#1056);
#1056 = AXIS2_PLACEMENT_3D('',#1057,#1058,#1059);
#1057 = CARTESIAN_POINT('',(0.,-58.28775377041,0.));
#1058 = DIRECTION('',(0.,1.,0.));
#1059 = DIRECTION('',(1.,0.,0.));
#1060 = ADVANCED_FACE('',(#1061),#1131,.T.);
#1061 = FACE_BOUND('',#1062,.T.);
#1062 = EDGE_LOOP('',(#1063,#1071,#1080,#1088,#1097,#1105,#1114,#1122,
    #1129,#1130));
#1063 = ORIENTED_EDGE('',*,*,#1064,.F.);
#1064 = EDGE_CURVE('',#1065,#364,#1067,.T.);
#1065 = VERTEX_POINT('',#1066);
#1066 = CARTESIAN_POINT('',(-9.8,-60.,16.974097914175));
#1067 = LINE('',#1068,#1069);
#1068 = CARTESIAN_POINT('',(-5.,-60.,8.660254037844));
#1069 = VECTOR('',#1070,1.);
#1070 = DIRECTION('',(-0.5,2.180590835829E-16,0.866025403784));
#1071 = ORIENTED_EDGE('',*,*,#1072,.T.);
#1072 = EDGE_CURVE('',#1065,#1073,#1075,.T.);
#1073 = VERTEX_POINT('',#1074);
#1074 = CARTESIAN_POINT('',(-8.209123423605,-58.42413837779,
    14.218618855288));
#1075 = CIRCLE('',#1076,4.);
#1076 = AXIS2_PLACEMENT_3D('',#1077,#1078,#1079);
#1077 = CARTESIAN_POINT('',(-9.8,-56.,16.974097914175));
#1078 = DIRECTION('',(0.866025403784,1.110223024625E-16,0.5));
#1079 = DIRECTION('',(-0.5,-1.922962686384E-16,0.866025403784));
#1080 = ORIENTED_EDGE('',*,*,#1081,.F.);
#1081 = EDGE_CURVE('',#1082,#1073,#1084,.T.);
#1082 = VERTEX_POINT('',#1083);
#1083 = CARTESIAN_POINT('',(-5.600314740496,-51.5758616222,
    9.700029668916));
#1084 = LINE('',#1085,#1086);
#1085 = CARTESIAN_POINT('',(0.,-36.87470491812,0.));
#1086 = VECTOR('',#1087,1.);
#1087 = DIRECTION('',(-0.303017297225,-0.795438288198,0.524841354365));
#1088 = ORIENTED_EDGE('',*,*,#1089,.F.);
#1089 = EDGE_CURVE('',#1090,#1082,#1092,.T.);
#1090 = VERTEX_POINT('',#1091);
#1091 = CARTESIAN_POINT('',(-5.,-50.5250684903,8.660254037844));
#1092 = CIRCLE('',#1093,4.);
#1093 = AXIS2_PLACEMENT_3D('',#1094,#1095,#1096);
#1094 = CARTESIAN_POINT('',(-4.009438164101,-54.,6.944550610029));
#1095 = DIRECTION('',(0.866025403784,1.110223024625E-16,0.5));
#1096 = DIRECTION('',(-0.5,-1.922962686384E-16,0.866025403784));
#1097 = ORIENTED_EDGE('',*,*,#1098,.T.);
#1098 = EDGE_CURVE('',#1090,#1099,#1101,.T.);
#1099 = VERTEX_POINT('',#1100);
#1100 = CARTESIAN_POINT('',(-5.,-45.64983475414,8.660254037844));
#1101 = LINE('',#1102,#1103);
#1102 = CARTESIAN_POINT('',(-5.,-60.,8.660254037844));
#1103 = VECTOR('',#1104,1.);
#1104 = DIRECTION('',(0.,1.,-2.22044604925E-16));
#1105 = ORIENTED_EDGE('',*,*,#1106,.F.);
#1106 = EDGE_CURVE('',#1107,#1099,#1109,.T.);
#1107 = VERTEX_POINT('',#1108);
#1108 = CARTESIAN_POINT('',(-5.409123423605,-48.07397313194,
    9.368876594095));
#1109 = CIRCLE('',#1110,4.);
#1110 = AXIS2_PLACEMENT_3D('',#1111,#1112,#1113);
#1111 = CARTESIAN_POINT('',(-7.,-45.64983475414,12.124355652982));
#1112 = DIRECTION('',(0.866025403784,1.110223024625E-16,0.5));
#1113 = DIRECTION('',(-0.5,-1.922962686384E-16,0.866025403784));
#1114 = ORIENTED_EDGE('',*,*,#1115,.T.);
#1115 = EDGE_CURVE('',#1107,#1116,#1118,.T.);
#1116 = VERTEX_POINT('',#1117);
#1117 = CARTESIAN_POINT('',(-8.699685259504,-56.71189214821,
    15.068296879319));
#1118 = LINE('',#1119,#1120);
#1119 = CARTESIAN_POINT('',(0.,-33.87470491812,0.));
#1120 = VECTOR('',#1121,1.);
#1121 = DIRECTION('',(-0.303017297225,-0.795438288198,0.524841354365));
#1122 = ORIENTED_EDGE('',*,*,#1123,.F.);
#1123 = EDGE_CURVE('',#1040,#1116,#1124,.T.);
#1124 = CIRCLE('',#1125,4.);
#1125 = AXIS2_PLACEMENT_3D('',#1126,#1127,#1128);
#1126 = CARTESIAN_POINT('',(-10.29056183589,-54.28775377041,
    17.823775938206));
#1127 = DIRECTION('',(0.866025403784,1.110223024625E-16,0.5));
#1128 = DIRECTION('',(-0.5,-1.922962686384E-16,0.866025403784));
#1129 = ORIENTED_EDGE('',*,*,#1048,.F.);
#1130 = ORIENTED_EDGE('',*,*,#363,.F.);
#1131 = PLANE('',#1132);
#1132 = AXIS2_PLACEMENT_3D('',#1133,#1134,#1135);
#1133 = CARTESIAN_POINT('',(-5.,-60.,8.660254037844));
#1134 = DIRECTION('',(0.866025403784,1.407706387492E-16,0.5));
#1135 = DIRECTION('',(-0.5,2.180590835829E-16,0.866025403784));
#1136 = ADVANCED_FACE('',(#1137),#1214,.F.);
#1137 = FACE_BOUND('',#1138,.F.);
#1138 = EDGE_LOOP('',(#1139,#1147,#1156,#1164,#1173,#1181,#1190,#1198,
    #1207,#1213));
#1139 = ORIENTED_EDGE('',*,*,#1140,.F.);
#1140 = EDGE_CURVE('',#1141,#372,#1143,.T.);
#1141 = VERTEX_POINT('',#1142);
#1142 = CARTESIAN_POINT('',(-5.072853284009,-60.,18.932146195266));
#1143 = LINE('',#1144,#1145);
#1144 = CARTESIAN_POINT('',(-2.588190451025,-60.,9.659258262891));
#1145 = VECTOR('',#1146,1.);
#1146 = DIRECTION('',(-0.258819045103,2.069126320454E-16,0.965925826289)
  );
#1147 = ORIENTED_EDGE('',*,*,#1148,.T.);
#1148 = EDGE_CURVE('',#1141,#1149,#1151,.T.);
#1149 = VERTEX_POINT('',#1150);
#1150 = CARTESIAN_POINT('',(-4.249354971252,-58.42413837779,
    15.858808652109));
#1151 = CIRCLE('',#1152,4.);
#1152 = AXIS2_PLACEMENT_3D('',#1153,#1154,#1155);
#1153 = CARTESIAN_POINT('',(-5.072853284009,-56.,18.932146195266));
#1154 = DIRECTION('',(0.965925826289,5.746937261686E-17,0.258819045103)
  );
#1155 = DIRECTION('',(-0.258819045103,-2.144786184852E-16,0.965925826289
    ));
#1156 = ORIENTED_EDGE('',*,*,#1157,.F.);
#1157 = EDGE_CURVE('',#1158,#1149,#1160,.T.);
#1158 = VERTEX_POINT('',#1159);
#1159 = CARTESIAN_POINT('',(-2.898936226818,-51.5758616222,
    10.818977286385));
#1160 = LINE('',#1161,#1162);
#1161 = CARTESIAN_POINT('',(0.,-36.87470491812,0.));
#1162 = VECTOR('',#1163,1.);
#1163 = DIRECTION('',(-0.156853295034,-0.795438288198,0.585384466403));
#1164 = ORIENTED_EDGE('',*,*,#1165,.F.);
#1165 = EDGE_CURVE('',#1166,#1158,#1168,.T.);
#1166 = VERTEX_POINT('',#1167);
#1167 = CARTESIAN_POINT('',(-2.588190451025,-50.5250684903,
    9.659258262891));
#1168 = CIRCLE('',#1169,4.);
#1169 = AXIS2_PLACEMENT_3D('',#1170,#1171,#1172);
#1170 = CARTESIAN_POINT('',(-2.07543791406,-54.,7.745639743228));
#1171 = DIRECTION('',(0.965925826289,5.746937261686E-17,0.258819045103)
  );
#1172 = DIRECTION('',(-0.258819045103,-2.144786184852E-16,0.965925826289
    ));
#1173 = ORIENTED_EDGE('',*,*,#1174,.T.);
#1174 = EDGE_CURVE('',#1166,#1175,#1177,.T.);
#1175 = VERTEX_POINT('',#1176);
#1176 = CARTESIAN_POINT('',(-2.588190451025,-45.64983475414,
    9.659258262891));
#1177 = LINE('',#1178,#1179);
#1178 = CARTESIAN_POINT('',(-2.588190451025,-60.,9.659258262891));
#1179 = VECTOR('',#1180,1.);
#1180 = DIRECTION('',(0.,1.,-2.22044604925E-16));
#1181 = ORIENTED_EDGE('',*,*,#1182,.F.);
#1182 = EDGE_CURVE('',#1183,#1175,#1185,.T.);
#1183 = VERTEX_POINT('',#1184);
#1184 = CARTESIAN_POINT('',(-2.799968318678,-48.07397313194,
    10.44962402489));
#1185 = CIRCLE('',#1186,4.);
#1186 = AXIS2_PLACEMENT_3D('',#1187,#1188,#1189);
#1187 = CARTESIAN_POINT('',(-3.623466631435,-45.64983475414,
    13.522961568047));
#1188 = DIRECTION('',(0.965925826289,5.746937261686E-17,0.258819045103)
  );
#1189 = DIRECTION('',(-0.258819045103,-2.144786184852E-16,0.965925826289
    ));
#1190 = ORIENTED_EDGE('',*,*,#1191,.T.);
#1191 = EDGE_CURVE('',#1183,#1192,#1194,.T.);
#1192 = VERTEX_POINT('',#1193);
#1193 = CARTESIAN_POINT('',(-4.503288463115,-56.71189214821,
    16.806501345482));
#1194 = LINE('',#1195,#1196);
#1195 = CARTESIAN_POINT('',(0.,-33.87470491812,0.));
#1196 = VECTOR('',#1197,1.);
#1197 = DIRECTION('',(-0.156853295034,-0.795438288198,0.585384466403));
#1198 = ORIENTED_EDGE('',*,*,#1199,.F.);
#1199 = EDGE_CURVE('',#1200,#1192,#1202,.T.);
#1200 = VERTEX_POINT('',#1201);
#1201 = CARTESIAN_POINT('',(-5.326786775872,-58.28775377041,
    19.879838888639));
#1202 = CIRCLE('',#1203,4.);
#1203 = AXIS2_PLACEMENT_3D('',#1204,#1205,#1206);
#1204 = CARTESIAN_POINT('',(-5.326786775872,-54.28775377041,
    19.879838888639));
#1205 = DIRECTION('',(0.965925826289,5.746937261686E-17,0.258819045103)
  );
#1206 = DIRECTION('',(-0.258819045103,-2.144786184852E-16,0.965925826289
    ));
#1207 = ORIENTED_EDGE('',*,*,#1208,.F.);
#1208 = EDGE_CURVE('',#381,#1200,#1209,.T.);
#1209 = LINE('',#1210,#1211);
#1210 = CARTESIAN_POINT('',(-1.294095225513,-58.28775377041,
    4.829629131445));
#1211 = VECTOR('',#1212,1.);
#1212 = DIRECTION('',(0.258819045103,0.,-0.965925826289));
#1213 = ORIENTED_EDGE('',*,*,#380,.F.);
#1214 = PLANE('',#1215);
#1215 = AXIS2_PLACEMENT_3D('',#1216,#1217,#1218);
#1216 = CARTESIAN_POINT('',(-2.588190451025,-60.,9.659258262891));
#1217 = DIRECTION('',(0.965925826289,1.539887198221E-17,0.258819045103)
  );
#1218 = DIRECTION('',(-0.258819045103,2.378806141185E-16,0.965925826289)
  );
#1219 = ADVANCED_FACE('',(#1220),#1239,.T.);
#1220 = FACE_BOUND('',#1221,.F.);
#1221 = EDGE_LOOP('',(#1222,#1231,#1237,#1238));
#1222 = ORIENTED_EDGE('',*,*,#1223,.T.);
#1223 = EDGE_CURVE('',#1200,#1224,#1226,.T.);
#1224 = VERTEX_POINT('',#1225);
#1225 = CARTESIAN_POINT('',(-3.780691084128E-15,-58.28775377041,
    20.581123671798));
#1226 = CIRCLE('',#1227,20.581123671798);
#1227 = AXIS2_PLACEMENT_3D('',#1228,#1229,#1230);
#1228 = CARTESIAN_POINT('',(0.,-58.28775377041,0.));
#1229 = DIRECTION('',(-0.,1.,0.));
#1230 = DIRECTION('',(1.,0.,0.));
#1231 = ORIENTED_EDGE('',*,*,#1232,.F.);
#1232 = EDGE_CURVE('',#389,#1224,#1233,.T.);
#1233 = LINE('',#1234,#1235);
#1234 = CARTESIAN_POINT('',(1.530808498934E-15,-58.28775377041,5.));
#1235 = VECTOR('',#1236,1.);
#1236 = DIRECTION('',(0.,0.,-1.));
#1237 = ORIENTED_EDGE('',*,*,#388,.F.);
#1238 = ORIENTED_EDGE('',*,*,#1208,.T.);
#1239 = PLANE('',#1240);
#1240 = AXIS2_PLACEMENT_3D('',#1241,#1242,#1243);
#1241 = CARTESIAN_POINT('',(0.,-58.28775377041,0.));
#1242 = DIRECTION('',(0.,1.,0.));
#1243 = DIRECTION('',(1.,0.,0.));
#1244 = ADVANCED_FACE('',(#1245),#1315,.T.);
#1245 = FACE_BOUND('',#1246,.T.);
#1246 = EDGE_LOOP('',(#1247,#1255,#1264,#1272,#1281,#1289,#1298,#1306,
    #1313,#1314));
#1247 = ORIENTED_EDGE('',*,*,#1248,.F.);
#1248 = EDGE_CURVE('',#1249,#398,#1251,.T.);
#1249 = VERTEX_POINT('',#1250);
#1250 = CARTESIAN_POINT('',(3.993560050555E-13,-60.,19.6));
#1251 = LINE('',#1252,#1253);
#1252 = CARTESIAN_POINT('',(1.530808498934E-15,-60.,10.));
#1253 = VECTOR('',#1254,1.);
#1254 = DIRECTION('',(0.,2.22044604925E-16,1.));
#1255 = ORIENTED_EDGE('',*,*,#1256,.T.);
#1256 = EDGE_CURVE('',#1249,#1257,#1259,.T.);
#1257 = VERTEX_POINT('',#1258);
#1258 = CARTESIAN_POINT('',(-3.015983017357E-15,-58.42413837779,
    16.41824684721));
#1259 = CIRCLE('',#1260,4.);
#1260 = AXIS2_PLACEMENT_3D('',#1261,#1262,#1263);
#1261 = CARTESIAN_POINT('',(0.,-56.,19.6));
#1262 = DIRECTION('',(1.,0.,0.));
#1263 = DIRECTION('',(0.,-1.,-2.22044604925E-16));
#1264 = ORIENTED_EDGE('',*,*,#1265,.F.);
#1265 = EDGE_CURVE('',#1266,#1257,#1268,.T.);
#1266 = VERTEX_POINT('',#1267);
#1267 = CARTESIAN_POINT('',(-2.05752225635E-15,-51.5758616222,
    11.200629480992));
#1268 = LINE('',#1269,#1270);
#1269 = CARTESIAN_POINT('',(0.,-36.87470491812,0.));
#1270 = VECTOR('',#1271,1.);
#1271 = DIRECTION('',(0.,-0.795438288198,0.606034594449));
#1272 = ORIENTED_EDGE('',*,*,#1273,.F.);
#1273 = EDGE_CURVE('',#1274,#1266,#1276,.T.);
#1274 = VERTEX_POINT('',#1275);
#1275 = CARTESIAN_POINT('',(1.071565949441E-15,-50.5250684903,10.));
#1276 = CIRCLE('',#1277,4.);
#1277 = AXIS2_PLACEMENT_3D('',#1278,#1279,#1280);
#1278 = CARTESIAN_POINT('',(0.,-54.,8.018876328202));
#1279 = DIRECTION('',(1.,0.,0.));
#1280 = DIRECTION('',(0.,-1.,-2.22044604925E-16));
#1281 = ORIENTED_EDGE('',*,*,#1282,.T.);
#1282 = EDGE_CURVE('',#1274,#1283,#1285,.T.);
#1283 = VERTEX_POINT('',#1284);
#1284 = CARTESIAN_POINT('',(4.05818997386E-15,-45.64983475414,10.));
#1285 = LINE('',#1286,#1287);
#1286 = CARTESIAN_POINT('',(1.071565949441E-15,-60.,10.));
#1287 = VECTOR('',#1288,1.);
#1288 = DIRECTION('',(0.,1.,-2.22044604925E-16));
#1289 = ORIENTED_EDGE('',*,*,#1290,.F.);
#1290 = EDGE_CURVE('',#1291,#1283,#1293,.T.);
#1291 = VERTEX_POINT('',#1292);
#1292 = CARTESIAN_POINT('',(-1.987279706073E-15,-48.07397313194,
    10.81824684721));
#1293 = CIRCLE('',#1294,4.);
#1294 = AXIS2_PLACEMENT_3D('',#1295,#1296,#1297);
#1295 = CARTESIAN_POINT('',(0.,-45.64983475414,14.));
#1296 = DIRECTION('',(1.,0.,0.));
#1297 = DIRECTION('',(0.,-1.,-2.22044604925E-16));
#1298 = ORIENTED_EDGE('',*,*,#1299,.T.);
#1299 = EDGE_CURVE('',#1291,#1300,#1302,.T.);
#1300 = VERTEX_POINT('',#1301);
#1301 = CARTESIAN_POINT('',(-3.196212511992E-15,-56.71189214821,
    17.399370519008));
#1302 = LINE('',#1303,#1304);
#1303 = CARTESIAN_POINT('',(0.,-33.87470491812,0.));
#1304 = VECTOR('',#1305,1.);
#1305 = DIRECTION('',(0.,-0.795438288198,0.606034594449));
#1306 = ORIENTED_EDGE('',*,*,#1307,.F.);
#1307 = EDGE_CURVE('',#1224,#1300,#1308,.T.);
#1308 = CIRCLE('',#1309,4.);
#1309 = AXIS2_PLACEMENT_3D('',#1310,#1311,#1312);
#1310 = CARTESIAN_POINT('',(0.,-54.28775377041,20.581123671798));
#1311 = DIRECTION('',(1.,0.,0.));
#1312 = DIRECTION('',(0.,-1.,-2.22044604925E-16));
#1313 = ORIENTED_EDGE('',*,*,#1232,.F.);
#1314 = ORIENTED_EDGE('',*,*,#397,.F.);
#1315 = PLANE('',#1316);
#1316 = AXIS2_PLACEMENT_3D('',#1317,#1318,#1319);
#1317 = CARTESIAN_POINT('',(1.530808498934E-15,-60.,10.));
#1318 = DIRECTION('',(1.,0.,0.));
#1319 = DIRECTION('',(0.,2.22044604925E-16,1.));
#1320 = ADVANCED_FACE('',(#1321),#1398,.F.);
#1321 = FACE_BOUND('',#1322,.F.);
#1322 = EDGE_LOOP('',(#1323,#1331,#1340,#1348,#1357,#1365,#1374,#1382,
    #1391,#1397));
#1323 = ORIENTED_EDGE('',*,*,#1324,.F.);
#1324 = EDGE_CURVE('',#1325,#406,#1327,.T.);
#1325 = VERTEX_POINT('',#1326);
#1326 = CARTESIAN_POINT('',(5.072853284009,-60.,18.932146195266));
#1327 = LINE('',#1328,#1329);
#1328 = CARTESIAN_POINT('',(2.588190451025,-60.,9.659258262891));
#1329 = VECTOR('',#1330,1.);
#1330 = DIRECTION('',(0.258819045103,2.144786184852E-16,0.965925826289)
  );
#1331 = ORIENTED_EDGE('',*,*,#1332,.T.);
#1332 = EDGE_CURVE('',#1325,#1333,#1335,.T.);
#1333 = VERTEX_POINT('',#1334);
#1334 = CARTESIAN_POINT('',(4.249354971252,-58.42413837779,
    15.858808652109));
#1335 = CIRCLE('',#1336,4.);
#1336 = AXIS2_PLACEMENT_3D('',#1337,#1338,#1339);
#1337 = CARTESIAN_POINT('',(5.072853284009,-56.,18.932146195266));
#1338 = DIRECTION('',(0.965925826289,-5.746937261686E-17,-0.258819045103
    ));
#1339 = DIRECTION('',(0.258819045103,-2.144786184852E-16,0.965925826289)
  );
#1340 = ORIENTED_EDGE('',*,*,#1341,.F.);
#1341 = EDGE_CURVE('',#1342,#1333,#1344,.T.);
#1342 = VERTEX_POINT('',#1343);
#1343 = CARTESIAN_POINT('',(2.898936226818,-51.5758616222,
    10.818977286385));
#1344 = LINE('',#1345,#1346);
#1345 = CARTESIAN_POINT('',(0.,-36.87470491812,0.));
#1346 = VECTOR('',#1347,1.);
#1347 = DIRECTION('',(0.156853295034,-0.795438288198,0.585384466403));
#1348 = ORIENTED_EDGE('',*,*,#1349,.F.);
#1349 = EDGE_CURVE('',#1350,#1342,#1352,.T.);
#1350 = VERTEX_POINT('',#1351);
#1351 = CARTESIAN_POINT('',(2.588190451025,-50.5250684903,9.659258262891
    ));
#1352 = CIRCLE('',#1353,4.);
#1353 = AXIS2_PLACEMENT_3D('',#1354,#1355,#1356);
#1354 = CARTESIAN_POINT('',(2.07543791406,-54.,7.745639743228));
#1355 = DIRECTION('',(0.965925826289,-5.746937261686E-17,-0.258819045103
    ));
#1356 = DIRECTION('',(0.258819045103,-2.144786184852E-16,0.965925826289)
  );
#1357 = ORIENTED_EDGE('',*,*,#1358,.T.);
#1358 = EDGE_CURVE('',#1350,#1359,#1361,.T.);
#1359 = VERTEX_POINT('',#1360);
#1360 = CARTESIAN_POINT('',(2.588190451025,-45.64983475414,
    9.659258262891));
#1361 = LINE('',#1362,#1363);
#1362 = CARTESIAN_POINT('',(2.588190451025,-60.,9.659258262891));
#1363 = VECTOR('',#1364,1.);
#1364 = DIRECTION('',(0.,1.,-2.22044604925E-16));
#1365 = ORIENTED_EDGE('',*,*,#1366,.F.);
#1366 = EDGE_CURVE('',#1367,#1359,#1369,.T.);
#1367 = VERTEX_POINT('',#1368);
#1368 = CARTESIAN_POINT('',(2.799968318678,-48.07397313194,
    10.44962402489));
#1369 = CIRCLE('',#1370,4.);
#1370 = AXIS2_PLACEMENT_3D('',#1371,#1372,#1373);
#1371 = CARTESIAN_POINT('',(3.623466631435,-45.64983475414,
    13.522961568047));
#1372 = DIRECTION('',(0.965925826289,-5.746937261686E-17,-0.258819045103
    ));
#1373 = DIRECTION('',(0.258819045103,-2.144786184852E-16,0.965925826289)
  );
#1374 = ORIENTED_EDGE('',*,*,#1375,.T.);
#1375 = EDGE_CURVE('',#1367,#1376,#1378,.T.);
#1376 = VERTEX_POINT('',#1377);
#1377 = CARTESIAN_POINT('',(4.503288463115,-56.71189214821,
    16.806501345482));
#1378 = LINE('',#1379,#1380);
#1379 = CARTESIAN_POINT('',(0.,-33.87470491812,0.));
#1380 = VECTOR('',#1381,1.);
#1381 = DIRECTION('',(0.156853295034,-0.795438288198,0.585384466403));
#1382 = ORIENTED_EDGE('',*,*,#1383,.F.);
#1383 = EDGE_CURVE('',#1384,#1376,#1386,.T.);
#1384 = VERTEX_POINT('',#1385);
#1385 = CARTESIAN_POINT('',(5.326786775872,-58.28775377041,
    19.879838888639));
#1386 = CIRCLE('',#1387,4.);
#1387 = AXIS2_PLACEMENT_3D('',#1388,#1389,#1390);
#1388 = CARTESIAN_POINT('',(5.326786775872,-54.28775377041,
    19.879838888639));
#1389 = DIRECTION('',(0.965925826289,-5.746937261686E-17,-0.258819045103
    ));
#1390 = DIRECTION('',(0.258819045103,-2.144786184852E-16,0.965925826289)
  );
#1391 = ORIENTED_EDGE('',*,*,#1392,.F.);
#1392 = EDGE_CURVE('',#415,#1384,#1393,.T.);
#1393 = LINE('',#1394,#1395);
#1394 = CARTESIAN_POINT('',(1.294095225513,-58.28775377041,
    4.829629131445));
#1395 = VECTOR('',#1396,1.);
#1396 = DIRECTION('',(-0.258819045103,0.,-0.965925826289));
#1397 = ORIENTED_EDGE('',*,*,#414,.F.);
#1398 = PLANE('',#1399);
#1399 = AXIS2_PLACEMENT_3D('',#1400,#1401,#1402);
#1400 = CARTESIAN_POINT('',(2.588190451025,-60.,9.659258262891));
#1401 = DIRECTION('',(0.965925826289,-5.746937261686E-17,-0.258819045103
    ));
#1402 = DIRECTION('',(0.258819045103,2.144786184852E-16,0.965925826289)
  );
#1403 = ADVANCED_FACE('',(#1404),#1423,.T.);
#1404 = FACE_BOUND('',#1405,.F.);
#1405 = EDGE_LOOP('',(#1406,#1415,#1421,#1422));
#1406 = ORIENTED_EDGE('',*,*,#1407,.T.);
#1407 = EDGE_CURVE('',#1384,#1408,#1410,.T.);
#1408 = VERTEX_POINT('',#1409);
#1409 = CARTESIAN_POINT('',(10.290561835899,-58.28775377041,
    17.823775938206));
#1410 = CIRCLE('',#1411,20.581123671798);
#1411 = AXIS2_PLACEMENT_3D('',#1412,#1413,#1414);
#1412 = CARTESIAN_POINT('',(0.,-58.28775377041,0.));
#1413 = DIRECTION('',(-0.,1.,0.));
#1414 = DIRECTION('',(1.,0.,0.));
#1415 = ORIENTED_EDGE('',*,*,#1416,.F.);
#1416 = EDGE_CURVE('',#423,#1408,#1417,.T.);
#1417 = LINE('',#1418,#1419);
#1418 = CARTESIAN_POINT('',(2.5,-58.28775377041,4.330127018922));
#1419 = VECTOR('',#1420,1.);
#1420 = DIRECTION('',(-0.5,0.,-0.866025403784));
#1421 = ORIENTED_EDGE('',*,*,#422,.F.);
#1422 = ORIENTED_EDGE('',*,*,#1392,.T.);
#1423 = PLANE('',#1424);
#1424 = AXIS2_PLACEMENT_3D('',#1425,#1426,#1427);
#1425 = CARTESIAN_POINT('',(0.,-58.28775377041,0.));
#1426 = DIRECTION('',(0.,1.,0.));
#1427 = DIRECTION('',(1.,0.,0.));
#1428 = ADVANCED_FACE('',(#1429),#1499,.T.);
#1429 = FACE_BOUND('',#1430,.T.);
#1430 = EDGE_LOOP('',(#1431,#1439,#1448,#1456,#1465,#1473,#1482,#1490,
    #1497,#1498));
#1431 = ORIENTED_EDGE('',*,*,#1432,.F.);
#1432 = EDGE_CURVE('',#1433,#432,#1435,.T.);
#1433 = VERTEX_POINT('',#1434);
#1434 = CARTESIAN_POINT('',(9.8,-60.,16.974097914175));
#1435 = LINE('',#1436,#1437);
#1436 = CARTESIAN_POINT('',(5.,-60.,8.660254037844));
#1437 = VECTOR('',#1438,1.);
#1438 = DIRECTION('',(0.5,2.180590835829E-16,0.866025403784));
#1439 = ORIENTED_EDGE('',*,*,#1440,.T.);
#1440 = EDGE_CURVE('',#1433,#1441,#1443,.T.);
#1441 = VERTEX_POINT('',#1442);
#1442 = CARTESIAN_POINT('',(8.209123423605,-58.42413837779,
    14.218618855288));
#1443 = CIRCLE('',#1444,4.);
#1444 = AXIS2_PLACEMENT_3D('',#1445,#1446,#1447);
#1445 = CARTESIAN_POINT('',(9.8,-56.,16.974097914175));
#1446 = DIRECTION('',(0.866025403784,-1.110223024625E-16,-0.5));
#1447 = DIRECTION('',(0.5,-1.922962686384E-16,0.866025403784));
#1448 = ORIENTED_EDGE('',*,*,#1449,.F.);
#1449 = EDGE_CURVE('',#1450,#1441,#1452,.T.);
#1450 = VERTEX_POINT('',#1451);
#1451 = CARTESIAN_POINT('',(5.600314740496,-51.5758616222,9.700029668916
    ));
#1452 = LINE('',#1453,#1454);
#1453 = CARTESIAN_POINT('',(0.,-36.87470491812,0.));
#1454 = VECTOR('',#1455,1.);
#1455 = DIRECTION('',(0.303017297225,-0.795438288198,0.524841354365));
#1456 = ORIENTED_EDGE('',*,*,#1457,.F.);
#1457 = EDGE_CURVE('',#1458,#1450,#1460,.T.);
#1458 = VERTEX_POINT('',#1459);
#1459 = CARTESIAN_POINT('',(5.,-50.5250684903,8.660254037844));
#1460 = CIRCLE('',#1461,4.);
#1461 = AXIS2_PLACEMENT_3D('',#1462,#1463,#1464);
#1462 = CARTESIAN_POINT('',(4.009438164101,-54.,6.944550610029));
#1463 = DIRECTION('',(0.866025403784,-1.110223024625E-16,-0.5));
#1464 = DIRECTION('',(0.5,-1.922962686384E-16,0.866025403784));
#1465 = ORIENTED_EDGE('',*,*,#1466,.T.);
#1466 = EDGE_CURVE('',#1458,#1467,#1469,.T.);
#1467 = VERTEX_POINT('',#1468);
#1468 = CARTESIAN_POINT('',(5.,-45.64983475414,8.660254037844));
#1469 = LINE('',#1470,#1471);
#1470 = CARTESIAN_POINT('',(5.,-60.,8.660254037844));
#1471 = VECTOR('',#1472,1.);
#1472 = DIRECTION('',(0.,1.,-2.22044604925E-16));
#1473 = ORIENTED_EDGE('',*,*,#1474,.F.);
#1474 = EDGE_CURVE('',#1475,#1467,#1477,.T.);
#1475 = VERTEX_POINT('',#1476);
#1476 = CARTESIAN_POINT('',(5.409123423605,-48.07397313194,
    9.368876594095));
#1477 = CIRCLE('',#1478,4.);
#1478 = AXIS2_PLACEMENT_3D('',#1479,#1480,#1481);
#1479 = CARTESIAN_POINT('',(7.,-45.64983475414,12.124355652982));
#1480 = DIRECTION('',(0.866025403784,-1.110223024625E-16,-0.5));
#1481 = DIRECTION('',(0.5,-1.922962686384E-16,0.866025403784));
#1482 = ORIENTED_EDGE('',*,*,#1483,.T.);
#1483 = EDGE_CURVE('',#1475,#1484,#1486,.T.);
#1484 = VERTEX_POINT('',#1485);
#1485 = CARTESIAN_POINT('',(8.699685259504,-56.71189214821,
    15.068296879319));
#1486 = LINE('',#1487,#1488);
#1487 = CARTESIAN_POINT('',(0.,-33.87470491812,0.));
#1488 = VECTOR('',#1489,1.);
#1489 = DIRECTION('',(0.303017297225,-0.795438288198,0.524841354365));
#1490 = ORIENTED_EDGE('',*,*,#1491,.F.);
#1491 = EDGE_CURVE('',#1408,#1484,#1492,.T.);
#1492 = CIRCLE('',#1493,4.);
#1493 = AXIS2_PLACEMENT_3D('',#1494,#1495,#1496);
#1494 = CARTESIAN_POINT('',(10.290561835899,-54.28775377041,
    17.823775938206));
#1495 = DIRECTION('',(0.866025403784,-1.110223024625E-16,-0.5));
#1496 = DIRECTION('',(0.5,-1.922962686384E-16,0.866025403784));
#1497 = ORIENTED_EDGE('',*,*,#1416,.F.);
#1498 = ORIENTED_EDGE('',*,*,#431,.F.);
#1499 = PLANE('',#1500);
#1500 = AXIS2_PLACEMENT_3D('',#1501,#1502,#1503);
#1501 = CARTESIAN_POINT('',(5.,-60.,8.660254037844));
#1502 = DIRECTION('',(0.866025403784,-1.962817899804E-16,-0.5));
#1503 = DIRECTION('',(0.5,2.180590835829E-16,0.866025403784));
#1504 = ADVANCED_FACE('',(#1505),#1582,.F.);
#1505 = FACE_BOUND('',#1506,.F.);
#1506 = EDGE_LOOP('',(#1507,#1515,#1524,#1532,#1541,#1549,#1558,#1566,
    #1575,#1581));
#1507 = ORIENTED_EDGE('',*,*,#1508,.F.);
#1508 = EDGE_CURVE('',#1509,#440,#1511,.T.);
#1509 = VERTEX_POINT('',#1510);
#1510 = CARTESIAN_POINT('',(13.859292911256,-60.,13.859292911256));
#1511 = LINE('',#1512,#1513);
#1512 = CARTESIAN_POINT('',(7.071067811865,-60.,7.071067811865));
#1513 = VECTOR('',#1514,1.);
#1514 = DIRECTION('',(0.707106781187,1.47485038043E-16,0.707106781187));
#1515 = ORIENTED_EDGE('',*,*,#1516,.T.);
#1516 = EDGE_CURVE('',#1509,#1517,#1519,.T.);
#1517 = VERTEX_POINT('',#1518);
#1518 = CARTESIAN_POINT('',(11.609453680857,-58.42413837779,
    11.609453680857));
#1519 = CIRCLE('',#1520,4.);
#1520 = AXIS2_PLACEMENT_3D('',#1521,#1522,#1523);
#1521 = CARTESIAN_POINT('',(13.859292911256,-56.,13.859292911256));
#1522 = DIRECTION('',(0.707106781187,-1.570092458684E-16,-0.707106781187
    ));
#1523 = DIRECTION('',(0.707106781187,-1.570092458684E-16,0.707106781187)
  );
#1524 = ORIENTED_EDGE('',*,*,#1525,.F.);
#1525 = EDGE_CURVE('',#1526,#1517,#1528,.T.);
#1526 = VERTEX_POINT('',#1527);
#1527 = CARTESIAN_POINT('',(7.920041059567,-51.5758616222,7.920041059567
    ));
#1528 = LINE('',#1529,#1530);
#1529 = CARTESIAN_POINT('',(0.,-36.87470491812,0.));
#1530 = VECTOR('',#1531,1.);
#1531 = DIRECTION('',(0.428531171369,-0.795438288198,0.428531171369));
#1532 = ORIENTED_EDGE('',*,*,#1533,.F.);
#1533 = EDGE_CURVE('',#1534,#1526,#1536,.T.);
#1534 = VERTEX_POINT('',#1535);
#1535 = CARTESIAN_POINT('',(7.071067811865,-50.5250684903,7.071067811865
    ));
#1536 = CIRCLE('',#1537,4.);
#1537 = AXIS2_PLACEMENT_3D('',#1538,#1539,#1540);
#1538 = CARTESIAN_POINT('',(5.670201829168,-54.,5.670201829168));
#1539 = DIRECTION('',(0.707106781187,-1.570092458684E-16,-0.707106781187
    ));
#1540 = DIRECTION('',(0.707106781187,-1.570092458684E-16,0.707106781187)
  );
#1541 = ORIENTED_EDGE('',*,*,#1542,.T.);
#1542 = EDGE_CURVE('',#1534,#1543,#1545,.T.);
#1543 = VERTEX_POINT('',#1544);
#1544 = CARTESIAN_POINT('',(7.071067811865,-45.64983475414,
    7.071067811865));
#1545 = LINE('',#1546,#1547);
#1546 = CARTESIAN_POINT('',(7.071067811865,-60.,7.071067811865));
#1547 = VECTOR('',#1548,1.);
#1548 = DIRECTION('',(0.,1.,-2.22044604925E-16));
#1549 = ORIENTED_EDGE('',*,*,#1550,.F.);
#1550 = EDGE_CURVE('',#1551,#1543,#1553,.T.);
#1551 = VERTEX_POINT('',#1552);
#1552 = CARTESIAN_POINT('',(7.649655706212,-48.07397313194,
    7.649655706212));
#1553 = CIRCLE('',#1554,4.);
#1554 = AXIS2_PLACEMENT_3D('',#1555,#1556,#1557);
#1555 = CARTESIAN_POINT('',(9.899494936612,-45.64983475414,
    9.899494936612));
#1556 = DIRECTION('',(0.707106781187,-1.570092458684E-16,-0.707106781187
    ));
#1557 = DIRECTION('',(0.707106781187,-1.570092458684E-16,0.707106781187)
  );
#1558 = ORIENTED_EDGE('',*,*,#1559,.T.);
#1559 = EDGE_CURVE('',#1551,#1560,#1562,.T.);
#1560 = VERTEX_POINT('',#1561);
#1561 = CARTESIAN_POINT('',(12.303212882368,-56.71189214821,
    12.303212882368));
#1562 = LINE('',#1563,#1564);
#1563 = CARTESIAN_POINT('',(0.,-33.87470491812,0.));
#1564 = VECTOR('',#1565,1.);
#1565 = DIRECTION('',(0.428531171369,-0.795438288198,0.428531171369));
#1566 = ORIENTED_EDGE('',*,*,#1567,.F.);
#1567 = EDGE_CURVE('',#1568,#1560,#1570,.T.);
#1568 = VERTEX_POINT('',#1569);
#1569 = CARTESIAN_POINT('',(14.553052112767,-58.28775377041,
    14.553052112767));
#1570 = CIRCLE('',#1571,4.);
#1571 = AXIS2_PLACEMENT_3D('',#1572,#1573,#1574);
#1572 = CARTESIAN_POINT('',(14.553052112767,-54.28775377041,
    14.553052112767));
#1573 = DIRECTION('',(0.707106781187,-1.570092458684E-16,-0.707106781187
    ));
#1574 = DIRECTION('',(0.707106781187,-1.570092458684E-16,0.707106781187)
  );
#1575 = ORIENTED_EDGE('',*,*,#1576,.F.);
#1576 = EDGE_CURVE('',#449,#1568,#1577,.T.);
#1577 = LINE('',#1578,#1579);
#1578 = CARTESIAN_POINT('',(3.535533905933,-58.28775377041,
    3.535533905933));
#1579 = VECTOR('',#1580,1.);
#1580 = DIRECTION('',(-0.707106781187,0.,-0.707106781187));
#1581 = ORIENTED_EDGE('',*,*,#448,.F.);
#1582 = PLANE('',#1583);
#1583 = AXIS2_PLACEMENT_3D('',#1584,#1585,#1586);
#1584 = CARTESIAN_POINT('',(7.071067811865,-60.,7.071067811865));
#1585 = DIRECTION('',(0.707106781187,-2.641151055597E-16,-0.707106781187
    ));
#1586 = DIRECTION('',(0.707106781187,2.086039543284E-16,0.707106781187)
  );
#1587 = ADVANCED_FACE('',(#1588),#1607,.T.);
#1588 = FACE_BOUND('',#1589,.F.);
#1589 = EDGE_LOOP('',(#1590,#1599,#1605,#1606));
#1590 = ORIENTED_EDGE('',*,*,#1591,.T.);
#1591 = EDGE_CURVE('',#1568,#1592,#1594,.T.);
#1592 = VERTEX_POINT('',#1593);
#1593 = CARTESIAN_POINT('',(17.823775938206,-58.28775377041,
    10.290561835899));
#1594 = CIRCLE('',#1595,20.581123671798);
#1595 = AXIS2_PLACEMENT_3D('',#1596,#1597,#1598);
#1596 = CARTESIAN_POINT('',(0.,-58.28775377041,0.));
#1597 = DIRECTION('',(-0.,1.,0.));
#1598 = DIRECTION('',(1.,0.,0.));
#1599 = ORIENTED_EDGE('',*,*,#1600,.F.);
#1600 = EDGE_CURVE('',#457,#1592,#1601,.T.);
#1601 = LINE('',#1602,#1603);
#1602 = CARTESIAN_POINT('',(4.330127018922,-58.28775377041,2.5));
#1603 = VECTOR('',#1604,1.);
#1604 = DIRECTION('',(-0.866025403784,0.,-0.5));
#1605 = ORIENTED_EDGE('',*,*,#456,.F.);
#1606 = ORIENTED_EDGE('',*,*,#1576,.T.);
#1607 = PLANE('',#1608);
#1608 = AXIS2_PLACEMENT_3D('',#1609,#1610,#1611);
#1609 = CARTESIAN_POINT('',(0.,-58.28775377041,0.));
#1610 = DIRECTION('',(0.,1.,0.));
#1611 = DIRECTION('',(1.,0.,0.));
#1612 = ADVANCED_FACE('',(#1613),#1683,.T.);
#1613 = FACE_BOUND('',#1614,.T.);
#1614 = EDGE_LOOP('',(#1615,#1623,#1632,#1640,#1649,#1657,#1666,#1674,
    #1681,#1682));
#1615 = ORIENTED_EDGE('',*,*,#1616,.F.);
#1616 = EDGE_CURVE('',#1617,#466,#1619,.T.);
#1617 = VERTEX_POINT('',#1618);
#1618 = CARTESIAN_POINT('',(16.974097914175,-60.,9.8));
#1619 = LINE('',#1620,#1621);
#1620 = CARTESIAN_POINT('',(8.660254037844,-60.,5.));
#1621 = VECTOR('',#1622,1.);
#1622 = DIRECTION('',(0.866025403784,1.110223024625E-16,0.5));
#1623 = ORIENTED_EDGE('',*,*,#1624,.T.);
#1624 = EDGE_CURVE('',#1617,#1625,#1627,.T.);
#1625 = VERTEX_POINT('',#1626);
#1626 = CARTESIAN_POINT('',(14.218618855288,-58.42413837779,
    8.209123423605));
#1627 = CIRCLE('',#1628,4.);
#1628 = AXIS2_PLACEMENT_3D('',#1629,#1630,#1631);
#1629 = CARTESIAN_POINT('',(16.974097914175,-56.,9.8));
#1630 = DIRECTION('',(0.5,-1.922962686384E-16,-0.866025403784));
#1631 = DIRECTION('',(0.866025403784,-1.110223024625E-16,0.5));
#1632 = ORIENTED_EDGE('',*,*,#1633,.F.);
#1633 = EDGE_CURVE('',#1634,#1625,#1636,.T.);
#1634 = VERTEX_POINT('',#1635);
#1635 = CARTESIAN_POINT('',(9.700029668916,-51.5758616222,5.600314740496
    ));
#1636 = LINE('',#1637,#1638);
#1637 = CARTESIAN_POINT('',(0.,-36.87470491812,0.));
#1638 = VECTOR('',#1639,1.);
#1639 = DIRECTION('',(0.524841354365,-0.795438288198,0.303017297225));
#1640 = ORIENTED_EDGE('',*,*,#1641,.F.);
#1641 = EDGE_CURVE('',#1642,#1634,#1644,.T.);
#1642 = VERTEX_POINT('',#1643);
#1643 = CARTESIAN_POINT('',(8.660254037844,-50.5250684903,5.));
#1644 = CIRCLE('',#1645,4.);
#1645 = AXIS2_PLACEMENT_3D('',#1646,#1647,#1648);
#1646 = CARTESIAN_POINT('',(6.944550610029,-54.,4.009438164101));
#1647 = DIRECTION('',(0.5,-1.922962686384E-16,-0.866025403784));
#1648 = DIRECTION('',(0.866025403784,-1.110223024625E-16,0.5));
#1649 = ORIENTED_EDGE('',*,*,#1650,.T.);
#1650 = EDGE_CURVE('',#1642,#1651,#1653,.T.);
#1651 = VERTEX_POINT('',#1652);
#1652 = CARTESIAN_POINT('',(8.660254037844,-45.64983475414,5.));
#1653 = LINE('',#1654,#1655);
#1654 = CARTESIAN_POINT('',(8.660254037844,-60.,5.));
#1655 = VECTOR('',#1656,1.);
#1656 = DIRECTION('',(0.,1.,-2.22044604925E-16));
#1657 = ORIENTED_EDGE('',*,*,#1658,.F.);
#1658 = EDGE_CURVE('',#1659,#1651,#1661,.T.);
#1659 = VERTEX_POINT('',#1660);
#1660 = CARTESIAN_POINT('',(9.368876594095,-48.07397313194,
    5.409123423605));
#1661 = CIRCLE('',#1662,4.);
#1662 = AXIS2_PLACEMENT_3D('',#1663,#1664,#1665);
#1663 = CARTESIAN_POINT('',(12.124355652982,-45.64983475414,7.));
#1664 = DIRECTION('',(0.5,-1.922962686384E-16,-0.866025403784));
#1665 = DIRECTION('',(0.866025403784,-1.110223024625E-16,0.5));
#1666 = ORIENTED_EDGE('',*,*,#1667,.T.);
#1667 = EDGE_CURVE('',#1659,#1668,#1670,.T.);
#1668 = VERTEX_POINT('',#1669);
#1669 = CARTESIAN_POINT('',(15.068296879319,-56.71189214821,
    8.699685259504));
#1670 = LINE('',#1671,#1672);
#1671 = CARTESIAN_POINT('',(0.,-33.87470491812,0.));
#1672 = VECTOR('',#1673,1.);
#1673 = DIRECTION('',(0.524841354365,-0.795438288198,0.303017297225));
#1674 = ORIENTED_EDGE('',*,*,#1675,.F.);
#1675 = EDGE_CURVE('',#1592,#1668,#1676,.T.);
#1676 = CIRCLE('',#1677,4.);
#1677 = AXIS2_PLACEMENT_3D('',#1678,#1679,#1680);
#1678 = CARTESIAN_POINT('',(17.823775938206,-54.28775377041,
    10.290561835899));
#1679 = DIRECTION('',(0.5,-1.922962686384E-16,-0.866025403784));
#1680 = DIRECTION('',(0.866025403784,-1.110223024625E-16,0.5));
#1681 = ORIENTED_EDGE('',*,*,#1600,.F.);
#1682 = ORIENTED_EDGE('',*,*,#465,.F.);
#1683 = PLANE('',#1684);
#1684 = AXIS2_PLACEMENT_3D('',#1685,#1686,#1687);
#1685 = CARTESIAN_POINT('',(8.660254037844,-60.,5.));
#1686 = DIRECTION('',(0.5,-1.645406930227E-16,-0.866025403784));
#1687 = DIRECTION('',(0.866025403784,1.665334536938E-16,0.5));
#1688 = ADVANCED_FACE('',(#1689),#1766,.F.);
#1689 = FACE_BOUND('',#1690,.F.);
#1690 = EDGE_LOOP('',(#1691,#1699,#1708,#1716,#1725,#1733,#1742,#1750,
    #1759,#1765));
#1691 = ORIENTED_EDGE('',*,*,#1692,.F.);
#1692 = EDGE_CURVE('',#1693,#474,#1695,.T.);
#1693 = VERTEX_POINT('',#1694);
#1694 = CARTESIAN_POINT('',(18.932146195266,-60.,5.072853284009));
#1695 = LINE('',#1696,#1697);
#1696 = CARTESIAN_POINT('',(9.659258262891,-60.,2.588190451025));
#1697 = VECTOR('',#1698,1.);
#1698 = DIRECTION('',(0.965925826289,5.942759400247E-17,0.258819045103)
  );
#1699 = ORIENTED_EDGE('',*,*,#1700,.T.);
#1700 = EDGE_CURVE('',#1693,#1701,#1703,.T.);
#1701 = VERTEX_POINT('',#1702);
#1702 = CARTESIAN_POINT('',(15.858808652109,-58.42413837779,
    4.249354971252));
#1703 = CIRCLE('',#1704,4.);
#1704 = AXIS2_PLACEMENT_3D('',#1705,#1706,#1707);
#1705 = CARTESIAN_POINT('',(18.932146195266,-56.,5.072853284009));
#1706 = DIRECTION('',(0.258819045103,-2.144786184852E-16,-0.965925826289
    ));
#1707 = DIRECTION('',(0.965925826289,-5.746937261686E-17,0.258819045103)
  );
#1708 = ORIENTED_EDGE('',*,*,#1709,.F.);
#1709 = EDGE_CURVE('',#1710,#1701,#1712,.T.);
#1710 = VERTEX_POINT('',#1711);
#1711 = CARTESIAN_POINT('',(10.818977286385,-51.5758616222,
    2.898936226818));
#1712 = LINE('',#1713,#1714);
#1713 = CARTESIAN_POINT('',(0.,-36.87470491812,0.));
#1714 = VECTOR('',#1715,1.);
#1715 = DIRECTION('',(0.585384466403,-0.795438288198,0.156853295034));
#1716 = ORIENTED_EDGE('',*,*,#1717,.F.);
#1717 = EDGE_CURVE('',#1718,#1710,#1720,.T.);
#1718 = VERTEX_POINT('',#1719);
#1719 = CARTESIAN_POINT('',(9.659258262891,-50.5250684903,2.588190451025
    ));
#1720 = CIRCLE('',#1721,4.);
#1721 = AXIS2_PLACEMENT_3D('',#1722,#1723,#1724);
#1722 = CARTESIAN_POINT('',(7.745639743228,-54.,2.07543791406));
#1723 = DIRECTION('',(0.258819045103,-2.144786184852E-16,-0.965925826289
    ));
#1724 = DIRECTION('',(0.965925826289,-5.746937261686E-17,0.258819045103)
  );
#1725 = ORIENTED_EDGE('',*,*,#1726,.T.);
#1726 = EDGE_CURVE('',#1718,#1727,#1729,.T.);
#1727 = VERTEX_POINT('',#1728);
#1728 = CARTESIAN_POINT('',(9.659258262891,-45.64983475414,
    2.588190451025));
#1729 = LINE('',#1730,#1731);
#1730 = CARTESIAN_POINT('',(9.659258262891,-60.,2.588190451025));
#1731 = VECTOR('',#1732,1.);
#1732 = DIRECTION('',(0.,1.,-2.22044604925E-16));
#1733 = ORIENTED_EDGE('',*,*,#1734,.F.);
#1734 = EDGE_CURVE('',#1735,#1727,#1737,.T.);
#1735 = VERTEX_POINT('',#1736);
#1736 = CARTESIAN_POINT('',(10.44962402489,-48.07397313194,
    2.799968318678));
#1737 = CIRCLE('',#1738,4.);
#1738 = AXIS2_PLACEMENT_3D('',#1739,#1740,#1741);
#1739 = CARTESIAN_POINT('',(13.522961568047,-45.64983475414,
    3.623466631435));
#1740 = DIRECTION('',(0.258819045103,-2.144786184852E-16,-0.965925826289
    ));
#1741 = DIRECTION('',(0.965925826289,-5.746937261686E-17,0.258819045103)
  );
#1742 = ORIENTED_EDGE('',*,*,#1743,.T.);
#1743 = EDGE_CURVE('',#1735,#1744,#1746,.T.);
#1744 = VERTEX_POINT('',#1745);
#1745 = CARTESIAN_POINT('',(16.806501345482,-56.71189214821,
    4.503288463115));
#1746 = LINE('',#1747,#1748);
#1747 = CARTESIAN_POINT('',(0.,-33.87470491812,0.));
#1748 = VECTOR('',#1749,1.);
#1749 = DIRECTION('',(0.585384466403,-0.795438288198,0.156853295034));
#1750 = ORIENTED_EDGE('',*,*,#1751,.F.);
#1751 = EDGE_CURVE('',#1752,#1744,#1754,.T.);
#1752 = VERTEX_POINT('',#1753);
#1753 = CARTESIAN_POINT('',(19.879838888639,-58.28775377041,
    5.326786775872));
#1754 = CIRCLE('',#1755,4.);
#1755 = AXIS2_PLACEMENT_3D('',#1756,#1757,#1758);
#1756 = CARTESIAN_POINT('',(19.879838888639,-54.28775377041,
    5.326786775872));
#1757 = DIRECTION('',(0.258819045103,-2.144786184852E-16,-0.965925826289
    ));
#1758 = DIRECTION('',(0.965925826289,-5.746937261686E-17,0.258819045103)
  );
#1759 = ORIENTED_EDGE('',*,*,#1760,.F.);
#1760 = EDGE_CURVE('',#483,#1752,#1761,.T.);
#1761 = LINE('',#1762,#1763);
#1762 = CARTESIAN_POINT('',(4.829629131445,-58.28775377041,
    1.294095225513));
#1763 = VECTOR('',#1764,1.);
#1764 = DIRECTION('',(-0.965925826289,0.,-0.258819045103));
#1765 = ORIENTED_EDGE('',*,*,#482,.F.);
#1766 = PLANE('',#1767);
#1767 = AXIS2_PLACEMENT_3D('',#1768,#1769,#1770);
#1768 = CARTESIAN_POINT('',(9.659258262891,-60.,2.588190451025));
#1769 = DIRECTION('',(0.258819045103,-2.006008306774E-16,-0.965925826289
    ));
#1770 = DIRECTION('',(0.965925826289,1.684916750794E-16,0.258819045103)
  );
#1771 = ADVANCED_FACE('',(#1772),#1791,.T.);
#1772 = FACE_BOUND('',#1773,.F.);
#1773 = EDGE_LOOP('',(#1774,#1783,#1789,#1790));
#1774 = ORIENTED_EDGE('',*,*,#1775,.T.);
#1775 = EDGE_CURVE('',#1752,#1776,#1778,.T.);
#1776 = VERTEX_POINT('',#1777);
#1777 = CARTESIAN_POINT('',(20.581123671798,-58.28775377041,0.));
#1778 = CIRCLE('',#1779,20.581123671798);
#1779 = AXIS2_PLACEMENT_3D('',#1780,#1781,#1782);
#1780 = CARTESIAN_POINT('',(0.,-58.28775377041,0.));
#1781 = DIRECTION('',(-0.,1.,0.));
#1782 = DIRECTION('',(1.,0.,0.));
#1783 = ORIENTED_EDGE('',*,*,#1784,.F.);
#1784 = EDGE_CURVE('',#491,#1776,#1785,.T.);
#1785 = LINE('',#1786,#1787);
#1786 = CARTESIAN_POINT('',(5.,-58.28775377041,-3.021226561142E-15));
#1787 = VECTOR('',#1788,1.);
#1788 = DIRECTION('',(-1.,0.,2.22044604925E-16));
#1789 = ORIENTED_EDGE('',*,*,#490,.F.);
#1790 = ORIENTED_EDGE('',*,*,#1760,.T.);
#1791 = PLANE('',#1792);
#1792 = AXIS2_PLACEMENT_3D('',#1793,#1794,#1795);
#1793 = CARTESIAN_POINT('',(0.,-58.28775377041,0.));
#1794 = DIRECTION('',(0.,1.,0.));
#1795 = DIRECTION('',(1.,0.,0.));
#1796 = ADVANCED_FACE('',(#1797),#1867,.T.);
#1797 = FACE_BOUND('',#1798,.T.);
#1798 = EDGE_LOOP('',(#1799,#1807,#1816,#1824,#1833,#1841,#1850,#1858,
    #1865,#1866));
#1799 = ORIENTED_EDGE('',*,*,#1800,.F.);
#1800 = EDGE_CURVE('',#1801,#530,#1803,.T.);
#1801 = VERTEX_POINT('',#1802);
#1802 = CARTESIAN_POINT('',(19.6,-60.,0.));
#1803 = LINE('',#1804,#1805);
#1804 = CARTESIAN_POINT('',(10.,-60.,-7.105427357601E-15));
#1805 = VECTOR('',#1806,1.);
#1806 = DIRECTION('',(1.,-1.972152263053E-31,-2.22044604925E-16));
#1807 = ORIENTED_EDGE('',*,*,#1808,.F.);
#1808 = EDGE_CURVE('',#1809,#1801,#1811,.T.);
#1809 = VERTEX_POINT('',#1810);
#1810 = CARTESIAN_POINT('',(16.41824684721,-58.42413837779,0.));
#1811 = CIRCLE('',#1812,4.);
#1812 = AXIS2_PLACEMENT_3D('',#1813,#1814,#1815);
#1813 = CARTESIAN_POINT('',(19.6,-56.,0.));
#1814 = DIRECTION('',(0.,0.,1.));
#1815 = DIRECTION('',(1.,0.,0.));
#1816 = ORIENTED_EDGE('',*,*,#1817,.F.);
#1817 = EDGE_CURVE('',#1818,#1809,#1820,.T.);
#1818 = VERTEX_POINT('',#1819);
#1819 = CARTESIAN_POINT('',(11.200629480992,-51.5758616222,0.));
#1820 = LINE('',#1821,#1822);
#1821 = CARTESIAN_POINT('',(11.200629480992,-51.5758616222,0.));
#1822 = VECTOR('',#1823,1.);
#1823 = DIRECTION('',(0.606034594449,-0.795438288198,0.));
#1824 = ORIENTED_EDGE('',*,*,#1825,.T.);
#1825 = EDGE_CURVE('',#1818,#1826,#1828,.T.);
#1826 = VERTEX_POINT('',#1827);
#1827 = CARTESIAN_POINT('',(10.,-50.5250684903,-2.697934711226E-15));
#1828 = CIRCLE('',#1829,4.);
#1829 = AXIS2_PLACEMENT_3D('',#1830,#1831,#1832);
#1830 = CARTESIAN_POINT('',(8.018876328202,-54.,0.));
#1831 = DIRECTION('',(0.,0.,1.));
#1832 = DIRECTION('',(1.,0.,0.));
#1833 = ORIENTED_EDGE('',*,*,#1834,.T.);
#1834 = EDGE_CURVE('',#1826,#1835,#1837,.T.);
#1835 = VERTEX_POINT('',#1836);
#1836 = CARTESIAN_POINT('',(10.,-45.64983475414,0.));
#1837 = LINE('',#1838,#1839);
#1838 = CARTESIAN_POINT('',(10.,-60.,-3.292011998691E-15));
#1839 = VECTOR('',#1840,1.);
#1840 = DIRECTION('',(0.,1.,-2.22044604925E-16));
#1841 = ORIENTED_EDGE('',*,*,#1842,.T.);
#1842 = EDGE_CURVE('',#1835,#1843,#1845,.T.);
#1843 = VERTEX_POINT('',#1844);
#1844 = CARTESIAN_POINT('',(10.81824684721,-48.07397313194,0.));
#1845 = CIRCLE('',#1846,4.);
#1846 = AXIS2_PLACEMENT_3D('',#1847,#1848,#1849);
#1847 = CARTESIAN_POINT('',(14.,-45.64983475414,0.));
#1848 = DIRECTION('',(0.,0.,1.));
#1849 = DIRECTION('',(1.,0.,0.));
#1850 = ORIENTED_EDGE('',*,*,#1851,.T.);
#1851 = EDGE_CURVE('',#1843,#1852,#1854,.T.);
#1852 = VERTEX_POINT('',#1853);
#1853 = CARTESIAN_POINT('',(17.399370519008,-56.71189214821,0.));
#1854 = LINE('',#1855,#1856);
#1855 = CARTESIAN_POINT('',(10.81824684721,-48.07397313194,0.));
#1856 = VECTOR('',#1857,1.);
#1857 = DIRECTION('',(0.606034594449,-0.795438288198,0.));
#1858 = ORIENTED_EDGE('',*,*,#1859,.T.);
#1859 = EDGE_CURVE('',#1852,#1776,#1860,.T.);
#1860 = CIRCLE('',#1861,4.);
#1861 = AXIS2_PLACEMENT_3D('',#1862,#1863,#1864);
#1862 = CARTESIAN_POINT('',(20.581123671798,-54.28775377041,0.));
#1863 = DIRECTION('',(0.,0.,1.));
#1864 = DIRECTION('',(1.,0.,0.));
#1865 = ORIENTED_EDGE('',*,*,#1784,.F.);
#1866 = ORIENTED_EDGE('',*,*,#529,.F.);
#1867 = PLANE('',#1868);
#1868 = AXIS2_PLACEMENT_3D('',#1869,#1870,#1871);
#1869 = CARTESIAN_POINT('',(10.,-60.,-3.751254548185E-15));
#1870 = DIRECTION('',(-2.22044604925E-16,-2.22044604925E-16,-1.));
#1871 = DIRECTION('',(1.,-1.972152263053E-31,-2.22044604925E-16));
#1872 = ADVANCED_FACE('',(#1873),#1950,.F.);
#1873 = FACE_BOUND('',#1874,.F.);
#1874 = EDGE_LOOP('',(#1875,#1883,#1892,#1900,#1909,#1917,#1926,#1934,
    #1943,#1949));
#1875 = ORIENTED_EDGE('',*,*,#1876,.F.);
#1876 = EDGE_CURVE('',#1877,#538,#1879,.T.);
#1877 = VERTEX_POINT('',#1878);
#1878 = CARTESIAN_POINT('',(18.932146195266,-60.,-5.072853284009));
#1879 = LINE('',#1880,#1881);
#1880 = CARTESIAN_POINT('',(9.659258262891,-60.,-2.588190451025));
#1881 = VECTOR('',#1882,1.);
#1882 = DIRECTION('',(0.965925826289,-5.746937261686E-17,-0.258819045103
    ));
#1883 = ORIENTED_EDGE('',*,*,#1884,.T.);
#1884 = EDGE_CURVE('',#1877,#1885,#1887,.T.);
#1885 = VERTEX_POINT('',#1886);
#1886 = CARTESIAN_POINT('',(15.858808652109,-58.42413837779,
    -4.249354971252));
#1887 = CIRCLE('',#1888,4.);
#1888 = AXIS2_PLACEMENT_3D('',#1889,#1890,#1891);
#1889 = CARTESIAN_POINT('',(18.932146195266,-56.,-5.072853284009));
#1890 = DIRECTION('',(-0.258819045103,-2.144786184852E-16,
    -0.965925826289));
#1891 = DIRECTION('',(0.965925826289,5.746937261686E-17,-0.258819045103)
  );
#1892 = ORIENTED_EDGE('',*,*,#1893,.F.);
#1893 = EDGE_CURVE('',#1894,#1885,#1896,.T.);
#1894 = VERTEX_POINT('',#1895);
#1895 = CARTESIAN_POINT('',(10.818977286385,-51.5758616222,
    -2.898936226818));
#1896 = LINE('',#1897,#1898);
#1897 = CARTESIAN_POINT('',(0.,-36.87470491812,0.));
#1898 = VECTOR('',#1899,1.);
#1899 = DIRECTION('',(0.585384466403,-0.795438288198,-0.156853295034));
#1900 = ORIENTED_EDGE('',*,*,#1901,.F.);
#1901 = EDGE_CURVE('',#1902,#1894,#1904,.T.);
#1902 = VERTEX_POINT('',#1903);
#1903 = CARTESIAN_POINT('',(9.659258262891,-50.5250684903,
    -2.588190451025));
#1904 = CIRCLE('',#1905,4.);
#1905 = AXIS2_PLACEMENT_3D('',#1906,#1907,#1908);
#1906 = CARTESIAN_POINT('',(7.745639743228,-54.,-2.07543791406));
#1907 = DIRECTION('',(-0.258819045103,-2.144786184852E-16,
    -0.965925826289));
#1908 = DIRECTION('',(0.965925826289,5.746937261686E-17,-0.258819045103)
  );
#1909 = ORIENTED_EDGE('',*,*,#1910,.T.);
#1910 = EDGE_CURVE('',#1902,#1911,#1913,.T.);
#1911 = VERTEX_POINT('',#1912);
#1912 = CARTESIAN_POINT('',(9.659258262891,-45.64983475414,
    -2.588190451025));
#1913 = LINE('',#1914,#1915);
#1914 = CARTESIAN_POINT('',(9.659258262891,-60.,-2.588190451025));
#1915 = VECTOR('',#1916,1.);
#1916 = DIRECTION('',(0.,1.,-2.22044604925E-16));
#1917 = ORIENTED_EDGE('',*,*,#1918,.F.);
#1918 = EDGE_CURVE('',#1919,#1911,#1921,.T.);
#1919 = VERTEX_POINT('',#1920);
#1920 = CARTESIAN_POINT('',(10.44962402489,-48.07397313194,
    -2.799968318678));
#1921 = CIRCLE('',#1922,4.);
#1922 = AXIS2_PLACEMENT_3D('',#1923,#1924,#1925);
#1923 = CARTESIAN_POINT('',(13.522961568047,-45.64983475414,
    -3.623466631435));
#1924 = DIRECTION('',(-0.258819045103,-2.144786184852E-16,
    -0.965925826289));
#1925 = DIRECTION('',(0.965925826289,5.746937261686E-17,-0.258819045103)
  );
#1926 = ORIENTED_EDGE('',*,*,#1927,.T.);
#1927 = EDGE_CURVE('',#1919,#1928,#1930,.T.);
#1928 = VERTEX_POINT('',#1929);
#1929 = CARTESIAN_POINT('',(16.806501345482,-56.71189214821,
    -4.503288463115));
#1930 = LINE('',#1931,#1932);
#1931 = CARTESIAN_POINT('',(0.,-33.87470491812,0.));
#1932 = VECTOR('',#1933,1.);
#1933 = DIRECTION('',(0.585384466403,-0.795438288198,-0.156853295034));
#1934 = ORIENTED_EDGE('',*,*,#1935,.F.);
#1935 = EDGE_CURVE('',#1936,#1928,#1938,.T.);
#1936 = VERTEX_POINT('',#1937);
#1937 = CARTESIAN_POINT('',(19.879838888639,-58.28775377041,
    -5.326786775872));
#1938 = CIRCLE('',#1939,4.);
#1939 = AXIS2_PLACEMENT_3D('',#1940,#1941,#1942);
#1940 = CARTESIAN_POINT('',(19.879838888639,-54.28775377041,
    -5.326786775872));
#1941 = DIRECTION('',(-0.258819045103,-2.144786184852E-16,
    -0.965925826289));
#1942 = DIRECTION('',(0.965925826289,5.746937261686E-17,-0.258819045103)
  );
#1943 = ORIENTED_EDGE('',*,*,#1944,.F.);
#1944 = EDGE_CURVE('',#547,#1936,#1945,.T.);
#1945 = LINE('',#1946,#1947);
#1946 = CARTESIAN_POINT('',(4.829629131445,-58.28775377041,
    -1.294095225513));
#1947 = VECTOR('',#1948,1.);
#1948 = DIRECTION('',(-0.965925826289,0.,0.258819045103));
#1949 = ORIENTED_EDGE('',*,*,#546,.F.);
#1950 = PLANE('',#1951);
#1951 = AXIS2_PLACEMENT_3D('',#1952,#1953,#1954);
#1952 = CARTESIAN_POINT('',(9.659258262891,-60.,-2.588190451025));
#1953 = DIRECTION('',(-0.258819045103,-2.144786184852E-16,
    -0.965925826289));
#1954 = DIRECTION('',(0.965925826289,-5.746937261686E-17,-0.258819045103
    ));
#1955 = ADVANCED_FACE('',(#1956),#1975,.T.);
#1956 = FACE_BOUND('',#1957,.F.);
#1957 = EDGE_LOOP('',(#1958,#1959,#1968,#1974));
#1958 = ORIENTED_EDGE('',*,*,#1944,.T.);
#1959 = ORIENTED_EDGE('',*,*,#1960,.T.);
#1960 = EDGE_CURVE('',#1936,#1961,#1963,.T.);
#1961 = VERTEX_POINT('',#1962);
#1962 = CARTESIAN_POINT('',(17.823775938206,-58.28775377041,
    -10.29056183589));
#1963 = CIRCLE('',#1964,20.581123671798);
#1964 = AXIS2_PLACEMENT_3D('',#1965,#1966,#1967);
#1965 = CARTESIAN_POINT('',(0.,-58.28775377041,0.));
#1966 = DIRECTION('',(-0.,1.,0.));
#1967 = DIRECTION('',(1.,0.,0.));
#1968 = ORIENTED_EDGE('',*,*,#1969,.F.);
#1969 = EDGE_CURVE('',#555,#1961,#1970,.T.);
#1970 = LINE('',#1971,#1972);
#1971 = CARTESIAN_POINT('',(4.330127018922,-58.28775377041,-2.5));
#1972 = VECTOR('',#1973,1.);
#1973 = DIRECTION('',(-0.866025403784,0.,0.5));
#1974 = ORIENTED_EDGE('',*,*,#554,.F.);
#1975 = PLANE('',#1976);
#1976 = AXIS2_PLACEMENT_3D('',#1977,#1978,#1979);
#1977 = CARTESIAN_POINT('',(0.,-58.28775377041,0.));
#1978 = DIRECTION('',(0.,1.,0.));
#1979 = DIRECTION('',(1.,0.,0.));
#1980 = ADVANCED_FACE('',(#1981),#2051,.T.);
#1981 = FACE_BOUND('',#1982,.T.);
#1982 = EDGE_LOOP('',(#1983,#1991,#2000,#2008,#2017,#2025,#2034,#2042,
    #2049,#2050));
#1983 = ORIENTED_EDGE('',*,*,#1984,.F.);
#1984 = EDGE_CURVE('',#1985,#564,#1987,.T.);
#1985 = VERTEX_POINT('',#1986);
#1986 = CARTESIAN_POINT('',(16.974097914175,-60.,-9.8));
#1987 = LINE('',#1988,#1989);
#1988 = CARTESIAN_POINT('',(8.660254037844,-60.,-5.));
#1989 = VECTOR('',#1990,1.);
#1990 = DIRECTION('',(0.866025403784,-1.665334536938E-16,-0.5));
#1991 = ORIENTED_EDGE('',*,*,#1992,.T.);
#1992 = EDGE_CURVE('',#1985,#1993,#1995,.T.);
#1993 = VERTEX_POINT('',#1994);
#1994 = CARTESIAN_POINT('',(14.218618855288,-58.42413837779,
    -8.209123423605));
#1995 = CIRCLE('',#1996,4.);
#1996 = AXIS2_PLACEMENT_3D('',#1997,#1998,#1999);
#1997 = CARTESIAN_POINT('',(16.974097914175,-56.,-9.8));
#1998 = DIRECTION('',(-0.5,-1.922962686384E-16,-0.866025403784));
#1999 = DIRECTION('',(0.866025403784,1.110223024625E-16,-0.5));
#2000 = ORIENTED_EDGE('',*,*,#2001,.F.);
#2001 = EDGE_CURVE('',#2002,#1993,#2004,.T.);
#2002 = VERTEX_POINT('',#2003);
#2003 = CARTESIAN_POINT('',(9.700029668916,-51.5758616222,
    -5.600314740496));
#2004 = LINE('',#2005,#2006);
#2005 = CARTESIAN_POINT('',(0.,-36.87470491812,0.));
#2006 = VECTOR('',#2007,1.);
#2007 = DIRECTION('',(0.524841354365,-0.795438288198,-0.303017297225));
#2008 = ORIENTED_EDGE('',*,*,#2009,.F.);
#2009 = EDGE_CURVE('',#2010,#2002,#2012,.T.);
#2010 = VERTEX_POINT('',#2011);
#2011 = CARTESIAN_POINT('',(8.660254037844,-50.5250684903,-5.));
#2012 = CIRCLE('',#2013,4.);
#2013 = AXIS2_PLACEMENT_3D('',#2014,#2015,#2016);
#2014 = CARTESIAN_POINT('',(6.944550610029,-54.,-4.009438164101));
#2015 = DIRECTION('',(-0.5,-1.922962686384E-16,-0.866025403784));
#2016 = DIRECTION('',(0.866025403784,1.110223024625E-16,-0.5));
#2017 = ORIENTED_EDGE('',*,*,#2018,.T.);
#2018 = EDGE_CURVE('',#2010,#2019,#2021,.T.);
#2019 = VERTEX_POINT('',#2020);
#2020 = CARTESIAN_POINT('',(8.660254037844,-45.64983475414,-5.));
#2021 = LINE('',#2022,#2023);
#2022 = CARTESIAN_POINT('',(8.660254037844,-60.,-5.));
#2023 = VECTOR('',#2024,1.);
#2024 = DIRECTION('',(0.,1.,-2.22044604925E-16));
#2025 = ORIENTED_EDGE('',*,*,#2026,.F.);
#2026 = EDGE_CURVE('',#2027,#2019,#2029,.T.);
#2027 = VERTEX_POINT('',#2028);
#2028 = CARTESIAN_POINT('',(9.368876594095,-48.07397313194,
    -5.409123423605));
#2029 = CIRCLE('',#2030,4.);
#2030 = AXIS2_PLACEMENT_3D('',#2031,#2032,#2033);
#2031 = CARTESIAN_POINT('',(12.124355652982,-45.64983475414,-7.));
#2032 = DIRECTION('',(-0.5,-1.922962686384E-16,-0.866025403784));
#2033 = DIRECTION('',(0.866025403784,1.110223024625E-16,-0.5));
#2034 = ORIENTED_EDGE('',*,*,#2035,.T.);
#2035 = EDGE_CURVE('',#2027,#2036,#2038,.T.);
#2036 = VERTEX_POINT('',#2037);
#2037 = CARTESIAN_POINT('',(15.068296879319,-56.71189214821,
    -8.699685259504));
#2038 = LINE('',#2039,#2040);
#2039 = CARTESIAN_POINT('',(0.,-33.87470491812,0.));
#2040 = VECTOR('',#2041,1.);
#2041 = DIRECTION('',(0.524841354365,-0.795438288198,-0.303017297225));
#2042 = ORIENTED_EDGE('',*,*,#2043,.F.);
#2043 = EDGE_CURVE('',#1961,#2036,#2044,.T.);
#2044 = CIRCLE('',#2045,4.);
#2045 = AXIS2_PLACEMENT_3D('',#2046,#2047,#2048);
#2046 = CARTESIAN_POINT('',(17.823775938206,-54.28775377041,
    -10.29056183589));
#2047 = DIRECTION('',(-0.5,-1.922962686384E-16,-0.866025403784));
#2048 = DIRECTION('',(0.866025403784,1.110223024625E-16,-0.5));
#2049 = ORIENTED_EDGE('',*,*,#1969,.F.);
#2050 = ORIENTED_EDGE('',*,*,#563,.F.);
#2051 = PLANE('',#2052);
#2052 = AXIS2_PLACEMENT_3D('',#2053,#2054,#2055);
#2053 = CARTESIAN_POINT('',(8.660254037844,-60.,-5.));
#2054 = DIRECTION('',(-0.5,-2.160663229119E-16,-0.866025403784));
#2055 = DIRECTION('',(0.866025403784,-1.665334536938E-16,-0.5));
#2056 = ADVANCED_FACE('',(#2057),#2134,.F.);
#2057 = FACE_BOUND('',#2058,.F.);
#2058 = EDGE_LOOP('',(#2059,#2067,#2076,#2084,#2093,#2101,#2110,#2118,
    #2127,#2133));
#2059 = ORIENTED_EDGE('',*,*,#2060,.F.);
#2060 = EDGE_CURVE('',#2061,#572,#2063,.T.);
#2061 = VERTEX_POINT('',#2062);
#2062 = CARTESIAN_POINT('',(13.859292911256,-60.,-13.85929291125));
#2063 = LINE('',#2064,#2065);
#2064 = CARTESIAN_POINT('',(7.071067811865,-60.,-7.071067811865));
#2065 = VECTOR('',#2066,1.);
#2066 = DIRECTION('',(0.707106781187,-2.585073405055E-16,-0.707106781187
    ));
#2067 = ORIENTED_EDGE('',*,*,#2068,.T.);
#2068 = EDGE_CURVE('',#2061,#2069,#2071,.T.);
#2069 = VERTEX_POINT('',#2070);
#2070 = CARTESIAN_POINT('',(11.609453680857,-58.42413837779,
    -11.60945368085));
#2071 = CIRCLE('',#2072,4.);
#2072 = AXIS2_PLACEMENT_3D('',#2073,#2074,#2075);
#2073 = CARTESIAN_POINT('',(13.859292911256,-56.,-13.85929291125));
#2074 = DIRECTION('',(-0.707106781187,-1.570092458684E-16,
    -0.707106781187));
#2075 = DIRECTION('',(0.707106781187,1.570092458684E-16,-0.707106781187)
  );
#2076 = ORIENTED_EDGE('',*,*,#2077,.F.);
#2077 = EDGE_CURVE('',#2078,#2069,#2080,.T.);
#2078 = VERTEX_POINT('',#2079);
#2079 = CARTESIAN_POINT('',(7.920041059567,-51.5758616222,
    -7.920041059567));
#2080 = LINE('',#2081,#2082);
#2081 = CARTESIAN_POINT('',(0.,-36.87470491812,0.));
#2082 = VECTOR('',#2083,1.);
#2083 = DIRECTION('',(0.428531171369,-0.795438288198,-0.428531171369));
#2084 = ORIENTED_EDGE('',*,*,#2085,.F.);
#2085 = EDGE_CURVE('',#2086,#2078,#2088,.T.);
#2086 = VERTEX_POINT('',#2087);
#2087 = CARTESIAN_POINT('',(7.071067811865,-50.5250684903,
    -7.071067811865));
#2088 = CIRCLE('',#2089,4.);
#2089 = AXIS2_PLACEMENT_3D('',#2090,#2091,#2092);
#2090 = CARTESIAN_POINT('',(5.670201829168,-54.,-5.670201829168));
#2091 = DIRECTION('',(-0.707106781187,-1.570092458684E-16,
    -0.707106781187));
#2092 = DIRECTION('',(0.707106781187,1.570092458684E-16,-0.707106781187)
  );
#2093 = ORIENTED_EDGE('',*,*,#2094,.T.);
#2094 = EDGE_CURVE('',#2086,#2095,#2097,.T.);
#2095 = VERTEX_POINT('',#2096);
#2096 = CARTESIAN_POINT('',(7.071067811865,-45.64983475414,
    -7.071067811865));
#2097 = LINE('',#2098,#2099);
#2098 = CARTESIAN_POINT('',(7.071067811865,-60.,-7.071067811865));
#2099 = VECTOR('',#2100,1.);
#2100 = DIRECTION('',(0.,1.,-2.22044604925E-16));
#2101 = ORIENTED_EDGE('',*,*,#2102,.F.);
#2102 = EDGE_CURVE('',#2103,#2095,#2105,.T.);
#2103 = VERTEX_POINT('',#2104);
#2104 = CARTESIAN_POINT('',(7.649655706212,-48.07397313194,
    -7.649655706212));
#2105 = CIRCLE('',#2106,4.);
#2106 = AXIS2_PLACEMENT_3D('',#2107,#2108,#2109);
#2107 = CARTESIAN_POINT('',(9.899494936612,-45.64983475414,
    -9.899494936612));
#2108 = DIRECTION('',(-0.707106781187,-1.570092458684E-16,
    -0.707106781187));
#2109 = DIRECTION('',(0.707106781187,1.570092458684E-16,-0.707106781187)
  );
#2110 = ORIENTED_EDGE('',*,*,#2111,.T.);
#2111 = EDGE_CURVE('',#2103,#2112,#2114,.T.);
#2112 = VERTEX_POINT('',#2113);
#2113 = CARTESIAN_POINT('',(12.303212882368,-56.71189214821,
    -12.30321288236));
#2114 = LINE('',#2115,#2116);
#2115 = CARTESIAN_POINT('',(0.,-33.87470491812,0.));
#2116 = VECTOR('',#2117,1.);
#2117 = DIRECTION('',(0.428531171369,-0.795438288198,-0.428531171369));
#2118 = ORIENTED_EDGE('',*,*,#2119,.F.);
#2119 = EDGE_CURVE('',#2120,#2112,#2122,.T.);
#2120 = VERTEX_POINT('',#2121);
#2121 = CARTESIAN_POINT('',(14.553052112767,-58.28775377041,
    -14.55305211276));
#2122 = CIRCLE('',#2123,4.);
#2123 = AXIS2_PLACEMENT_3D('',#2124,#2125,#2126);
#2124 = CARTESIAN_POINT('',(14.553052112767,-54.28775377041,
    -14.55305211276));
#2125 = DIRECTION('',(-0.707106781187,-1.570092458684E-16,
    -0.707106781187));
#2126 = DIRECTION('',(0.707106781187,1.570092458684E-16,-0.707106781187)
  );
#2127 = ORIENTED_EDGE('',*,*,#2128,.F.);
#2128 = EDGE_CURVE('',#581,#2120,#2129,.T.);
#2129 = LINE('',#2130,#2131);
#2130 = CARTESIAN_POINT('',(3.535533905933,-58.28775377041,
    -3.535533905933));
#2131 = VECTOR('',#2132,1.);
#2132 = DIRECTION('',(-0.707106781187,0.,0.707106781187));
#2133 = ORIENTED_EDGE('',*,*,#580,.F.);
#2134 = PLANE('',#2135);
#2135 = AXIS2_PLACEMENT_3D('',#2136,#2137,#2138);
#2136 = CARTESIAN_POINT('',(7.071067811865,-60.,-7.071067811865));
#2137 = DIRECTION('',(-0.707106781187,-1.379608302176E-16,
    -0.707106781187));
#2138 = DIRECTION('',(0.707106781187,-1.934719814488E-16,-0.707106781187
    ));
#2139 = ADVANCED_FACE('',(#2140),#2159,.T.);
#2140 = FACE_BOUND('',#2141,.F.);
#2141 = EDGE_LOOP('',(#2142,#2143,#2152,#2158));
#2142 = ORIENTED_EDGE('',*,*,#2128,.T.);
#2143 = ORIENTED_EDGE('',*,*,#2144,.T.);
#2144 = EDGE_CURVE('',#2120,#2145,#2147,.T.);
#2145 = VERTEX_POINT('',#2146);
#2146 = CARTESIAN_POINT('',(10.290561835899,-58.28775377041,
    -17.8237759382));
#2147 = CIRCLE('',#2148,20.581123671798);
#2148 = AXIS2_PLACEMENT_3D('',#2149,#2150,#2151);
#2149 = CARTESIAN_POINT('',(0.,-58.28775377041,0.));
#2150 = DIRECTION('',(-0.,1.,0.));
#2151 = DIRECTION('',(1.,0.,0.));
#2152 = ORIENTED_EDGE('',*,*,#2153,.F.);
#2153 = EDGE_CURVE('',#589,#2145,#2154,.T.);
#2154 = LINE('',#2155,#2156);
#2155 = CARTESIAN_POINT('',(2.5,-58.28775377041,-4.330127018922));
#2156 = VECTOR('',#2157,1.);
#2157 = DIRECTION('',(-0.5,0.,0.866025403784));
#2158 = ORIENTED_EDGE('',*,*,#588,.F.);
#2159 = PLANE('',#2160);
#2160 = AXIS2_PLACEMENT_3D('',#2161,#2162,#2163);
#2161 = CARTESIAN_POINT('',(0.,-58.28775377041,0.));
#2162 = DIRECTION('',(0.,1.,0.));
#2163 = DIRECTION('',(1.,0.,0.));
#2164 = ADVANCED_FACE('',(#2165),#2235,.T.);
#2165 = FACE_BOUND('',#2166,.T.);
#2166 = EDGE_LOOP('',(#2167,#2175,#2184,#2192,#2201,#2209,#2218,#2226,
    #2233,#2234));
#2167 = ORIENTED_EDGE('',*,*,#2168,.F.);
#2168 = EDGE_CURVE('',#2169,#598,#2171,.T.);
#2169 = VERTEX_POINT('',#2170);
#2170 = CARTESIAN_POINT('',(9.8,-60.,-16.97409791417));
#2171 = LINE('',#2172,#2173);
#2172 = CARTESIAN_POINT('',(5.,-60.,-8.660254037844));
#2173 = VECTOR('',#2174,1.);
#2174 = DIRECTION('',(0.5,-1.903035079673E-16,-0.866025403784));
#2175 = ORIENTED_EDGE('',*,*,#2176,.T.);
#2176 = EDGE_CURVE('',#2169,#2177,#2179,.T.);
#2177 = VERTEX_POINT('',#2178);
#2178 = CARTESIAN_POINT('',(8.209123423605,-58.42413837779,
    -14.21861885528));
#2179 = CIRCLE('',#2180,4.);
#2180 = AXIS2_PLACEMENT_3D('',#2181,#2182,#2183);
#2181 = CARTESIAN_POINT('',(9.8,-56.,-16.97409791417));
#2182 = DIRECTION('',(-0.866025403784,-1.110223024625E-16,-0.5));
#2183 = DIRECTION('',(0.5,1.922962686384E-16,-0.866025403784));
#2184 = ORIENTED_EDGE('',*,*,#2185,.F.);
#2185 = EDGE_CURVE('',#2186,#2177,#2188,.T.);
#2186 = VERTEX_POINT('',#2187);
#2187 = CARTESIAN_POINT('',(5.600314740496,-51.5758616222,
    -9.700029668916));
#2188 = LINE('',#2189,#2190);
#2189 = CARTESIAN_POINT('',(0.,-36.87470491812,0.));
#2190 = VECTOR('',#2191,1.);
#2191 = DIRECTION('',(0.303017297225,-0.795438288198,-0.524841354365));
#2192 = ORIENTED_EDGE('',*,*,#2193,.F.);
#2193 = EDGE_CURVE('',#2194,#2186,#2196,.T.);
#2194 = VERTEX_POINT('',#2195);
#2195 = CARTESIAN_POINT('',(5.,-50.5250684903,-8.660254037844));
#2196 = CIRCLE('',#2197,4.);
#2197 = AXIS2_PLACEMENT_3D('',#2198,#2199,#2200);
#2198 = CARTESIAN_POINT('',(4.009438164101,-54.,-6.944550610029));
#2199 = DIRECTION('',(-0.866025403784,-1.110223024625E-16,-0.5));
#2200 = DIRECTION('',(0.5,1.922962686384E-16,-0.866025403784));
#2201 = ORIENTED_EDGE('',*,*,#2202,.T.);
#2202 = EDGE_CURVE('',#2194,#2203,#2205,.T.);
#2203 = VERTEX_POINT('',#2204);
#2204 = CARTESIAN_POINT('',(5.,-45.64983475414,-8.660254037844));
#2205 = LINE('',#2206,#2207);
#2206 = CARTESIAN_POINT('',(5.,-60.,-8.660254037844));
#2207 = VECTOR('',#2208,1.);
#2208 = DIRECTION('',(0.,1.,-2.22044604925E-16));
#2209 = ORIENTED_EDGE('',*,*,#2210,.F.);
#2210 = EDGE_CURVE('',#2211,#2203,#2213,.T.);
#2211 = VERTEX_POINT('',#2212);
#2212 = CARTESIAN_POINT('',(5.409123423605,-48.07397313194,
    -9.368876594095));
#2213 = CIRCLE('',#2214,4.);
#2214 = AXIS2_PLACEMENT_3D('',#2215,#2216,#2217);
#2215 = CARTESIAN_POINT('',(7.,-45.64983475414,-12.12435565298));
#2216 = DIRECTION('',(-0.866025403784,-1.110223024625E-16,-0.5));
#2217 = DIRECTION('',(0.5,1.922962686384E-16,-0.866025403784));
#2218 = ORIENTED_EDGE('',*,*,#2219,.T.);
#2219 = EDGE_CURVE('',#2211,#2220,#2222,.T.);
#2220 = VERTEX_POINT('',#2221);
#2221 = CARTESIAN_POINT('',(8.699685259504,-56.71189214821,
    -15.06829687931));
#2222 = LINE('',#2223,#2224);
#2223 = CARTESIAN_POINT('',(0.,-33.87470491812,0.));
#2224 = VECTOR('',#2225,1.);
#2225 = DIRECTION('',(0.303017297225,-0.795438288198,-0.524841354365));
#2226 = ORIENTED_EDGE('',*,*,#2227,.F.);
#2227 = EDGE_CURVE('',#2145,#2220,#2228,.T.);
#2228 = CIRCLE('',#2229,4.);
#2229 = AXIS2_PLACEMENT_3D('',#2230,#2231,#2232);
#2230 = CARTESIAN_POINT('',(10.290561835899,-54.28775377041,
    -17.8237759382));
#2231 = DIRECTION('',(-0.866025403784,-1.110223024625E-16,-0.5));
#2232 = DIRECTION('',(0.5,1.922962686384E-16,-0.866025403784));
#2233 = ORIENTED_EDGE('',*,*,#2153,.F.);
#2234 = ORIENTED_EDGE('',*,*,#597,.F.);
#2235 = PLANE('',#2236);
#2236 = AXIS2_PLACEMENT_3D('',#2237,#2238,#2239);
#2237 = CARTESIAN_POINT('',(5.,-60.,-8.660254037844));
#2238 = DIRECTION('',(-0.866025403784,-8.127396617584E-17,-0.5));
#2239 = DIRECTION('',(0.5,-1.903035079673E-16,-0.866025403784));
#2240 = ADVANCED_FACE('',(#2241),#2318,.F.);
#2241 = FACE_BOUND('',#2242,.F.);
#2242 = EDGE_LOOP('',(#2243,#2251,#2260,#2268,#2277,#2285,#2294,#2302,
    #2311,#2317));
#2243 = ORIENTED_EDGE('',*,*,#2244,.F.);
#2244 = EDGE_CURVE('',#2245,#606,#2247,.T.);
#2245 = VERTEX_POINT('',#2246);
#2246 = CARTESIAN_POINT('',(5.072853284009,-60.,-18.93214619526));
#2247 = LINE('',#2248,#2249);
#2248 = CARTESIAN_POINT('',(2.588190451025,-60.,-9.659258262891));
#2249 = VECTOR('',#2250,1.);
#2250 = DIRECTION('',(0.258819045103,-2.207904198533E-16,-0.965925826289
    ));
#2251 = ORIENTED_EDGE('',*,*,#2252,.T.);
#2252 = EDGE_CURVE('',#2245,#2253,#2255,.T.);
#2253 = VERTEX_POINT('',#2254);
#2254 = CARTESIAN_POINT('',(4.249354971252,-58.42413837779,
    -15.8588086521));
#2255 = CIRCLE('',#2256,4.);
#2256 = AXIS2_PLACEMENT_3D('',#2257,#2258,#2259);
#2257 = CARTESIAN_POINT('',(5.072853284009,-56.,-18.93214619526));
#2258 = DIRECTION('',(-0.965925826289,-5.746937261686E-17,
    -0.258819045103));
#2259 = DIRECTION('',(0.258819045103,2.144786184852E-16,-0.965925826289)
  );
#2260 = ORIENTED_EDGE('',*,*,#2261,.F.);
#2261 = EDGE_CURVE('',#2262,#2253,#2264,.T.);
#2262 = VERTEX_POINT('',#2263);
#2263 = CARTESIAN_POINT('',(2.898936226818,-51.5758616222,
    -10.81897728638));
#2264 = LINE('',#2265,#2266);
#2265 = CARTESIAN_POINT('',(0.,-36.87470491812,0.));
#2266 = VECTOR('',#2267,1.);
#2267 = DIRECTION('',(0.156853295034,-0.795438288198,-0.585384466403));
#2268 = ORIENTED_EDGE('',*,*,#2269,.F.);
#2269 = EDGE_CURVE('',#2270,#2262,#2272,.T.);
#2270 = VERTEX_POINT('',#2271);
#2271 = CARTESIAN_POINT('',(2.588190451025,-50.5250684903,
    -9.659258262891));
#2272 = CIRCLE('',#2273,4.);
#2273 = AXIS2_PLACEMENT_3D('',#2274,#2275,#2276);
#2274 = CARTESIAN_POINT('',(2.07543791406,-54.,-7.745639743228));
#2275 = DIRECTION('',(-0.965925826289,-5.746937261686E-17,
    -0.258819045103));
#2276 = DIRECTION('',(0.258819045103,2.144786184852E-16,-0.965925826289)
  );
#2277 = ORIENTED_EDGE('',*,*,#2278,.T.);
#2278 = EDGE_CURVE('',#2270,#2279,#2281,.T.);
#2279 = VERTEX_POINT('',#2280);
#2280 = CARTESIAN_POINT('',(2.588190451025,-45.64983475414,
    -9.659258262891));
#2281 = LINE('',#2282,#2283);
#2282 = CARTESIAN_POINT('',(2.588190451025,-60.,-9.659258262891));
#2283 = VECTOR('',#2284,1.);
#2284 = DIRECTION('',(0.,1.,-2.22044604925E-16));
#2285 = ORIENTED_EDGE('',*,*,#2286,.F.);
#2286 = EDGE_CURVE('',#2287,#2279,#2289,.T.);
#2287 = VERTEX_POINT('',#2288);
#2288 = CARTESIAN_POINT('',(2.799968318678,-48.07397313194,
    -10.44962402489));
#2289 = CIRCLE('',#2290,4.);
#2290 = AXIS2_PLACEMENT_3D('',#2291,#2292,#2293);
#2291 = CARTESIAN_POINT('',(3.623466631435,-45.64983475414,
    -13.52296156804));
#2292 = DIRECTION('',(-0.965925826289,-5.746937261686E-17,
    -0.258819045103));
#2293 = DIRECTION('',(0.258819045103,2.144786184852E-16,-0.965925826289)
  );
#2294 = ORIENTED_EDGE('',*,*,#2295,.T.);
#2295 = EDGE_CURVE('',#2287,#2296,#2298,.T.);
#2296 = VERTEX_POINT('',#2297);
#2297 = CARTESIAN_POINT('',(4.503288463115,-56.71189214821,
    -16.80650134548));
#2298 = LINE('',#2299,#2300);
#2299 = CARTESIAN_POINT('',(0.,-33.87470491812,0.));
#2300 = VECTOR('',#2301,1.);
#2301 = DIRECTION('',(0.156853295034,-0.795438288198,-0.585384466403));
#2302 = ORIENTED_EDGE('',*,*,#2303,.F.);
#2303 = EDGE_CURVE('',#2304,#2296,#2306,.T.);
#2304 = VERTEX_POINT('',#2305);
#2305 = CARTESIAN_POINT('',(5.326786775872,-58.28775377041,
    -19.87983888863));
#2306 = CIRCLE('',#2307,4.);
#2307 = AXIS2_PLACEMENT_3D('',#2308,#2309,#2310);
#2308 = CARTESIAN_POINT('',(5.326786775872,-54.28775377041,
    -19.87983888863));
#2309 = DIRECTION('',(-0.965925826289,-5.746937261686E-17,
    -0.258819045103));
#2310 = DIRECTION('',(0.258819045103,2.144786184852E-16,-0.965925826289)
  );
#2311 = ORIENTED_EDGE('',*,*,#2312,.F.);
#2312 = EDGE_CURVE('',#615,#2304,#2313,.T.);
#2313 = LINE('',#2314,#2315);
#2314 = CARTESIAN_POINT('',(1.294095225513,-58.28775377041,
    -4.829629131445));
#2315 = VECTOR('',#2316,1.);
#2316 = DIRECTION('',(-0.258819045103,0.,0.965925826289));
#2317 = ORIENTED_EDGE('',*,*,#614,.F.);
#2318 = PLANE('',#2319);
#2319 = AXIS2_PLACEMENT_3D('',#2320,#2321,#2322);
#2320 = CARTESIAN_POINT('',(2.588190451025,-60.,-9.659258262891));
#2321 = DIRECTION('',(-0.965925826289,-1.034563160227E-16,
    -0.258819045103));
#2322 = DIRECTION('',(0.258819045103,-2.037002255881E-16,-0.965925826289
    ));
#2323 = ADVANCED_FACE('',(#2324),#2343,.T.);
#2324 = FACE_BOUND('',#2325,.F.);
#2325 = EDGE_LOOP('',(#2326,#2327,#2336,#2342));
#2326 = ORIENTED_EDGE('',*,*,#2312,.T.);
#2327 = ORIENTED_EDGE('',*,*,#2328,.T.);
#2328 = EDGE_CURVE('',#2304,#2329,#2331,.T.);
#2329 = VERTEX_POINT('',#2330);
#2330 = CARTESIAN_POINT('',(-3.309697113241E-15,-58.28775377041,
    -20.58112367179));
#2331 = CIRCLE('',#2332,20.581123671798);
#2332 = AXIS2_PLACEMENT_3D('',#2333,#2334,#2335);
#2333 = CARTESIAN_POINT('',(0.,-58.28775377041,0.));
#2334 = DIRECTION('',(-0.,1.,0.));
#2335 = DIRECTION('',(1.,0.,0.));
#2336 = ORIENTED_EDGE('',*,*,#2337,.F.);
#2337 = EDGE_CURVE('',#623,#2329,#2338,.T.);
#2338 = LINE('',#2339,#2340);
#2339 = CARTESIAN_POINT('',(-2.143131898508E-15,-58.28775377041,-5.));
#2340 = VECTOR('',#2341,1.);
#2341 = DIRECTION('',(1.224646799147E-16,0.,1.));
#2342 = ORIENTED_EDGE('',*,*,#622,.F.);
#2343 = PLANE('',#2344);
#2344 = AXIS2_PLACEMENT_3D('',#2345,#2346,#2347);
#2345 = CARTESIAN_POINT('',(0.,-58.28775377041,0.));
#2346 = DIRECTION('',(0.,1.,0.));
#2347 = DIRECTION('',(1.,0.,0.));
#2348 = ADVANCED_FACE('',(#2349),#2419,.T.);
#2349 = FACE_BOUND('',#2350,.T.);
#2350 = EDGE_LOOP('',(#2351,#2359,#2368,#2376,#2385,#2393,#2402,#2410,
    #2417,#2418));
#2351 = ORIENTED_EDGE('',*,*,#2352,.F.);
#2352 = EDGE_CURVE('',#2353,#632,#2355,.T.);
#2353 = VERTEX_POINT('',#2354);
#2354 = CARTESIAN_POINT('',(3.859691276502E-13,-60.,-19.6));
#2355 = LINE('',#2356,#2357);
#2356 = CARTESIAN_POINT('',(-2.755455298082E-15,-60.,-10.));
#2357 = VECTOR('',#2358,1.);
#2358 = DIRECTION('',(-1.224646799147E-16,-2.22044604925E-16,-1.));
#2359 = ORIENTED_EDGE('',*,*,#2360,.T.);
#2360 = EDGE_CURVE('',#2353,#2361,#2363,.T.);
#2361 = VERTEX_POINT('',#2362);
#2362 = CARTESIAN_POINT('',(-2.640255462298E-15,-58.42413837779,
    -16.41824684721));
#2363 = CIRCLE('',#2364,4.);
#2364 = AXIS2_PLACEMENT_3D('',#2365,#2366,#2367);
#2365 = CARTESIAN_POINT('',(-2.400307726329E-15,-56.,-19.6));
#2366 = DIRECTION('',(-1.,2.719262146894E-32,1.224646799147E-16));
#2367 = DIRECTION('',(-1.224646799147E-16,2.22044604925E-16,-1.));
#2368 = ORIENTED_EDGE('',*,*,#2369,.F.);
#2369 = EDGE_CURVE('',#2370,#2361,#2372,.T.);
#2370 = VERTEX_POINT('',#2371);
#2371 = CARTESIAN_POINT('',(-1.801198595902E-15,-51.5758616222,
    -11.20062948099));
#2372 = LINE('',#2373,#2374);
#2373 = CARTESIAN_POINT('',(0.,-36.87470491812,0.));
#2374 = VECTOR('',#2375,1.);
#2375 = DIRECTION('',(-7.42178326265E-17,-0.795438288198,-0.606034594449
    ));
#2376 = ORIENTED_EDGE('',*,*,#2377,.F.);
#2377 = EDGE_CURVE('',#2378,#2370,#2380,.T.);
#2378 = VERTEX_POINT('',#2379);
#2379 = CARTESIAN_POINT('',(-2.296212748588E-15,-50.5250684903,-10.));
#2380 = CIRCLE('',#2381,4.);
#2381 = AXIS2_PLACEMENT_3D('',#2382,#2383,#2384);
#2382 = CARTESIAN_POINT('',(-9.820291228091E-16,-54.,-8.018876328202));
#2383 = DIRECTION('',(-1.,2.719262146894E-32,1.224646799147E-16));
#2384 = DIRECTION('',(-1.224646799147E-16,2.22044604925E-16,-1.));
#2385 = ORIENTED_EDGE('',*,*,#2386,.T.);
#2386 = EDGE_CURVE('',#2378,#2387,#2389,.T.);
#2387 = VERTEX_POINT('',#2388);
#2388 = CARTESIAN_POINT('',(-1.952167699132E-15,-45.64983475414,-10.));
#2389 = LINE('',#2390,#2391);
#2390 = CARTESIAN_POINT('',(-2.296212748588E-15,-60.,-10.));
#2391 = VECTOR('',#2392,1.);
#2392 = DIRECTION('',(0.,1.,-2.22044604925E-16));
#2393 = ORIENTED_EDGE('',*,*,#2394,.F.);
#2394 = EDGE_CURVE('',#2395,#2387,#2397,.T.);
#2395 = VERTEX_POINT('',#2396);
#2396 = CARTESIAN_POINT('',(-1.739706778479E-15,-48.07397313194,
    -10.81824684721));
#2397 = CIRCLE('',#2398,4.);
#2398 = AXIS2_PLACEMENT_3D('',#2399,#2400,#2401);
#2399 = CARTESIAN_POINT('',(-1.714505518806E-15,-45.64983475414,-14.));
#2400 = DIRECTION('',(-1.,2.719262146894E-32,1.224646799147E-16));
#2401 = DIRECTION('',(-1.224646799147E-16,2.22044604925E-16,-1.));
#2402 = ORIENTED_EDGE('',*,*,#2403,.T.);
#2403 = EDGE_CURVE('',#2395,#2404,#2406,.T.);
#2404 = VERTEX_POINT('',#2405);
#2405 = CARTESIAN_POINT('',(-2.798032182173E-15,-56.71189214821,
    -17.399370519));
#2406 = LINE('',#2407,#2408);
#2407 = CARTESIAN_POINT('',(0.,-33.87470491812,0.));
#2408 = VECTOR('',#2409,1.);
#2409 = DIRECTION('',(-7.42178326265E-17,-0.795438288198,-0.606034594449
    ));
#2410 = ORIENTED_EDGE('',*,*,#2411,.F.);
#2411 = EDGE_CURVE('',#2329,#2404,#2412,.T.);
#2412 = CIRCLE('',#2413,4.);
#2413 = AXIS2_PLACEMENT_3D('',#2414,#2415,#2416);
#2414 = CARTESIAN_POINT('',(-2.520460722752E-15,-54.28775377041,
    -20.58112367179));
#2415 = DIRECTION('',(-1.,2.719262146894E-32,1.224646799147E-16));
#2416 = DIRECTION('',(-1.224646799147E-16,2.22044604925E-16,-1.));
#2417 = ORIENTED_EDGE('',*,*,#2337,.F.);
#2418 = ORIENTED_EDGE('',*,*,#631,.F.);
#2419 = PLANE('',#2420);
#2420 = AXIS2_PLACEMENT_3D('',#2421,#2422,#2423);
#2421 = CARTESIAN_POINT('',(-2.755455298082E-15,-60.,-10.));
#2422 = DIRECTION('',(-1.,3.481477601128E-32,1.224646799147E-16));
#2423 = DIRECTION('',(-1.224646799147E-16,-2.22044604925E-16,-1.));
#2424 = ADVANCED_FACE('',(#2425),#2502,.F.);
#2425 = FACE_BOUND('',#2426,.F.);
#2426 = EDGE_LOOP('',(#2427,#2435,#2444,#2452,#2461,#2469,#2478,#2486,
    #2495,#2501));
#2427 = ORIENTED_EDGE('',*,*,#2428,.F.);
#2428 = EDGE_CURVE('',#2429,#640,#2431,.T.);
#2429 = VERTEX_POINT('',#2430);
#2430 = CARTESIAN_POINT('',(-5.072853284009,-60.,-18.93214619526));
#2431 = LINE('',#2432,#2433);
#2432 = CARTESIAN_POINT('',(-2.588190451025,-60.,-9.659258262891));
#2433 = VECTOR('',#2434,1.);
#2434 = DIRECTION('',(-0.258819045103,-2.144786184852E-16,
    -0.965925826289));
#2435 = ORIENTED_EDGE('',*,*,#2436,.T.);
#2436 = EDGE_CURVE('',#2429,#2437,#2439,.T.);
#2437 = VERTEX_POINT('',#2438);
#2438 = CARTESIAN_POINT('',(-4.249354971252,-58.42413837779,
    -15.8588086521));
#2439 = CIRCLE('',#2440,4.);
#2440 = AXIS2_PLACEMENT_3D('',#2441,#2442,#2443);
#2441 = CARTESIAN_POINT('',(-5.072853284009,-56.,-18.93214619526));
#2442 = DIRECTION('',(-0.965925826289,5.746937261686E-17,0.258819045103)
  );
#2443 = DIRECTION('',(-0.258819045103,2.144786184852E-16,-0.965925826289
    ));
#2444 = ORIENTED_EDGE('',*,*,#2445,.F.);
#2445 = EDGE_CURVE('',#2446,#2437,#2448,.T.);
#2446 = VERTEX_POINT('',#2447);
#2447 = CARTESIAN_POINT('',(-2.898936226818,-51.5758616222,
    -10.81897728638));
#2448 = LINE('',#2449,#2450);
#2449 = CARTESIAN_POINT('',(0.,-36.87470491812,0.));
#2450 = VECTOR('',#2451,1.);
#2451 = DIRECTION('',(-0.156853295034,-0.795438288198,-0.585384466403));
#2452 = ORIENTED_EDGE('',*,*,#2453,.F.);
#2453 = EDGE_CURVE('',#2454,#2446,#2456,.T.);
#2454 = VERTEX_POINT('',#2455);
#2455 = CARTESIAN_POINT('',(-2.588190451025,-50.5250684903,
    -9.659258262891));
#2456 = CIRCLE('',#2457,4.);
#2457 = AXIS2_PLACEMENT_3D('',#2458,#2459,#2460);
#2458 = CARTESIAN_POINT('',(-2.07543791406,-54.,-7.745639743228));
#2459 = DIRECTION('',(-0.965925826289,5.746937261686E-17,0.258819045103)
  );
#2460 = DIRECTION('',(-0.258819045103,2.144786184852E-16,-0.965925826289
    ));
#2461 = ORIENTED_EDGE('',*,*,#2462,.T.);
#2462 = EDGE_CURVE('',#2454,#2463,#2465,.T.);
#2463 = VERTEX_POINT('',#2464);
#2464 = CARTESIAN_POINT('',(-2.588190451025,-45.64983475414,
    -9.659258262891));
#2465 = LINE('',#2466,#2467);
#2466 = CARTESIAN_POINT('',(-2.588190451025,-60.,-9.659258262891));
#2467 = VECTOR('',#2468,1.);
#2468 = DIRECTION('',(0.,1.,-2.22044604925E-16));
#2469 = ORIENTED_EDGE('',*,*,#2470,.F.);
#2470 = EDGE_CURVE('',#2471,#2463,#2473,.T.);
#2471 = VERTEX_POINT('',#2472);
#2472 = CARTESIAN_POINT('',(-2.799968318678,-48.07397313194,
    -10.44962402489));
#2473 = CIRCLE('',#2474,4.);
#2474 = AXIS2_PLACEMENT_3D('',#2475,#2476,#2477);
#2475 = CARTESIAN_POINT('',(-3.623466631435,-45.64983475414,
    -13.52296156804));
#2476 = DIRECTION('',(-0.965925826289,5.746937261686E-17,0.258819045103)
  );
#2477 = DIRECTION('',(-0.258819045103,2.144786184852E-16,-0.965925826289
    ));
#2478 = ORIENTED_EDGE('',*,*,#2479,.T.);
#2479 = EDGE_CURVE('',#2471,#2480,#2482,.T.);
#2480 = VERTEX_POINT('',#2481);
#2481 = CARTESIAN_POINT('',(-4.503288463115,-56.71189214821,
    -16.80650134548));
#2482 = LINE('',#2483,#2484);
#2483 = CARTESIAN_POINT('',(0.,-33.87470491812,0.));
#2484 = VECTOR('',#2485,1.);
#2485 = DIRECTION('',(-0.156853295034,-0.795438288198,-0.585384466403));
#2486 = ORIENTED_EDGE('',*,*,#2487,.F.);
#2487 = EDGE_CURVE('',#2488,#2480,#2490,.T.);
#2488 = VERTEX_POINT('',#2489);
#2489 = CARTESIAN_POINT('',(-5.326786775872,-58.28775377041,
    -19.87983888863));
#2490 = CIRCLE('',#2491,4.);
#2491 = AXIS2_PLACEMENT_3D('',#2492,#2493,#2494);
#2492 = CARTESIAN_POINT('',(-5.326786775872,-54.28775377041,
    -19.87983888863));
#2493 = DIRECTION('',(-0.965925826289,5.746937261686E-17,0.258819045103)
  );
#2494 = DIRECTION('',(-0.258819045103,2.144786184852E-16,-0.965925826289
    ));
#2495 = ORIENTED_EDGE('',*,*,#2496,.F.);
#2496 = EDGE_CURVE('',#649,#2488,#2497,.T.);
#2497 = LINE('',#2498,#2499);
#2498 = CARTESIAN_POINT('',(-1.294095225513,-58.28775377041,
    -4.829629131445));
#2499 = VECTOR('',#2500,1.);
#2500 = DIRECTION('',(0.258819045103,0.,0.965925826289));
#2501 = ORIENTED_EDGE('',*,*,#648,.F.);
#2502 = PLANE('',#2503);
#2503 = AXIS2_PLACEMENT_3D('',#2504,#2505,#2506);
#2504 = CARTESIAN_POINT('',(-2.588190451025,-60.,-9.659258262891));
#2505 = DIRECTION('',(-0.965925826289,5.746937261686E-17,0.258819045103)
  );
#2506 = DIRECTION('',(-0.258819045103,-2.144786184852E-16,
    -0.965925826289));
#2507 = ADVANCED_FACE('',(#2508),#2527,.T.);
#2508 = FACE_BOUND('',#2509,.F.);
#2509 = EDGE_LOOP('',(#2510,#2511,#2520,#2526));
#2510 = ORIENTED_EDGE('',*,*,#2496,.T.);
#2511 = ORIENTED_EDGE('',*,*,#2512,.T.);
#2512 = EDGE_CURVE('',#2488,#2513,#2515,.T.);
#2513 = VERTEX_POINT('',#2514);
#2514 = CARTESIAN_POINT('',(-10.29056183589,-58.28775377041,
    -17.8237759382));
#2515 = CIRCLE('',#2516,20.581123671798);
#2516 = AXIS2_PLACEMENT_3D('',#2517,#2518,#2519);
#2517 = CARTESIAN_POINT('',(0.,-58.28775377041,0.));
#2518 = DIRECTION('',(-0.,1.,0.));
#2519 = DIRECTION('',(1.,0.,0.));
#2520 = ORIENTED_EDGE('',*,*,#2521,.F.);
#2521 = EDGE_CURVE('',#657,#2513,#2522,.T.);
#2522 = LINE('',#2523,#2524);
#2523 = CARTESIAN_POINT('',(-2.5,-58.28775377041,-4.330127018922));
#2524 = VECTOR('',#2525,1.);
#2525 = DIRECTION('',(0.5,0.,0.866025403784));
#2526 = ORIENTED_EDGE('',*,*,#656,.F.);
#2527 = PLANE('',#2528);
#2528 = AXIS2_PLACEMENT_3D('',#2529,#2530,#2531);
#2529 = CARTESIAN_POINT('',(0.,-58.28775377041,0.));
#2530 = DIRECTION('',(0.,1.,0.));
#2531 = DIRECTION('',(1.,0.,0.));
#2532 = ADVANCED_FACE('',(#2533),#2603,.T.);
#2533 = FACE_BOUND('',#2534,.T.);
#2534 = EDGE_LOOP('',(#2535,#2543,#2552,#2560,#2569,#2577,#2586,#2594,
    #2601,#2602));
#2535 = ORIENTED_EDGE('',*,*,#2536,.F.);
#2536 = EDGE_CURVE('',#2537,#666,#2539,.T.);
#2537 = VERTEX_POINT('',#2538);
#2538 = CARTESIAN_POINT('',(-9.8,-60.,-16.97409791417));
#2539 = LINE('',#2540,#2541);
#2540 = CARTESIAN_POINT('',(-5.,-60.,-8.660254037844));
#2541 = VECTOR('',#2542,1.);
#2542 = DIRECTION('',(-0.5,-2.458146591986E-16,-0.866025403784));
#2543 = ORIENTED_EDGE('',*,*,#2544,.T.);
#2544 = EDGE_CURVE('',#2537,#2545,#2547,.T.);
#2545 = VERTEX_POINT('',#2546);
#2546 = CARTESIAN_POINT('',(-8.209123423605,-58.42413837779,
    -14.21861885528));
#2547 = CIRCLE('',#2548,4.);
#2548 = AXIS2_PLACEMENT_3D('',#2549,#2550,#2551);
#2549 = CARTESIAN_POINT('',(-9.8,-56.,-16.97409791417));
#2550 = DIRECTION('',(-0.866025403784,1.110223024625E-16,0.5));
#2551 = DIRECTION('',(-0.5,1.922962686384E-16,-0.866025403784));
#2552 = ORIENTED_EDGE('',*,*,#2553,.F.);
#2553 = EDGE_CURVE('',#2554,#2545,#2556,.T.);
#2554 = VERTEX_POINT('',#2555);
#2555 = CARTESIAN_POINT('',(-5.600314740496,-51.5758616222,
    -9.700029668916));
#2556 = LINE('',#2557,#2558);
#2557 = CARTESIAN_POINT('',(0.,-36.87470491812,0.));
#2558 = VECTOR('',#2559,1.);
#2559 = DIRECTION('',(-0.303017297225,-0.795438288198,-0.524841354365));
#2560 = ORIENTED_EDGE('',*,*,#2561,.F.);
#2561 = EDGE_CURVE('',#2562,#2554,#2564,.T.);
#2562 = VERTEX_POINT('',#2563);
#2563 = CARTESIAN_POINT('',(-5.,-50.5250684903,-8.660254037844));
#2564 = CIRCLE('',#2565,4.);
#2565 = AXIS2_PLACEMENT_3D('',#2566,#2567,#2568);
#2566 = CARTESIAN_POINT('',(-4.009438164101,-54.,-6.944550610029));
#2567 = DIRECTION('',(-0.866025403784,1.110223024625E-16,0.5));
#2568 = DIRECTION('',(-0.5,1.922962686384E-16,-0.866025403784));
#2569 = ORIENTED_EDGE('',*,*,#2570,.T.);
#2570 = EDGE_CURVE('',#2562,#2571,#2573,.T.);
#2571 = VERTEX_POINT('',#2572);
#2572 = CARTESIAN_POINT('',(-5.,-45.64983475414,-8.660254037844));
#2573 = LINE('',#2574,#2575);
#2574 = CARTESIAN_POINT('',(-5.,-60.,-8.660254037844));
#2575 = VECTOR('',#2576,1.);
#2576 = DIRECTION('',(0.,1.,-2.22044604925E-16));
#2577 = ORIENTED_EDGE('',*,*,#2578,.F.);
#2578 = EDGE_CURVE('',#2579,#2571,#2581,.T.);
#2579 = VERTEX_POINT('',#2580);
#2580 = CARTESIAN_POINT('',(-5.409123423605,-48.07397313194,
    -9.368876594095));
#2581 = CIRCLE('',#2582,4.);
#2582 = AXIS2_PLACEMENT_3D('',#2583,#2584,#2585);
#2583 = CARTESIAN_POINT('',(-7.,-45.64983475414,-12.12435565298));
#2584 = DIRECTION('',(-0.866025403784,1.110223024625E-16,0.5));
#2585 = DIRECTION('',(-0.5,1.922962686384E-16,-0.866025403784));
#2586 = ORIENTED_EDGE('',*,*,#2587,.T.);
#2587 = EDGE_CURVE('',#2579,#2588,#2590,.T.);
#2588 = VERTEX_POINT('',#2589);
#2589 = CARTESIAN_POINT('',(-8.699685259504,-56.71189214821,
    -15.06829687931));
#2590 = LINE('',#2591,#2592);
#2591 = CARTESIAN_POINT('',(0.,-33.87470491812,0.));
#2592 = VECTOR('',#2593,1.);
#2593 = DIRECTION('',(-0.303017297225,-0.795438288198,-0.524841354365));
#2594 = ORIENTED_EDGE('',*,*,#2595,.F.);
#2595 = EDGE_CURVE('',#2513,#2588,#2596,.T.);
#2596 = CIRCLE('',#2597,4.);
#2597 = AXIS2_PLACEMENT_3D('',#2598,#2599,#2600);
#2598 = CARTESIAN_POINT('',(-10.29056183589,-54.28775377041,
    -17.8237759382));
#2599 = DIRECTION('',(-0.866025403784,1.110223024625E-16,0.5));
#2600 = DIRECTION('',(-0.5,1.922962686384E-16,-0.866025403784));
#2601 = ORIENTED_EDGE('',*,*,#2521,.F.);
#2602 = ORIENTED_EDGE('',*,*,#665,.F.);
#2603 = PLANE('',#2604);
#2604 = AXIS2_PLACEMENT_3D('',#2605,#2606,#2607);
#2605 = CARTESIAN_POINT('',(-5.,-60.,-8.660254037844));
#2606 = DIRECTION('',(-0.866025403784,1.922962686384E-16,0.5));
#2607 = DIRECTION('',(-0.5,-2.180590835829E-16,-0.866025403784));
#2608 = ADVANCED_FACE('',(#2609),#2686,.F.);
#2609 = FACE_BOUND('',#2610,.F.);
#2610 = EDGE_LOOP('',(#2611,#2619,#2628,#2636,#2645,#2653,#2662,#2670,
    #2679,#2685));
#2611 = ORIENTED_EDGE('',*,*,#2612,.F.);
#2612 = EDGE_CURVE('',#2613,#674,#2615,.T.);
#2613 = VERTEX_POINT('',#2614);
#2614 = CARTESIAN_POINT('',(-13.85929291125,-60.,-13.85929291125));
#2615 = LINE('',#2616,#2617);
#2616 = CARTESIAN_POINT('',(-7.071067811865,-60.,-7.071067811865));
#2617 = VECTOR('',#2618,1.);
#2618 = DIRECTION('',(-0.707106781187,-2.029961892742E-16,
    -0.707106781187));
#2619 = ORIENTED_EDGE('',*,*,#2620,.T.);
#2620 = EDGE_CURVE('',#2613,#2621,#2623,.T.);
#2621 = VERTEX_POINT('',#2622);
#2622 = CARTESIAN_POINT('',(-11.60945368085,-58.42413837779,
    -11.60945368085));
#2623 = CIRCLE('',#2624,4.);
#2624 = AXIS2_PLACEMENT_3D('',#2625,#2626,#2627);
#2625 = CARTESIAN_POINT('',(-13.85929291125,-56.,-13.85929291125));
#2626 = DIRECTION('',(-0.707106781187,1.570092458684E-16,0.707106781187)
  );
#2627 = DIRECTION('',(-0.707106781187,1.570092458684E-16,-0.707106781187
    ));
#2628 = ORIENTED_EDGE('',*,*,#2629,.F.);
#2629 = EDGE_CURVE('',#2630,#2621,#2632,.T.);
#2630 = VERTEX_POINT('',#2631);
#2631 = CARTESIAN_POINT('',(-7.920041059567,-51.5758616222,
    -7.920041059567));
#2632 = LINE('',#2633,#2634);
#2633 = CARTESIAN_POINT('',(0.,-36.87470491812,0.));
#2634 = VECTOR('',#2635,1.);
#2635 = DIRECTION('',(-0.428531171369,-0.795438288198,-0.428531171369));
#2636 = ORIENTED_EDGE('',*,*,#2637,.F.);
#2637 = EDGE_CURVE('',#2638,#2630,#2640,.T.);
#2638 = VERTEX_POINT('',#2639);
#2639 = CARTESIAN_POINT('',(-7.071067811865,-50.5250684903,
    -7.071067811865));
#2640 = CIRCLE('',#2641,4.);
#2641 = AXIS2_PLACEMENT_3D('',#2642,#2643,#2644);
#2642 = CARTESIAN_POINT('',(-5.670201829168,-54.,-5.670201829168));
#2643 = DIRECTION('',(-0.707106781187,1.570092458684E-16,0.707106781187)
  );
#2644 = DIRECTION('',(-0.707106781187,1.570092458684E-16,-0.707106781187
    ));
#2645 = ORIENTED_EDGE('',*,*,#2646,.T.);
#2646 = EDGE_CURVE('',#2638,#2647,#2649,.T.);
#2647 = VERTEX_POINT('',#2648);
#2648 = CARTESIAN_POINT('',(-7.071067811866,-45.64983475414,
    -7.071067811865));
#2649 = LINE('',#2650,#2651);
#2650 = CARTESIAN_POINT('',(-7.071067811865,-60.,-7.071067811865));
#2651 = VECTOR('',#2652,1.);
#2652 = DIRECTION('',(0.,1.,-2.22044604925E-16));
#2653 = ORIENTED_EDGE('',*,*,#2654,.F.);
#2654 = EDGE_CURVE('',#2655,#2647,#2657,.T.);
#2655 = VERTEX_POINT('',#2656);
#2656 = CARTESIAN_POINT('',(-7.649655706212,-48.07397313194,
    -7.649655706212));
#2657 = CIRCLE('',#2658,4.);
#2658 = AXIS2_PLACEMENT_3D('',#2659,#2660,#2661);
#2659 = CARTESIAN_POINT('',(-9.899494936612,-45.64983475414,
    -9.899494936612));
#2660 = DIRECTION('',(-0.707106781187,1.570092458684E-16,0.707106781187)
  );
#2661 = DIRECTION('',(-0.707106781187,1.570092458684E-16,-0.707106781187
    ));
#2662 = ORIENTED_EDGE('',*,*,#2663,.T.);
#2663 = EDGE_CURVE('',#2655,#2664,#2666,.T.);
#2664 = VERTEX_POINT('',#2665);
#2665 = CARTESIAN_POINT('',(-12.30321288236,-56.71189214821,
    -12.30321288236));
#2666 = LINE('',#2667,#2668);
#2667 = CARTESIAN_POINT('',(0.,-33.87470491812,0.));
#2668 = VECTOR('',#2669,1.);
#2669 = DIRECTION('',(-0.428531171369,-0.795438288198,-0.428531171369));
#2670 = ORIENTED_EDGE('',*,*,#2671,.F.);
#2671 = EDGE_CURVE('',#2672,#2664,#2674,.T.);
#2672 = VERTEX_POINT('',#2673);
#2673 = CARTESIAN_POINT('',(-14.55305211276,-58.28775377041,
    -14.55305211276));
#2674 = CIRCLE('',#2675,4.);
#2675 = AXIS2_PLACEMENT_3D('',#2676,#2677,#2678);
#2676 = CARTESIAN_POINT('',(-14.55305211276,-54.28775377041,
    -14.55305211276));
#2677 = DIRECTION('',(-0.707106781187,1.570092458684E-16,0.707106781187)
  );
#2678 = DIRECTION('',(-0.707106781187,1.570092458684E-16,-0.707106781187
    ));
#2679 = ORIENTED_EDGE('',*,*,#2680,.F.);
#2680 = EDGE_CURVE('',#683,#2672,#2681,.T.);
#2681 = LINE('',#2682,#2683);
#2682 = CARTESIAN_POINT('',(-3.535533905933,-58.28775377041,
    -3.535533905933));
#2683 = VECTOR('',#2684,1.);
#2684 = DIRECTION('',(0.707106781187,0.,0.707106781187));
#2685 = ORIENTED_EDGE('',*,*,#682,.F.);
#2686 = PLANE('',#2687);
#2687 = AXIS2_PLACEMENT_3D('',#2688,#2689,#2690);
#2688 = CARTESIAN_POINT('',(-7.071067811865,-60.,-7.071067811865));
#2689 = DIRECTION('',(-0.707106781187,2.528995754513E-16,0.707106781187)
  );
#2690 = DIRECTION('',(-0.707106781187,-1.418772729888E-16,
    -0.707106781187));
#2691 = ADVANCED_FACE('',(#2692),#2711,.T.);
#2692 = FACE_BOUND('',#2693,.F.);
#2693 = EDGE_LOOP('',(#2694,#2695,#2704,#2710));
#2694 = ORIENTED_EDGE('',*,*,#2680,.T.);
#2695 = ORIENTED_EDGE('',*,*,#2696,.T.);
#2696 = EDGE_CURVE('',#2672,#2697,#2699,.T.);
#2697 = VERTEX_POINT('',#2698);
#2698 = CARTESIAN_POINT('',(-17.8237759382,-58.28775377041,
    -10.29056183589));
#2699 = CIRCLE('',#2700,20.581123671798);
#2700 = AXIS2_PLACEMENT_3D('',#2701,#2702,#2703);
#2701 = CARTESIAN_POINT('',(0.,-58.28775377041,0.));
#2702 = DIRECTION('',(-0.,1.,0.));
#2703 = DIRECTION('',(1.,0.,0.));
#2704 = ORIENTED_EDGE('',*,*,#2705,.F.);
#2705 = EDGE_CURVE('',#691,#2697,#2706,.T.);
#2706 = LINE('',#2707,#2708);
#2707 = CARTESIAN_POINT('',(-4.330127018922,-58.28775377041,-2.5));
#2708 = VECTOR('',#2709,1.);
#2709 = DIRECTION('',(0.866025403784,0.,0.5));
#2710 = ORIENTED_EDGE('',*,*,#690,.F.);
#2711 = PLANE('',#2712);
#2712 = AXIS2_PLACEMENT_3D('',#2713,#2714,#2715);
#2713 = CARTESIAN_POINT('',(0.,-58.28775377041,0.));
#2714 = DIRECTION('',(0.,1.,0.));
#2715 = DIRECTION('',(1.,0.,0.));
#2716 = ADVANCED_FACE('',(#2717),#2787,.T.);
#2717 = FACE_BOUND('',#2718,.T.);
#2718 = EDGE_LOOP('',(#2719,#2727,#2736,#2744,#2753,#2761,#2770,#2778,
    #2785,#2786));
#2719 = ORIENTED_EDGE('',*,*,#2720,.F.);
#2720 = EDGE_CURVE('',#2721,#700,#2723,.T.);
#2721 = VERTEX_POINT('',#2722);
#2722 = CARTESIAN_POINT('',(-16.97409791417,-60.,-9.8));
#2723 = LINE('',#2724,#2725);
#2724 = CARTESIAN_POINT('',(-8.660254037844,-60.,-5.));
#2725 = VECTOR('',#2726,1.);
#2726 = DIRECTION('',(-0.866025403784,-1.110223024625E-16,-0.5));
#2727 = ORIENTED_EDGE('',*,*,#2728,.T.);
#2728 = EDGE_CURVE('',#2721,#2729,#2731,.T.);
#2729 = VERTEX_POINT('',#2730);
#2730 = CARTESIAN_POINT('',(-14.21861885528,-58.42413837779,
    -8.209123423605));
#2731 = CIRCLE('',#2732,4.);
#2732 = AXIS2_PLACEMENT_3D('',#2733,#2734,#2735);
#2733 = CARTESIAN_POINT('',(-16.97409791417,-56.,-9.8));
#2734 = DIRECTION('',(-0.5,1.922962686384E-16,0.866025403784));
#2735 = DIRECTION('',(-0.866025403784,1.110223024625E-16,-0.5));
#2736 = ORIENTED_EDGE('',*,*,#2737,.F.);
#2737 = EDGE_CURVE('',#2738,#2729,#2740,.T.);
#2738 = VERTEX_POINT('',#2739);
#2739 = CARTESIAN_POINT('',(-9.700029668916,-51.5758616222,
    -5.600314740496));
#2740 = LINE('',#2741,#2742);
#2741 = CARTESIAN_POINT('',(0.,-36.87470491812,0.));
#2742 = VECTOR('',#2743,1.);
#2743 = DIRECTION('',(-0.524841354365,-0.795438288198,-0.303017297225));
#2744 = ORIENTED_EDGE('',*,*,#2745,.F.);
#2745 = EDGE_CURVE('',#2746,#2738,#2748,.T.);
#2746 = VERTEX_POINT('',#2747);
#2747 = CARTESIAN_POINT('',(-8.660254037844,-50.5250684903,-5.));
#2748 = CIRCLE('',#2749,4.);
#2749 = AXIS2_PLACEMENT_3D('',#2750,#2751,#2752);
#2750 = CARTESIAN_POINT('',(-6.944550610029,-54.,-4.009438164101));
#2751 = DIRECTION('',(-0.5,1.922962686384E-16,0.866025403784));
#2752 = DIRECTION('',(-0.866025403784,1.110223024625E-16,-0.5));
#2753 = ORIENTED_EDGE('',*,*,#2754,.T.);
#2754 = EDGE_CURVE('',#2746,#2755,#2757,.T.);
#2755 = VERTEX_POINT('',#2756);
#2756 = CARTESIAN_POINT('',(-8.660254037844,-45.64983475414,-5.));
#2757 = LINE('',#2758,#2759);
#2758 = CARTESIAN_POINT('',(-8.660254037844,-60.,-5.));
#2759 = VECTOR('',#2760,1.);
#2760 = DIRECTION('',(0.,1.,-2.22044604925E-16));
#2761 = ORIENTED_EDGE('',*,*,#2762,.F.);
#2762 = EDGE_CURVE('',#2763,#2755,#2765,.T.);
#2763 = VERTEX_POINT('',#2764);
#2764 = CARTESIAN_POINT('',(-9.368876594095,-48.07397313194,
    -5.409123423605));
#2765 = CIRCLE('',#2766,4.);
#2766 = AXIS2_PLACEMENT_3D('',#2767,#2768,#2769);
#2767 = CARTESIAN_POINT('',(-12.12435565298,-45.64983475414,-7.));
#2768 = DIRECTION('',(-0.5,1.922962686384E-16,0.866025403784));
#2769 = DIRECTION('',(-0.866025403784,1.110223024625E-16,-0.5));
#2770 = ORIENTED_EDGE('',*,*,#2771,.T.);
#2771 = EDGE_CURVE('',#2763,#2772,#2774,.T.);
#2772 = VERTEX_POINT('',#2773);
#2773 = CARTESIAN_POINT('',(-15.06829687931,-56.71189214821,
    -8.699685259504));
#2774 = LINE('',#2775,#2776);
#2775 = CARTESIAN_POINT('',(0.,-33.87470491812,0.));
#2776 = VECTOR('',#2777,1.);
#2777 = DIRECTION('',(-0.524841354365,-0.795438288198,-0.303017297225));
#2778 = ORIENTED_EDGE('',*,*,#2779,.F.);
#2779 = EDGE_CURVE('',#2697,#2772,#2780,.T.);
#2780 = CIRCLE('',#2781,4.);
#2781 = AXIS2_PLACEMENT_3D('',#2782,#2783,#2784);
#2782 = CARTESIAN_POINT('',(-17.8237759382,-54.28775377041,
    -10.29056183589));
#2783 = DIRECTION('',(-0.5,1.922962686384E-16,0.866025403784));
#2784 = DIRECTION('',(-0.866025403784,1.110223024625E-16,-0.5));
#2785 = ORIENTED_EDGE('',*,*,#2705,.F.);
#2786 = ORIENTED_EDGE('',*,*,#699,.F.);
#2787 = PLANE('',#2788);
#2788 = AXIS2_PLACEMENT_3D('',#2789,#2790,#2791);
#2789 = CARTESIAN_POINT('',(-8.660254037844,-60.,-5.));
#2790 = DIRECTION('',(-0.5,1.883107472963E-16,0.866025403784));
#2791 = DIRECTION('',(-0.866025403784,-5.551115123126E-17,-0.5));
#2792 = ADVANCED_FACE('',(#2793),#2870,.F.);
#2793 = FACE_BOUND('',#2794,.F.);
#2794 = EDGE_LOOP('',(#2795,#2803,#2812,#2820,#2829,#2837,#2846,#2854,
    #2863,#2869));
#2795 = ORIENTED_EDGE('',*,*,#2796,.F.);
#2796 = EDGE_CURVE('',#2797,#708,#2799,.T.);
#2797 = VERTEX_POINT('',#2798);
#2798 = CARTESIAN_POINT('',(-18.93214619526,-60.,-5.072853284009));
#2799 = LINE('',#2800,#2801);
#2800 = CARTESIAN_POINT('',(-9.659258262891,-60.,-2.588190451025));
#2801 = VECTOR('',#2802,1.);
#2802 = DIRECTION('',(-0.965925826289,-5.942759400247E-17,
    -0.258819045103));
#2803 = ORIENTED_EDGE('',*,*,#2804,.T.);
#2804 = EDGE_CURVE('',#2797,#2805,#2807,.T.);
#2805 = VERTEX_POINT('',#2806);
#2806 = CARTESIAN_POINT('',(-15.8588086521,-58.42413837779,
    -4.249354971252));
#2807 = CIRCLE('',#2808,4.);
#2808 = AXIS2_PLACEMENT_3D('',#2809,#2810,#2811);
#2809 = CARTESIAN_POINT('',(-18.93214619526,-56.,-5.072853284009));
#2810 = DIRECTION('',(-0.258819045103,2.144786184852E-16,0.965925826289)
  );
#2811 = DIRECTION('',(-0.965925826289,5.746937261686E-17,-0.258819045103
    ));
#2812 = ORIENTED_EDGE('',*,*,#2813,.F.);
#2813 = EDGE_CURVE('',#2814,#2805,#2816,.T.);
#2814 = VERTEX_POINT('',#2815);
#2815 = CARTESIAN_POINT('',(-10.81897728638,-51.5758616222,
    -2.898936226818));
#2816 = LINE('',#2817,#2818);
#2817 = CARTESIAN_POINT('',(0.,-36.87470491812,0.));
#2818 = VECTOR('',#2819,1.);
#2819 = DIRECTION('',(-0.585384466403,-0.795438288198,-0.156853295034));
#2820 = ORIENTED_EDGE('',*,*,#2821,.F.);
#2821 = EDGE_CURVE('',#2822,#2814,#2824,.T.);
#2822 = VERTEX_POINT('',#2823);
#2823 = CARTESIAN_POINT('',(-9.659258262891,-50.5250684903,
    -2.588190451025));
#2824 = CIRCLE('',#2825,4.);
#2825 = AXIS2_PLACEMENT_3D('',#2826,#2827,#2828);
#2826 = CARTESIAN_POINT('',(-7.745639743228,-54.,-2.07543791406));
#2827 = DIRECTION('',(-0.258819045103,2.144786184852E-16,0.965925826289)
  );
#2828 = DIRECTION('',(-0.965925826289,5.746937261686E-17,-0.258819045103
    ));
#2829 = ORIENTED_EDGE('',*,*,#2830,.T.);
#2830 = EDGE_CURVE('',#2822,#2831,#2833,.T.);
#2831 = VERTEX_POINT('',#2832);
#2832 = CARTESIAN_POINT('',(-9.659258262891,-45.64983475414,
    -2.588190451025));
#2833 = LINE('',#2834,#2835);
#2834 = CARTESIAN_POINT('',(-9.659258262891,-60.,-2.588190451025));
#2835 = VECTOR('',#2836,1.);
#2836 = DIRECTION('',(0.,1.,-2.22044604925E-16));
#2837 = ORIENTED_EDGE('',*,*,#2838,.F.);
#2838 = EDGE_CURVE('',#2839,#2831,#2841,.T.);
#2839 = VERTEX_POINT('',#2840);
#2840 = CARTESIAN_POINT('',(-10.44962402489,-48.07397313194,
    -2.799968318678));
#2841 = CIRCLE('',#2842,4.);
#2842 = AXIS2_PLACEMENT_3D('',#2843,#2844,#2845);
#2843 = CARTESIAN_POINT('',(-13.52296156804,-45.64983475414,
    -3.623466631435));
#2844 = DIRECTION('',(-0.258819045103,2.144786184852E-16,0.965925826289)
  );
#2845 = DIRECTION('',(-0.965925826289,5.746937261686E-17,-0.258819045103
    ));
#2846 = ORIENTED_EDGE('',*,*,#2847,.T.);
#2847 = EDGE_CURVE('',#2839,#2848,#2850,.T.);
#2848 = VERTEX_POINT('',#2849);
#2849 = CARTESIAN_POINT('',(-16.80650134548,-56.71189214821,
    -4.503288463115));
#2850 = LINE('',#2851,#2852);
#2851 = CARTESIAN_POINT('',(0.,-33.87470491812,0.));
#2852 = VECTOR('',#2853,1.);
#2853 = DIRECTION('',(-0.585384466403,-0.795438288198,-0.156853295034));
#2854 = ORIENTED_EDGE('',*,*,#2855,.F.);
#2855 = EDGE_CURVE('',#2856,#2848,#2858,.T.);
#2856 = VERTEX_POINT('',#2857);
#2857 = CARTESIAN_POINT('',(-19.87983888863,-58.28775377041,
    -5.326786775872));
#2858 = CIRCLE('',#2859,4.);
#2859 = AXIS2_PLACEMENT_3D('',#2860,#2861,#2862);
#2860 = CARTESIAN_POINT('',(-19.87983888863,-54.28775377041,
    -5.326786775872));
#2861 = DIRECTION('',(-0.258819045103,2.144786184852E-16,0.965925826289)
  );
#2862 = DIRECTION('',(-0.965925826289,5.746937261686E-17,-0.258819045103
    ));
#2863 = ORIENTED_EDGE('',*,*,#2864,.F.);
#2864 = EDGE_CURVE('',#717,#2856,#2865,.T.);
#2865 = LINE('',#2866,#2867);
#2866 = CARTESIAN_POINT('',(-4.829629131445,-58.28775377041,
    -1.294095225513));
#2867 = VECTOR('',#2868,1.);
#2868 = DIRECTION('',(0.965925826289,0.,0.258819045103));
#2869 = ORIENTED_EDGE('',*,*,#716,.F.);
#2870 = PLANE('',#2871);
#2871 = AXIS2_PLACEMENT_3D('',#2872,#2873,#2874);
#2872 = CARTESIAN_POINT('',(-9.659258262891,-60.,-2.588190451025));
#2873 = DIRECTION('',(-0.258819045103,2.409800090291E-16,0.965925826289)
  );
#2874 = DIRECTION('',(-0.965925826289,-6.138581538807E-17,
    -0.258819045103));
#2875 = ADVANCED_FACE('',(#2876),#2895,.T.);
#2876 = FACE_BOUND('',#2877,.F.);
#2877 = EDGE_LOOP('',(#2878,#2879,#2888,#2894));
#2878 = ORIENTED_EDGE('',*,*,#2864,.T.);
#2879 = ORIENTED_EDGE('',*,*,#2880,.T.);
#2880 = EDGE_CURVE('',#2856,#2881,#2883,.T.);
#2881 = VERTEX_POINT('',#2882);
#2882 = CARTESIAN_POINT('',(-20.58112367179,-58.28775377041,
    -2.520460722752E-15));
#2883 = CIRCLE('',#2884,20.581123671798);
#2884 = AXIS2_PLACEMENT_3D('',#2885,#2886,#2887);
#2885 = CARTESIAN_POINT('',(0.,-58.28775377041,0.));
#2886 = DIRECTION('',(-0.,1.,0.));
#2887 = DIRECTION('',(1.,0.,0.));
#2888 = ORIENTED_EDGE('',*,*,#2889,.F.);
#2889 = EDGE_CURVE('',#725,#2881,#2890,.T.);
#2890 = LINE('',#2891,#2892);
#2891 = CARTESIAN_POINT('',(-5.,-58.28775377041,1.705724973665E-15));
#2892 = VECTOR('',#2893,1.);
#2893 = DIRECTION('',(1.,0.,-1.110223024625E-16));
#2894 = ORIENTED_EDGE('',*,*,#724,.F.);
#2895 = PLANE('',#2896);
#2896 = AXIS2_PLACEMENT_3D('',#2897,#2898,#2899);
#2897 = CARTESIAN_POINT('',(0.,-58.28775377041,0.));
#2898 = DIRECTION('',(0.,1.,0.));
#2899 = DIRECTION('',(1.,0.,0.));
#2900 = ADVANCED_FACE('',(#2901),#2971,.T.);
#2901 = FACE_BOUND('',#2902,.T.);
#2902 = EDGE_LOOP('',(#2903,#2911,#2920,#2928,#2937,#2945,#2954,#2962,
    #2969,#2970));
#2903 = ORIENTED_EDGE('',*,*,#2904,.F.);
#2904 = EDGE_CURVE('',#2905,#304,#2907,.T.);
#2905 = VERTEX_POINT('',#2906);
#2906 = CARTESIAN_POINT('',(-19.6,-60.,-2.909357062371E-13));
#2907 = LINE('',#2908,#2909);
#2908 = CARTESIAN_POINT('',(-10.,-60.,0.));
#2909 = VECTOR('',#2910,1.);
#2910 = DIRECTION('',(-1.,-1.972152263053E-31,1.110223024625E-16));
#2911 = ORIENTED_EDGE('',*,*,#2912,.T.);
#2912 = EDGE_CURVE('',#2905,#2913,#2915,.T.);
#2913 = VERTEX_POINT('',#2914);
#2914 = CARTESIAN_POINT('',(-16.41824684721,-58.42413837779,
    -2.010655344905E-15));
#2915 = CIRCLE('',#2916,4.);
#2916 = AXIS2_PLACEMENT_3D('',#2917,#2918,#2919);
#2917 = CARTESIAN_POINT('',(-19.6,-56.,2.176037128265E-15));
#2918 = DIRECTION('',(1.110223024625E-16,2.22044604925E-16,1.));
#2919 = DIRECTION('',(0.,-1.,2.22044604925E-16));
#2920 = ORIENTED_EDGE('',*,*,#2921,.F.);
#2921 = EDGE_CURVE('',#2922,#2913,#2924,.T.);
#2922 = VERTEX_POINT('',#2923);
#2923 = CARTESIAN_POINT('',(-11.20062948099,-51.5758616222,
    -1.371681504233E-15));
#2924 = LINE('',#2925,#2926);
#2925 = CARTESIAN_POINT('',(0.,-36.87470491812,0.));
#2926 = VECTOR('',#2927,1.);
#2927 = DIRECTION('',(-0.606034594449,-0.795438288198,2.439061364928E-16
    ));
#2928 = ORIENTED_EDGE('',*,*,#2929,.F.);
#2929 = EDGE_CURVE('',#2930,#2922,#2932,.T.);
#2930 = VERTEX_POINT('',#2931);
#2931 = CARTESIAN_POINT('',(-10.,-50.5250684903,7.793155030492E-17));
#2932 = CIRCLE('',#2933,4.);
#2933 = AXIS2_PLACEMENT_3D('',#2934,#2935,#2936);
#2934 = CARTESIAN_POINT('',(-8.018876328202,-54.,8.902741131192E-16));
#2935 = DIRECTION('',(1.110223024625E-16,2.22044604925E-16,1.));
#2936 = DIRECTION('',(0.,-1.,2.22044604925E-16));
#2937 = ORIENTED_EDGE('',*,*,#2938,.T.);
#2938 = EDGE_CURVE('',#2930,#2939,#2941,.T.);
#2939 = VERTEX_POINT('',#2940);
#2940 = CARTESIAN_POINT('',(-10.,-45.64983475414,2.942047072514E-13));
#2941 = LINE('',#2942,#2943);
#2942 = CARTESIAN_POINT('',(-10.,-60.,2.181788974066E-15));
#2943 = VECTOR('',#2944,1.);
#2944 = DIRECTION('',(0.,1.,-2.22044604925E-16));
#2945 = ORIENTED_EDGE('',*,*,#2946,.F.);
#2946 = EDGE_CURVE('',#2947,#2939,#2949,.T.);
#2947 = VERTEX_POINT('',#2948);
#2948 = CARTESIAN_POINT('',(-10.81824684721,-48.07397313194,
    -1.324853137382E-15));
#2949 = CIRCLE('',#2950,4.);
#2950 = AXIS2_PLACEMENT_3D('',#2951,#2952,#2953);
#2951 = CARTESIAN_POINT('',(-14.,-45.64983475414,1.554312234475E-15));
#2952 = DIRECTION('',(1.110223024625E-16,2.22044604925E-16,1.));
#2953 = DIRECTION('',(0.,-1.,2.22044604925E-16));
#2954 = ORIENTED_EDGE('',*,*,#2955,.T.);
#2955 = EDGE_CURVE('',#2947,#2956,#2958,.T.);
#2956 = VERTEX_POINT('',#2957);
#2957 = CARTESIAN_POINT('',(-17.399370519,-56.71189214821,
    -2.130808341328E-15));
#2958 = LINE('',#2959,#2960);
#2959 = CARTESIAN_POINT('',(0.,-33.87470491812,0.));
#2960 = VECTOR('',#2961,1.);
#2961 = DIRECTION('',(-0.606034594449,-0.795438288198,2.439061364928E-16
    ));
#2962 = ORIENTED_EDGE('',*,*,#2963,.F.);
#2963 = EDGE_CURVE('',#2881,#2956,#2964,.T.);
#2964 = CIRCLE('',#2965,4.);
#2965 = AXIS2_PLACEMENT_3D('',#2966,#2967,#2968);
#2966 = CARTESIAN_POINT('',(-20.58112367179,-54.28775377041,
    2.284963737309E-15));
#2967 = DIRECTION('',(1.110223024625E-16,2.22044604925E-16,1.));
#2968 = DIRECTION('',(0.,-1.,2.22044604925E-16));
#2969 = ORIENTED_EDGE('',*,*,#2889,.F.);
#2970 = ORIENTED_EDGE('',*,*,#733,.F.);
#2971 = PLANE('',#2972);
#2972 = AXIS2_PLACEMENT_3D('',#2973,#2974,#2975);
#2973 = CARTESIAN_POINT('',(-10.,-60.,2.641031523559E-15));
#2974 = DIRECTION('',(1.110223024625E-16,2.22044604925E-16,1.));
#2975 = DIRECTION('',(-1.,-1.479114197289E-31,1.110223024625E-16));
#2976 = ADVANCED_FACE('',(#2977),#2995,.T.);
#2977 = FACE_BOUND('',#2978,.T.);
#2978 = EDGE_LOOP('',(#2979,#2986,#2987,#2994));
#2979 = ORIENTED_EDGE('',*,*,#2980,.F.);
#2980 = EDGE_CURVE('',#2797,#2905,#2981,.T.);
#2981 = CIRCLE('',#2982,19.6);
#2982 = AXIS2_PLACEMENT_3D('',#2983,#2984,#2985);
#2983 = CARTESIAN_POINT('',(0.,-60.,0.));
#2984 = DIRECTION('',(-0.,1.,0.));
#2985 = DIRECTION('',(1.,0.,0.));
#2986 = ORIENTED_EDGE('',*,*,#2804,.T.);
#2987 = ORIENTED_EDGE('',*,*,#2988,.T.);
#2988 = EDGE_CURVE('',#2805,#2913,#2989,.T.);
#2989 = CIRCLE('',#2990,16.41824684721);
#2990 = AXIS2_PLACEMENT_3D('',#2991,#2992,#2993);
#2991 = CARTESIAN_POINT('',(0.,-58.42413837779,0.));
#2992 = DIRECTION('',(-0.,1.,0.));
#2993 = DIRECTION('',(1.,0.,0.));
#2994 = ORIENTED_EDGE('',*,*,#2912,.F.);
#2995 = TOROIDAL_SURFACE('',#2996,19.6,4.);
#2996 = AXIS2_PLACEMENT_3D('',#2997,#2998,#2999);
#2997 = CARTESIAN_POINT('',(0.,-56.,0.));
#2998 = DIRECTION('',(0.,1.,0.));
#2999 = DIRECTION('',(1.,0.,0.));
#3000 = ADVANCED_FACE('',(#3001),#3019,.T.);
#3001 = FACE_BOUND('',#3002,.T.);
#3002 = EDGE_LOOP('',(#3003,#3004,#3011,#3012));
#3003 = ORIENTED_EDGE('',*,*,#888,.F.);
#3004 = ORIENTED_EDGE('',*,*,#3005,.F.);
#3005 = EDGE_CURVE('',#773,#881,#3006,.T.);
#3006 = CIRCLE('',#3007,19.6);
#3007 = AXIS2_PLACEMENT_3D('',#3008,#3009,#3010);
#3008 = CARTESIAN_POINT('',(0.,-60.,0.));
#3009 = DIRECTION('',(-0.,1.,0.));
#3010 = DIRECTION('',(1.,0.,0.));
#3011 = ORIENTED_EDGE('',*,*,#780,.T.);
#3012 = ORIENTED_EDGE('',*,*,#3013,.T.);
#3013 = EDGE_CURVE('',#781,#889,#3014,.T.);
#3014 = CIRCLE('',#3015,16.41824684721);
#3015 = AXIS2_PLACEMENT_3D('',#3016,#3017,#3018);
#3016 = CARTESIAN_POINT('',(0.,-58.42413837779,0.));
#3017 = DIRECTION('',(-0.,1.,0.));
#3018 = DIRECTION('',(1.,0.,0.));
#3019 = TOROIDAL_SURFACE('',#3020,19.6,4.);
#3020 = AXIS2_PLACEMENT_3D('',#3021,#3022,#3023);
#3021 = CARTESIAN_POINT('',(0.,-56.,0.));
#3022 = DIRECTION('',(0.,1.,0.));
#3023 = DIRECTION('',(1.,0.,0.));
#3024 = ADVANCED_FACE('',(#3025),#3043,.T.);
#3025 = FACE_BOUND('',#3026,.T.);
#3026 = EDGE_LOOP('',(#3027,#3028,#3035,#3036));
#3027 = ORIENTED_EDGE('',*,*,#1072,.F.);
#3028 = ORIENTED_EDGE('',*,*,#3029,.F.);
#3029 = EDGE_CURVE('',#957,#1065,#3030,.T.);
#3030 = CIRCLE('',#3031,19.6);
#3031 = AXIS2_PLACEMENT_3D('',#3032,#3033,#3034);
#3032 = CARTESIAN_POINT('',(0.,-60.,0.));
#3033 = DIRECTION('',(-0.,1.,0.));
#3034 = DIRECTION('',(1.,0.,0.));
#3035 = ORIENTED_EDGE('',*,*,#964,.T.);
#3036 = ORIENTED_EDGE('',*,*,#3037,.T.);
#3037 = EDGE_CURVE('',#965,#1073,#3038,.T.);
#3038 = CIRCLE('',#3039,16.41824684721);
#3039 = AXIS2_PLACEMENT_3D('',#3040,#3041,#3042);
#3040 = CARTESIAN_POINT('',(0.,-58.42413837779,0.));
#3041 = DIRECTION('',(-0.,1.,0.));
#3042 = DIRECTION('',(1.,0.,0.));
#3043 = TOROIDAL_SURFACE('',#3044,19.6,4.);
#3044 = AXIS2_PLACEMENT_3D('',#3045,#3046,#3047);
#3045 = CARTESIAN_POINT('',(0.,-56.,0.));
#3046 = DIRECTION('',(0.,1.,0.));
#3047 = DIRECTION('',(1.,0.,0.));
#3048 = ADVANCED_FACE('',(#3049),#3067,.T.);
#3049 = FACE_BOUND('',#3050,.T.);
#3050 = EDGE_LOOP('',(#3051,#3052,#3059,#3060));
#3051 = ORIENTED_EDGE('',*,*,#1256,.F.);
#3052 = ORIENTED_EDGE('',*,*,#3053,.F.);
#3053 = EDGE_CURVE('',#1141,#1249,#3054,.T.);
#3054 = CIRCLE('',#3055,19.6);
#3055 = AXIS2_PLACEMENT_3D('',#3056,#3057,#3058);
#3056 = CARTESIAN_POINT('',(0.,-60.,0.));
#3057 = DIRECTION('',(-0.,1.,0.));
#3058 = DIRECTION('',(1.,0.,0.));
#3059 = ORIENTED_EDGE('',*,*,#1148,.T.);
#3060 = ORIENTED_EDGE('',*,*,#3061,.T.);
#3061 = EDGE_CURVE('',#1149,#1257,#3062,.T.);
#3062 = CIRCLE('',#3063,16.41824684721);
#3063 = AXIS2_PLACEMENT_3D('',#3064,#3065,#3066);
#3064 = CARTESIAN_POINT('',(0.,-58.42413837779,0.));
#3065 = DIRECTION('',(-0.,1.,0.));
#3066 = DIRECTION('',(1.,0.,0.));
#3067 = TOROIDAL_SURFACE('',#3068,19.6,4.);
#3068 = AXIS2_PLACEMENT_3D('',#3069,#3070,#3071);
#3069 = CARTESIAN_POINT('',(0.,-56.,0.));
#3070 = DIRECTION('',(0.,1.,0.));
#3071 = DIRECTION('',(1.,0.,0.));
#3072 = ADVANCED_FACE('',(#3073),#3091,.T.);
#3073 = FACE_BOUND('',#3074,.T.);
#3074 = EDGE_LOOP('',(#3075,#3076,#3083,#3084));
#3075 = ORIENTED_EDGE('',*,*,#1440,.F.);
#3076 = ORIENTED_EDGE('',*,*,#3077,.F.);
#3077 = EDGE_CURVE('',#1325,#1433,#3078,.T.);
#3078 = CIRCLE('',#3079,19.6);
#3079 = AXIS2_PLACEMENT_3D('',#3080,#3081,#3082);
#3080 = CARTESIAN_POINT('',(0.,-60.,0.));
#3081 = DIRECTION('',(-0.,1.,0.));
#3082 = DIRECTION('',(1.,0.,0.));
#3083 = ORIENTED_EDGE('',*,*,#1332,.T.);
#3084 = ORIENTED_EDGE('',*,*,#3085,.T.);
#3085 = EDGE_CURVE('',#1333,#1441,#3086,.T.);
#3086 = CIRCLE('',#3087,16.41824684721);
#3087 = AXIS2_PLACEMENT_3D('',#3088,#3089,#3090);
#3088 = CARTESIAN_POINT('',(0.,-58.42413837779,0.));
#3089 = DIRECTION('',(-0.,1.,0.));
#3090 = DIRECTION('',(1.,0.,0.));
#3091 = TOROIDAL_SURFACE('',#3092,19.6,4.);
#3092 = AXIS2_PLACEMENT_3D('',#3093,#3094,#3095);
#3093 = CARTESIAN_POINT('',(0.,-56.,0.));
#3094 = DIRECTION('',(0.,1.,0.));
#3095 = DIRECTION('',(1.,0.,0.));
#3096 = ADVANCED_FACE('',(#3097),#3115,.T.);
#3097 = FACE_BOUND('',#3098,.T.);
#3098 = EDGE_LOOP('',(#3099,#3100,#3107,#3108));
#3099 = ORIENTED_EDGE('',*,*,#1624,.F.);
#3100 = ORIENTED_EDGE('',*,*,#3101,.F.);
#3101 = EDGE_CURVE('',#1509,#1617,#3102,.T.);
#3102 = CIRCLE('',#3103,19.6);
#3103 = AXIS2_PLACEMENT_3D('',#3104,#3105,#3106);
#3104 = CARTESIAN_POINT('',(0.,-60.,0.));
#3105 = DIRECTION('',(-0.,1.,0.));
#3106 = DIRECTION('',(1.,0.,0.));
#3107 = ORIENTED_EDGE('',*,*,#1516,.T.);
#3108 = ORIENTED_EDGE('',*,*,#3109,.T.);
#3109 = EDGE_CURVE('',#1517,#1625,#3110,.T.);
#3110 = CIRCLE('',#3111,16.41824684721);
#3111 = AXIS2_PLACEMENT_3D('',#3112,#3113,#3114);
#3112 = CARTESIAN_POINT('',(0.,-58.42413837779,0.));
#3113 = DIRECTION('',(-0.,1.,0.));
#3114 = DIRECTION('',(1.,0.,0.));
#3115 = TOROIDAL_SURFACE('',#3116,19.6,4.);
#3116 = AXIS2_PLACEMENT_3D('',#3117,#3118,#3119);
#3117 = CARTESIAN_POINT('',(0.,-56.,0.));
#3118 = DIRECTION('',(0.,1.,0.));
#3119 = DIRECTION('',(1.,0.,0.));
#3120 = ADVANCED_FACE('',(#3121),#3139,.T.);
#3121 = FACE_BOUND('',#3122,.T.);
#3122 = EDGE_LOOP('',(#3123,#3124,#3131,#3132));
#3123 = ORIENTED_EDGE('',*,*,#1808,.T.);
#3124 = ORIENTED_EDGE('',*,*,#3125,.F.);
#3125 = EDGE_CURVE('',#1693,#1801,#3126,.T.);
#3126 = CIRCLE('',#3127,19.6);
#3127 = AXIS2_PLACEMENT_3D('',#3128,#3129,#3130);
#3128 = CARTESIAN_POINT('',(0.,-60.,0.));
#3129 = DIRECTION('',(-0.,1.,0.));
#3130 = DIRECTION('',(1.,0.,0.));
#3131 = ORIENTED_EDGE('',*,*,#1700,.T.);
#3132 = ORIENTED_EDGE('',*,*,#3133,.T.);
#3133 = EDGE_CURVE('',#1701,#1809,#3134,.T.);
#3134 = CIRCLE('',#3135,16.41824684721);
#3135 = AXIS2_PLACEMENT_3D('',#3136,#3137,#3138);
#3136 = CARTESIAN_POINT('',(0.,-58.42413837779,0.));
#3137 = DIRECTION('',(-0.,1.,0.));
#3138 = DIRECTION('',(1.,0.,0.));
#3139 = TOROIDAL_SURFACE('',#3140,19.6,4.);
#3140 = AXIS2_PLACEMENT_3D('',#3141,#3142,#3143);
#3141 = CARTESIAN_POINT('',(0.,-56.,0.));
#3142 = DIRECTION('',(0.,1.,0.));
#3143 = DIRECTION('',(1.,0.,0.));
#3144 = ADVANCED_FACE('',(#3145),#3163,.T.);
#3145 = FACE_BOUND('',#3146,.T.);
#3146 = EDGE_LOOP('',(#3147,#3154,#3155,#3162));
#3147 = ORIENTED_EDGE('',*,*,#3148,.F.);
#3148 = EDGE_CURVE('',#1877,#1985,#3149,.T.);
#3149 = CIRCLE('',#3150,19.6);
#3150 = AXIS2_PLACEMENT_3D('',#3151,#3152,#3153);
#3151 = CARTESIAN_POINT('',(0.,-60.,0.));
#3152 = DIRECTION('',(-0.,1.,0.));
#3153 = DIRECTION('',(1.,0.,0.));
#3154 = ORIENTED_EDGE('',*,*,#1884,.T.);
#3155 = ORIENTED_EDGE('',*,*,#3156,.T.);
#3156 = EDGE_CURVE('',#1885,#1993,#3157,.T.);
#3157 = CIRCLE('',#3158,16.41824684721);
#3158 = AXIS2_PLACEMENT_3D('',#3159,#3160,#3161);
#3159 = CARTESIAN_POINT('',(0.,-58.42413837779,0.));
#3160 = DIRECTION('',(-0.,1.,0.));
#3161 = DIRECTION('',(1.,0.,0.));
#3162 = ORIENTED_EDGE('',*,*,#1992,.F.);
#3163 = TOROIDAL_SURFACE('',#3164,19.6,4.);
#3164 = AXIS2_PLACEMENT_3D('',#3165,#3166,#3167);
#3165 = CARTESIAN_POINT('',(0.,-56.,0.));
#3166 = DIRECTION('',(0.,1.,0.));
#3167 = DIRECTION('',(1.,0.,0.));
#3168 = ADVANCED_FACE('',(#3169),#3187,.T.);
#3169 = FACE_BOUND('',#3170,.T.);
#3170 = EDGE_LOOP('',(#3171,#3178,#3179,#3186));
#3171 = ORIENTED_EDGE('',*,*,#3172,.F.);
#3172 = EDGE_CURVE('',#2061,#2169,#3173,.T.);
#3173 = CIRCLE('',#3174,19.6);
#3174 = AXIS2_PLACEMENT_3D('',#3175,#3176,#3177);
#3175 = CARTESIAN_POINT('',(0.,-60.,0.));
#3176 = DIRECTION('',(-0.,1.,0.));
#3177 = DIRECTION('',(1.,0.,0.));
#3178 = ORIENTED_EDGE('',*,*,#2068,.T.);
#3179 = ORIENTED_EDGE('',*,*,#3180,.T.);
#3180 = EDGE_CURVE('',#2069,#2177,#3181,.T.);
#3181 = CIRCLE('',#3182,16.41824684721);
#3182 = AXIS2_PLACEMENT_3D('',#3183,#3184,#3185);
#3183 = CARTESIAN_POINT('',(0.,-58.42413837779,0.));
#3184 = DIRECTION('',(-0.,1.,0.));
#3185 = DIRECTION('',(1.,0.,0.));
#3186 = ORIENTED_EDGE('',*,*,#2176,.F.);
#3187 = TOROIDAL_SURFACE('',#3188,19.6,4.);
#3188 = AXIS2_PLACEMENT_3D('',#3189,#3190,#3191);
#3189 = CARTESIAN_POINT('',(0.,-56.,0.));
#3190 = DIRECTION('',(0.,1.,0.));
#3191 = DIRECTION('',(1.,0.,0.));
#3192 = ADVANCED_FACE('',(#3193),#3211,.T.);
#3193 = FACE_BOUND('',#3194,.T.);
#3194 = EDGE_LOOP('',(#3195,#3202,#3203,#3210));
#3195 = ORIENTED_EDGE('',*,*,#3196,.F.);
#3196 = EDGE_CURVE('',#2245,#2353,#3197,.T.);
#3197 = CIRCLE('',#3198,19.6);
#3198 = AXIS2_PLACEMENT_3D('',#3199,#3200,#3201);
#3199 = CARTESIAN_POINT('',(0.,-60.,0.));
#3200 = DIRECTION('',(-0.,1.,0.));
#3201 = DIRECTION('',(1.,0.,0.));
#3202 = ORIENTED_EDGE('',*,*,#2252,.T.);
#3203 = ORIENTED_EDGE('',*,*,#3204,.T.);
#3204 = EDGE_CURVE('',#2253,#2361,#3205,.T.);
#3205 = CIRCLE('',#3206,16.41824684721);
#3206 = AXIS2_PLACEMENT_3D('',#3207,#3208,#3209);
#3207 = CARTESIAN_POINT('',(0.,-58.42413837779,0.));
#3208 = DIRECTION('',(-0.,1.,0.));
#3209 = DIRECTION('',(1.,0.,0.));
#3210 = ORIENTED_EDGE('',*,*,#2360,.F.);
#3211 = TOROIDAL_SURFACE('',#3212,19.6,4.);
#3212 = AXIS2_PLACEMENT_3D('',#3213,#3214,#3215);
#3213 = CARTESIAN_POINT('',(0.,-56.,0.));
#3214 = DIRECTION('',(0.,1.,0.));
#3215 = DIRECTION('',(1.,0.,0.));
#3216 = ADVANCED_FACE('',(#3217),#3235,.T.);
#3217 = FACE_BOUND('',#3218,.T.);
#3218 = EDGE_LOOP('',(#3219,#3226,#3227,#3234));
#3219 = ORIENTED_EDGE('',*,*,#3220,.F.);
#3220 = EDGE_CURVE('',#2429,#2537,#3221,.T.);
#3221 = CIRCLE('',#3222,19.6);
#3222 = AXIS2_PLACEMENT_3D('',#3223,#3224,#3225);
#3223 = CARTESIAN_POINT('',(0.,-60.,0.));
#3224 = DIRECTION('',(-0.,1.,0.));
#3225 = DIRECTION('',(1.,0.,0.));
#3226 = ORIENTED_EDGE('',*,*,#2436,.T.);
#3227 = ORIENTED_EDGE('',*,*,#3228,.T.);
#3228 = EDGE_CURVE('',#2437,#2545,#3229,.T.);
#3229 = CIRCLE('',#3230,16.41824684721);
#3230 = AXIS2_PLACEMENT_3D('',#3231,#3232,#3233);
#3231 = CARTESIAN_POINT('',(0.,-58.42413837779,0.));
#3232 = DIRECTION('',(-0.,1.,0.));
#3233 = DIRECTION('',(1.,0.,0.));
#3234 = ORIENTED_EDGE('',*,*,#2544,.F.);
#3235 = TOROIDAL_SURFACE('',#3236,19.6,4.);
#3236 = AXIS2_PLACEMENT_3D('',#3237,#3238,#3239);
#3237 = CARTESIAN_POINT('',(0.,-56.,0.));
#3238 = DIRECTION('',(0.,1.,0.));
#3239 = DIRECTION('',(1.,0.,0.));
#3240 = ADVANCED_FACE('',(#3241),#3259,.T.);
#3241 = FACE_BOUND('',#3242,.T.);
#3242 = EDGE_LOOP('',(#3243,#3250,#3251,#3258));
#3243 = ORIENTED_EDGE('',*,*,#3244,.F.);
#3244 = EDGE_CURVE('',#2613,#2721,#3245,.T.);
#3245 = CIRCLE('',#3246,19.6);
#3246 = AXIS2_PLACEMENT_3D('',#3247,#3248,#3249);
#3247 = CARTESIAN_POINT('',(0.,-60.,0.));
#3248 = DIRECTION('',(-0.,1.,0.));
#3249 = DIRECTION('',(1.,0.,0.));
#3250 = ORIENTED_EDGE('',*,*,#2620,.T.);
#3251 = ORIENTED_EDGE('',*,*,#3252,.T.);
#3252 = EDGE_CURVE('',#2621,#2729,#3253,.T.);
#3253 = CIRCLE('',#3254,16.41824684721);
#3254 = AXIS2_PLACEMENT_3D('',#3255,#3256,#3257);
#3255 = CARTESIAN_POINT('',(0.,-58.42413837779,0.));
#3256 = DIRECTION('',(-0.,1.,0.));
#3257 = DIRECTION('',(1.,0.,0.));
#3258 = ORIENTED_EDGE('',*,*,#2728,.F.);
#3259 = TOROIDAL_SURFACE('',#3260,19.6,4.);
#3260 = AXIS2_PLACEMENT_3D('',#3261,#3262,#3263);
#3261 = CARTESIAN_POINT('',(0.,-56.,0.));
#3262 = DIRECTION('',(0.,1.,0.));
#3263 = DIRECTION('',(1.,0.,0.));
#3264 = ADVANCED_FACE('',(#3265),#3277,.F.);
#3265 = FACE_BOUND('',#3266,.F.);
#3266 = EDGE_LOOP('',(#3267,#3274,#3275,#3276));
#3267 = ORIENTED_EDGE('',*,*,#3268,.T.);
#3268 = EDGE_CURVE('',#824,#932,#3269,.T.);
#3269 = CIRCLE('',#3270,17.399370519008);
#3270 = AXIS2_PLACEMENT_3D('',#3271,#3272,#3273);
#3271 = CARTESIAN_POINT('',(0.,-56.71189214821,0.));
#3272 = DIRECTION('',(-0.,1.,0.));
#3273 = DIRECTION('',(1.,0.,0.));
#3274 = ORIENTED_EDGE('',*,*,#939,.F.);
#3275 = ORIENTED_EDGE('',*,*,#855,.F.);
#3276 = ORIENTED_EDGE('',*,*,#831,.T.);
#3277 = TOROIDAL_SURFACE('',#3278,20.581123671798,4.);
#3278 = AXIS2_PLACEMENT_3D('',#3279,#3280,#3281);
#3279 = CARTESIAN_POINT('',(0.,-54.28775377041,0.));
#3280 = DIRECTION('',(0.,1.,0.));
#3281 = DIRECTION('',(1.,0.,0.));
#3282 = ADVANCED_FACE('',(#3283),#3295,.T.);
#3283 = FACE_BOUND('',#3284,.F.);
#3284 = EDGE_LOOP('',(#3285,#3292,#3293,#3294));
#3285 = ORIENTED_EDGE('',*,*,#3286,.T.);
#3286 = EDGE_CURVE('',#815,#923,#3287,.T.);
#3287 = CIRCLE('',#3288,10.81824684721);
#3288 = AXIS2_PLACEMENT_3D('',#3289,#3290,#3291);
#3289 = CARTESIAN_POINT('',(0.,-48.07397313194,0.));
#3290 = DIRECTION('',(-0.,1.,0.));
#3291 = DIRECTION('',(1.,0.,0.));
#3292 = ORIENTED_EDGE('',*,*,#931,.T.);
#3293 = ORIENTED_EDGE('',*,*,#3268,.F.);
#3294 = ORIENTED_EDGE('',*,*,#823,.F.);
#3295 = CONICAL_SURFACE('',#3296,10.81824684721,0.651065883584);
#3296 = AXIS2_PLACEMENT_3D('',#3297,#3298,#3299);
#3297 = CARTESIAN_POINT('',(0.,-48.07397313194,0.));
#3298 = DIRECTION('',(0.,-1.,0.));
#3299 = DIRECTION('',(1.,0.,0.));
#3300 = ADVANCED_FACE('',(#3301),#3313,.F.);
#3301 = FACE_BOUND('',#3302,.F.);
#3302 = EDGE_LOOP('',(#3303,#3310,#3311,#3312));
#3303 = ORIENTED_EDGE('',*,*,#3304,.T.);
#3304 = EDGE_CURVE('',#807,#915,#3305,.T.);
#3305 = CIRCLE('',#3306,10.);
#3306 = AXIS2_PLACEMENT_3D('',#3307,#3308,#3309);
#3307 = CARTESIAN_POINT('',(0.,-45.64983475414,0.));
#3308 = DIRECTION('',(-0.,1.,0.));
#3309 = DIRECTION('',(1.,0.,0.));
#3310 = ORIENTED_EDGE('',*,*,#922,.F.);
#3311 = ORIENTED_EDGE('',*,*,#3286,.F.);
#3312 = ORIENTED_EDGE('',*,*,#814,.T.);
#3313 = TOROIDAL_SURFACE('',#3314,14.,4.);
#3314 = AXIS2_PLACEMENT_3D('',#3315,#3316,#3317);
#3315 = CARTESIAN_POINT('',(0.,-45.64983475414,0.));
#3316 = DIRECTION('',(0.,1.,0.));
#3317 = DIRECTION('',(1.,0.,0.));
#3318 = ADVANCED_FACE('',(#3319),#3522,.T.);
#3319 = FACE_BOUND('',#3320,.T.);
#3320 = EDGE_LOOP('',(#3321,#3322,#3323,#3324,#3331,#3332,#3339,#3346,
    #3353,#3354,#3355,#3362,#3363,#3370,#3371,#3378,#3379,#3386,#3387,
    #3394,#3395,#3402,#3403,#3410,#3411,#3418,#3419,#3426,#3427,#3434,
    #3435,#3442,#3443,#3450,#3451,#3458,#3459,#3466,#3467,#3474,#3475,
    #3482,#3483,#3490,#3491,#3498,#3499,#3506,#3507,#3514,#3515));
#3321 = ORIENTED_EDGE('',*,*,#806,.T.);
#3322 = ORIENTED_EDGE('',*,*,#3304,.T.);
#3323 = ORIENTED_EDGE('',*,*,#914,.F.);
#3324 = ORIENTED_EDGE('',*,*,#3325,.T.);
#3325 = EDGE_CURVE('',#906,#982,#3326,.T.);
#3326 = CIRCLE('',#3327,10.);
#3327 = AXIS2_PLACEMENT_3D('',#3328,#3329,#3330);
#3328 = CARTESIAN_POINT('',(0.,-50.5250684903,0.));
#3329 = DIRECTION('',(0.,1.,0.));
#3330 = DIRECTION('',(0.,0.,1.));
#3331 = ORIENTED_EDGE('',*,*,#990,.T.);
#3332 = ORIENTED_EDGE('',*,*,#3333,.T.);
#3333 = EDGE_CURVE('',#991,#1099,#3334,.T.);
#3334 = CIRCLE('',#3335,10.);
#3335 = AXIS2_PLACEMENT_3D('',#3336,#3337,#3338);
#3336 = CARTESIAN_POINT('',(0.,-45.64983475414,0.));
#3337 = DIRECTION('',(-0.,1.,0.));
#3338 = DIRECTION('',(1.,0.,0.));
#3339 = ORIENTED_EDGE('',*,*,#3340,.F.);
#3340 = EDGE_CURVE('',#3341,#1099,#3343,.T.);
#3341 = VERTEX_POINT('',#3342);
#3342 = CARTESIAN_POINT('',(-5.,-41.4,8.660254037844));
#3343 = B_SPLINE_CURVE_WITH_KNOTS('',1,(#3344,#3345),.UNSPECIFIED.,.F.,
  .F.,(2,2),(-25.,-14.35016524585),.PIECEWISE_BEZIER_KNOTS.);
#3344 = CARTESIAN_POINT('',(-5.,-35.,8.660254037844));
#3345 = CARTESIAN_POINT('',(-5.,-45.64983475414,8.660254037844));
#3346 = ORIENTED_EDGE('',*,*,#3347,.T.);
#3347 = EDGE_CURVE('',#3341,#3341,#3348,.T.);
#3348 = CIRCLE('',#3349,10.);
#3349 = AXIS2_PLACEMENT_3D('',#3350,#3351,#3352);
#3350 = CARTESIAN_POINT('',(0.,-41.4,-4.130029651606E-15));
#3351 = DIRECTION('',(0.,-1.,2.22044604925E-16));
#3352 = DIRECTION('',(-0.5,1.922962686384E-16,0.866025403784));
#3353 = ORIENTED_EDGE('',*,*,#3340,.T.);
#3354 = ORIENTED_EDGE('',*,*,#1098,.F.);
#3355 = ORIENTED_EDGE('',*,*,#3356,.T.);
#3356 = EDGE_CURVE('',#1090,#1166,#3357,.T.);
#3357 = CIRCLE('',#3358,10.);
#3358 = AXIS2_PLACEMENT_3D('',#3359,#3360,#3361);
#3359 = CARTESIAN_POINT('',(0.,-50.5250684903,0.));
#3360 = DIRECTION('',(0.,1.,0.));
#3361 = DIRECTION('',(0.,0.,1.));
#3362 = ORIENTED_EDGE('',*,*,#1174,.T.);
#3363 = ORIENTED_EDGE('',*,*,#3364,.T.);
#3364 = EDGE_CURVE('',#1175,#1283,#3365,.T.);
#3365 = CIRCLE('',#3366,10.);
#3366 = AXIS2_PLACEMENT_3D('',#3367,#3368,#3369);
#3367 = CARTESIAN_POINT('',(0.,-45.64983475414,0.));
#3368 = DIRECTION('',(-0.,1.,0.));
#3369 = DIRECTION('',(1.,0.,0.));
#3370 = ORIENTED_EDGE('',*,*,#1282,.F.);
#3371 = ORIENTED_EDGE('',*,*,#3372,.T.);
#3372 = EDGE_CURVE('',#1274,#1350,#3373,.T.);
#3373 = CIRCLE('',#3374,10.);
#3374 = AXIS2_PLACEMENT_3D('',#3375,#3376,#3377);
#3375 = CARTESIAN_POINT('',(0.,-50.5250684903,0.));
#3376 = DIRECTION('',(0.,1.,0.));
#3377 = DIRECTION('',(0.,0.,1.));
#3378 = ORIENTED_EDGE('',*,*,#1358,.T.);
#3379 = ORIENTED_EDGE('',*,*,#3380,.T.);
#3380 = EDGE_CURVE('',#1359,#1467,#3381,.T.);
#3381 = CIRCLE('',#3382,10.);
#3382 = AXIS2_PLACEMENT_3D('',#3383,#3384,#3385);
#3383 = CARTESIAN_POINT('',(0.,-45.64983475414,0.));
#3384 = DIRECTION('',(-0.,1.,0.));
#3385 = DIRECTION('',(1.,0.,0.));
#3386 = ORIENTED_EDGE('',*,*,#1466,.F.);
#3387 = ORIENTED_EDGE('',*,*,#3388,.T.);
#3388 = EDGE_CURVE('',#1458,#1534,#3389,.T.);
#3389 = CIRCLE('',#3390,10.);
#3390 = AXIS2_PLACEMENT_3D('',#3391,#3392,#3393);
#3391 = CARTESIAN_POINT('',(0.,-50.5250684903,0.));
#3392 = DIRECTION('',(0.,1.,0.));
#3393 = DIRECTION('',(0.,0.,1.));
#3394 = ORIENTED_EDGE('',*,*,#1542,.T.);
#3395 = ORIENTED_EDGE('',*,*,#3396,.T.);
#3396 = EDGE_CURVE('',#1543,#1651,#3397,.T.);
#3397 = CIRCLE('',#3398,10.);
#3398 = AXIS2_PLACEMENT_3D('',#3399,#3400,#3401);
#3399 = CARTESIAN_POINT('',(0.,-45.64983475414,0.));
#3400 = DIRECTION('',(-0.,1.,0.));
#3401 = DIRECTION('',(1.,0.,0.));
#3402 = ORIENTED_EDGE('',*,*,#1650,.F.);
#3403 = ORIENTED_EDGE('',*,*,#3404,.T.);
#3404 = EDGE_CURVE('',#1642,#1718,#3405,.T.);
#3405 = CIRCLE('',#3406,10.);
#3406 = AXIS2_PLACEMENT_3D('',#3407,#3408,#3409);
#3407 = CARTESIAN_POINT('',(0.,-50.5250684903,0.));
#3408 = DIRECTION('',(0.,1.,0.));
#3409 = DIRECTION('',(0.,0.,1.));
#3410 = ORIENTED_EDGE('',*,*,#1726,.T.);
#3411 = ORIENTED_EDGE('',*,*,#3412,.T.);
#3412 = EDGE_CURVE('',#1727,#1835,#3413,.T.);
#3413 = CIRCLE('',#3414,10.);
#3414 = AXIS2_PLACEMENT_3D('',#3415,#3416,#3417);
#3415 = CARTESIAN_POINT('',(0.,-45.64983475414,0.));
#3416 = DIRECTION('',(-0.,1.,0.));
#3417 = DIRECTION('',(1.,0.,0.));
#3418 = ORIENTED_EDGE('',*,*,#1834,.F.);
#3419 = ORIENTED_EDGE('',*,*,#3420,.T.);
#3420 = EDGE_CURVE('',#1826,#1902,#3421,.T.);
#3421 = CIRCLE('',#3422,10.);
#3422 = AXIS2_PLACEMENT_3D('',#3423,#3424,#3425);
#3423 = CARTESIAN_POINT('',(0.,-50.5250684903,0.));
#3424 = DIRECTION('',(0.,1.,0.));
#3425 = DIRECTION('',(0.,0.,1.));
#3426 = ORIENTED_EDGE('',*,*,#1910,.T.);
#3427 = ORIENTED_EDGE('',*,*,#3428,.T.);
#3428 = EDGE_CURVE('',#1911,#2019,#3429,.T.);
#3429 = CIRCLE('',#3430,10.);
#3430 = AXIS2_PLACEMENT_3D('',#3431,#3432,#3433);
#3431 = CARTESIAN_POINT('',(0.,-45.64983475414,0.));
#3432 = DIRECTION('',(-0.,1.,0.));
#3433 = DIRECTION('',(1.,0.,0.));
#3434 = ORIENTED_EDGE('',*,*,#2018,.F.);
#3435 = ORIENTED_EDGE('',*,*,#3436,.T.);
#3436 = EDGE_CURVE('',#2010,#2086,#3437,.T.);
#3437 = CIRCLE('',#3438,10.);
#3438 = AXIS2_PLACEMENT_3D('',#3439,#3440,#3441);
#3439 = CARTESIAN_POINT('',(0.,-50.5250684903,0.));
#3440 = DIRECTION('',(0.,1.,0.));
#3441 = DIRECTION('',(0.,0.,1.));
#3442 = ORIENTED_EDGE('',*,*,#2094,.T.);
#3443 = ORIENTED_EDGE('',*,*,#3444,.T.);
#3444 = EDGE_CURVE('',#2095,#2203,#3445,.T.);
#3445 = CIRCLE('',#3446,10.);
#3446 = AXIS2_PLACEMENT_3D('',#3447,#3448,#3449);
#3447 = CARTESIAN_POINT('',(0.,-45.64983475414,0.));
#3448 = DIRECTION('',(-0.,1.,0.));
#3449 = DIRECTION('',(1.,0.,0.));
#3450 = ORIENTED_EDGE('',*,*,#2202,.F.);
#3451 = ORIENTED_EDGE('',*,*,#3452,.T.);
#3452 = EDGE_CURVE('',#2194,#2270,#3453,.T.);
#3453 = CIRCLE('',#3454,10.);
#3454 = AXIS2_PLACEMENT_3D('',#3455,#3456,#3457);
#3455 = CARTESIAN_POINT('',(0.,-50.5250684903,0.));
#3456 = DIRECTION('',(0.,1.,0.));
#3457 = DIRECTION('',(0.,0.,1.));
#3458 = ORIENTED_EDGE('',*,*,#2278,.T.);
#3459 = ORIENTED_EDGE('',*,*,#3460,.T.);
#3460 = EDGE_CURVE('',#2279,#2387,#3461,.T.);
#3461 = CIRCLE('',#3462,10.);
#3462 = AXIS2_PLACEMENT_3D('',#3463,#3464,#3465);
#3463 = CARTESIAN_POINT('',(0.,-45.64983475414,0.));
#3464 = DIRECTION('',(-0.,1.,0.));
#3465 = DIRECTION('',(1.,0.,0.));
#3466 = ORIENTED_EDGE('',*,*,#2386,.F.);
#3467 = ORIENTED_EDGE('',*,*,#3468,.T.);
#3468 = EDGE_CURVE('',#2378,#2454,#3469,.T.);
#3469 = CIRCLE('',#3470,10.);
#3470 = AXIS2_PLACEMENT_3D('',#3471,#3472,#3473);
#3471 = CARTESIAN_POINT('',(0.,-50.5250684903,0.));
#3472 = DIRECTION('',(0.,1.,0.));
#3473 = DIRECTION('',(0.,0.,1.));
#3474 = ORIENTED_EDGE('',*,*,#2462,.T.);
#3475 = ORIENTED_EDGE('',*,*,#3476,.T.);
#3476 = EDGE_CURVE('',#2463,#2571,#3477,.T.);
#3477 = CIRCLE('',#3478,10.);
#3478 = AXIS2_PLACEMENT_3D('',#3479,#3480,#3481);
#3479 = CARTESIAN_POINT('',(0.,-45.64983475414,0.));
#3480 = DIRECTION('',(-0.,1.,0.));
#3481 = DIRECTION('',(1.,0.,0.));
#3482 = ORIENTED_EDGE('',*,*,#2570,.F.);
#3483 = ORIENTED_EDGE('',*,*,#3484,.T.);
#3484 = EDGE_CURVE('',#2562,#2638,#3485,.T.);
#3485 = CIRCLE('',#3486,10.);
#3486 = AXIS2_PLACEMENT_3D('',#3487,#3488,#3489);
#3487 = CARTESIAN_POINT('',(0.,-50.5250684903,0.));
#3488 = DIRECTION('',(0.,1.,0.));
#3489 = DIRECTION('',(0.,0.,1.));
#3490 = ORIENTED_EDGE('',*,*,#2646,.T.);
#3491 = ORIENTED_EDGE('',*,*,#3492,.T.);
#3492 = EDGE_CURVE('',#2647,#2755,#3493,.T.);
#3493 = CIRCLE('',#3494,10.);
#3494 = AXIS2_PLACEMENT_3D('',#3495,#3496,#3497);
#3495 = CARTESIAN_POINT('',(0.,-45.64983475414,0.));
#3496 = DIRECTION('',(-0.,1.,0.));
#3497 = DIRECTION('',(1.,0.,0.));
#3498 = ORIENTED_EDGE('',*,*,#2754,.F.);
#3499 = ORIENTED_EDGE('',*,*,#3500,.T.);
#3500 = EDGE_CURVE('',#2746,#2822,#3501,.T.);
#3501 = CIRCLE('',#3502,10.);
#3502 = AXIS2_PLACEMENT_3D('',#3503,#3504,#3505);
#3503 = CARTESIAN_POINT('',(0.,-50.5250684903,0.));
#3504 = DIRECTION('',(0.,1.,0.));
#3505 = DIRECTION('',(0.,0.,1.));
#3506 = ORIENTED_EDGE('',*,*,#2830,.T.);
#3507 = ORIENTED_EDGE('',*,*,#3508,.T.);
#3508 = EDGE_CURVE('',#2831,#2939,#3509,.T.);
#3509 = CIRCLE('',#3510,10.);
#3510 = AXIS2_PLACEMENT_3D('',#3511,#3512,#3513);
#3511 = CARTESIAN_POINT('',(0.,-45.64983475414,0.));
#3512 = DIRECTION('',(-0.,1.,0.));
#3513 = DIRECTION('',(1.,0.,0.));
#3514 = ORIENTED_EDGE('',*,*,#2938,.F.);
#3515 = ORIENTED_EDGE('',*,*,#3516,.T.);
#3516 = EDGE_CURVE('',#2930,#798,#3517,.T.);
#3517 = CIRCLE('',#3518,10.);
#3518 = AXIS2_PLACEMENT_3D('',#3519,#3520,#3521);
#3519 = CARTESIAN_POINT('',(0.,-50.5250684903,0.));
#3520 = DIRECTION('',(0.,1.,0.));
#3521 = DIRECTION('',(0.,0.,1.));
#3522 = CYLINDRICAL_SURFACE('',#3523,10.);
#3523 = AXIS2_PLACEMENT_3D('',#3524,#3525,#3526);
#3524 = CARTESIAN_POINT('',(0.,-60.,0.));
#3525 = DIRECTION('',(0.,-1.,2.22044604925E-16));
#3526 = DIRECTION('',(-0.5,1.922962686384E-16,0.866025403784));
#3527 = ADVANCED_FACE('',(#3528),#3667,.F.);
#3528 = FACE_BOUND('',#3529,.F.);
#3529 = EDGE_LOOP('',(#3530,#3537,#3538,#3547,#3554,#3555,#3556,#3557,
    #3564,#3565,#3566,#3567,#3574,#3575,#3576,#3577,#3584,#3585,#3586,
    #3587,#3594,#3595,#3596,#3597,#3604,#3605,#3606,#3607,#3614,#3615,
    #3616,#3617,#3624,#3625,#3626,#3627,#3634,#3635,#3636,#3637,#3644,
    #3645,#3646,#3647,#3654,#3655,#3656,#3657,#3664,#3665,#3666));
#3530 = ORIENTED_EDGE('',*,*,#3531,.T.);
#3531 = EDGE_CURVE('',#1710,#1818,#3532,.T.);
#3532 = CIRCLE('',#3533,11.200629480992);
#3533 = AXIS2_PLACEMENT_3D('',#3534,#3535,#3536);
#3534 = CARTESIAN_POINT('',(0.,-51.5758616222,0.));
#3535 = DIRECTION('',(-0.,1.,0.));
#3536 = DIRECTION('',(1.,0.,0.));
#3537 = ORIENTED_EDGE('',*,*,#1825,.T.);
#3538 = ORIENTED_EDGE('',*,*,#3539,.T.);
#3539 = EDGE_CURVE('',#1826,#3540,#3542,.T.);
#3540 = VERTEX_POINT('',#3541);
#3541 = CARTESIAN_POINT('',(8.018876328202,-50.,0.));
#3542 = CIRCLE('',#3543,4.);
#3543 = AXIS2_PLACEMENT_3D('',#3544,#3545,#3546);
#3544 = CARTESIAN_POINT('',(8.018876328202,-54.,0.));
#3545 = DIRECTION('',(0.,0.,1.));
#3546 = DIRECTION('',(1.,0.,0.));
#3547 = ORIENTED_EDGE('',*,*,#3548,.F.);
#3548 = EDGE_CURVE('',#3540,#3540,#3549,.T.);
#3549 = CIRCLE('',#3550,8.018876328202);
#3550 = AXIS2_PLACEMENT_3D('',#3551,#3552,#3553);
#3551 = CARTESIAN_POINT('',(0.,-50.,0.));
#3552 = DIRECTION('',(-0.,1.,0.));
#3553 = DIRECTION('',(1.,0.,0.));
#3554 = ORIENTED_EDGE('',*,*,#3539,.F.);
#3555 = ORIENTED_EDGE('',*,*,#3420,.T.);
#3556 = ORIENTED_EDGE('',*,*,#1901,.T.);
#3557 = ORIENTED_EDGE('',*,*,#3558,.T.);
#3558 = EDGE_CURVE('',#1894,#2002,#3559,.T.);
#3559 = CIRCLE('',#3560,11.200629480992);
#3560 = AXIS2_PLACEMENT_3D('',#3561,#3562,#3563);
#3561 = CARTESIAN_POINT('',(0.,-51.5758616222,0.));
#3562 = DIRECTION('',(-0.,1.,0.));
#3563 = DIRECTION('',(1.,0.,0.));
#3564 = ORIENTED_EDGE('',*,*,#2009,.F.);
#3565 = ORIENTED_EDGE('',*,*,#3436,.T.);
#3566 = ORIENTED_EDGE('',*,*,#2085,.T.);
#3567 = ORIENTED_EDGE('',*,*,#3568,.T.);
#3568 = EDGE_CURVE('',#2078,#2186,#3569,.T.);
#3569 = CIRCLE('',#3570,11.200629480992);
#3570 = AXIS2_PLACEMENT_3D('',#3571,#3572,#3573);
#3571 = CARTESIAN_POINT('',(0.,-51.5758616222,0.));
#3572 = DIRECTION('',(-0.,1.,0.));
#3573 = DIRECTION('',(1.,0.,0.));
#3574 = ORIENTED_EDGE('',*,*,#2193,.F.);
#3575 = ORIENTED_EDGE('',*,*,#3452,.T.);
#3576 = ORIENTED_EDGE('',*,*,#2269,.T.);
#3577 = ORIENTED_EDGE('',*,*,#3578,.T.);
#3578 = EDGE_CURVE('',#2262,#2370,#3579,.T.);
#3579 = CIRCLE('',#3580,11.200629480992);
#3580 = AXIS2_PLACEMENT_3D('',#3581,#3582,#3583);
#3581 = CARTESIAN_POINT('',(0.,-51.5758616222,0.));
#3582 = DIRECTION('',(-0.,1.,0.));
#3583 = DIRECTION('',(1.,0.,0.));
#3584 = ORIENTED_EDGE('',*,*,#2377,.F.);
#3585 = ORIENTED_EDGE('',*,*,#3468,.T.);
#3586 = ORIENTED_EDGE('',*,*,#2453,.T.);
#3587 = ORIENTED_EDGE('',*,*,#3588,.T.);
#3588 = EDGE_CURVE('',#2446,#2554,#3589,.T.);
#3589 = CIRCLE('',#3590,11.200629480992);
#3590 = AXIS2_PLACEMENT_3D('',#3591,#3592,#3593);
#3591 = CARTESIAN_POINT('',(0.,-51.5758616222,0.));
#3592 = DIRECTION('',(-0.,1.,0.));
#3593 = DIRECTION('',(1.,0.,0.));
#3594 = ORIENTED_EDGE('',*,*,#2561,.F.);
#3595 = ORIENTED_EDGE('',*,*,#3484,.T.);
#3596 = ORIENTED_EDGE('',*,*,#2637,.T.);
#3597 = ORIENTED_EDGE('',*,*,#3598,.T.);
#3598 = EDGE_CURVE('',#2630,#2738,#3599,.T.);
#3599 = CIRCLE('',#3600,11.200629480992);
#3600 = AXIS2_PLACEMENT_3D('',#3601,#3602,#3603);
#3601 = CARTESIAN_POINT('',(0.,-51.5758616222,0.));
#3602 = DIRECTION('',(-0.,1.,0.));
#3603 = DIRECTION('',(1.,0.,0.));
#3604 = ORIENTED_EDGE('',*,*,#2745,.F.);
#3605 = ORIENTED_EDGE('',*,*,#3500,.T.);
#3606 = ORIENTED_EDGE('',*,*,#2821,.T.);
#3607 = ORIENTED_EDGE('',*,*,#3608,.T.);
#3608 = EDGE_CURVE('',#2814,#2922,#3609,.T.);
#3609 = CIRCLE('',#3610,11.200629480992);
#3610 = AXIS2_PLACEMENT_3D('',#3611,#3612,#3613);
#3611 = CARTESIAN_POINT('',(0.,-51.5758616222,0.));
#3612 = DIRECTION('',(-0.,1.,0.));
#3613 = DIRECTION('',(1.,0.,0.));
#3614 = ORIENTED_EDGE('',*,*,#2929,.F.);
#3615 = ORIENTED_EDGE('',*,*,#3516,.T.);
#3616 = ORIENTED_EDGE('',*,*,#797,.T.);
#3617 = ORIENTED_EDGE('',*,*,#3618,.T.);
#3618 = EDGE_CURVE('',#790,#898,#3619,.T.);
#3619 = CIRCLE('',#3620,11.200629480992);
#3620 = AXIS2_PLACEMENT_3D('',#3621,#3622,#3623);
#3621 = CARTESIAN_POINT('',(0.,-51.5758616222,0.));
#3622 = DIRECTION('',(-0.,1.,0.));
#3623 = DIRECTION('',(1.,0.,0.));
#3624 = ORIENTED_EDGE('',*,*,#905,.F.);
#3625 = ORIENTED_EDGE('',*,*,#3325,.T.);
#3626 = ORIENTED_EDGE('',*,*,#981,.T.);
#3627 = ORIENTED_EDGE('',*,*,#3628,.T.);
#3628 = EDGE_CURVE('',#974,#1082,#3629,.T.);
#3629 = CIRCLE('',#3630,11.200629480992);
#3630 = AXIS2_PLACEMENT_3D('',#3631,#3632,#3633);
#3631 = CARTESIAN_POINT('',(0.,-51.5758616222,0.));
#3632 = DIRECTION('',(-0.,1.,0.));
#3633 = DIRECTION('',(1.,0.,0.));
#3634 = ORIENTED_EDGE('',*,*,#1089,.F.);
#3635 = ORIENTED_EDGE('',*,*,#3356,.T.);
#3636 = ORIENTED_EDGE('',*,*,#1165,.T.);
#3637 = ORIENTED_EDGE('',*,*,#3638,.T.);
#3638 = EDGE_CURVE('',#1158,#1266,#3639,.T.);
#3639 = CIRCLE('',#3640,11.200629480992);
#3640 = AXIS2_PLACEMENT_3D('',#3641,#3642,#3643);
#3641 = CARTESIAN_POINT('',(0.,-51.5758616222,0.));
#3642 = DIRECTION('',(-0.,1.,0.));
#3643 = DIRECTION('',(1.,0.,0.));
#3644 = ORIENTED_EDGE('',*,*,#1273,.F.);
#3645 = ORIENTED_EDGE('',*,*,#3372,.T.);
#3646 = ORIENTED_EDGE('',*,*,#1349,.T.);
#3647 = ORIENTED_EDGE('',*,*,#3648,.T.);
#3648 = EDGE_CURVE('',#1342,#1450,#3649,.T.);
#3649 = CIRCLE('',#3650,11.200629480992);
#3650 = AXIS2_PLACEMENT_3D('',#3651,#3652,#3653);
#3651 = CARTESIAN_POINT('',(0.,-51.5758616222,0.));
#3652 = DIRECTION('',(-0.,1.,0.));
#3653 = DIRECTION('',(1.,0.,0.));
#3654 = ORIENTED_EDGE('',*,*,#1457,.F.);
#3655 = ORIENTED_EDGE('',*,*,#3388,.T.);
#3656 = ORIENTED_EDGE('',*,*,#1533,.T.);
#3657 = ORIENTED_EDGE('',*,*,#3658,.T.);
#3658 = EDGE_CURVE('',#1526,#1634,#3659,.T.);
#3659 = CIRCLE('',#3660,11.200629480992);
#3660 = AXIS2_PLACEMENT_3D('',#3661,#3662,#3663);
#3661 = CARTESIAN_POINT('',(0.,-51.5758616222,0.));
#3662 = DIRECTION('',(-0.,1.,0.));
#3663 = DIRECTION('',(1.,0.,0.));
#3664 = ORIENTED_EDGE('',*,*,#1641,.F.);
#3665 = ORIENTED_EDGE('',*,*,#3404,.T.);
#3666 = ORIENTED_EDGE('',*,*,#1717,.T.);
#3667 = TOROIDAL_SURFACE('',#3668,8.018876328202,4.);
#3668 = AXIS2_PLACEMENT_3D('',#3669,#3670,#3671);
#3669 = CARTESIAN_POINT('',(0.,-54.,0.));
#3670 = DIRECTION('',(0.,1.,0.));
#3671 = DIRECTION('',(1.,0.,0.));
#3672 = ADVANCED_FACE('',(#3673),#3679,.F.);
#3673 = FACE_BOUND('',#3674,.T.);
#3674 = EDGE_LOOP('',(#3675,#3676,#3677,#3678));
#3675 = ORIENTED_EDGE('',*,*,#3618,.T.);
#3676 = ORIENTED_EDGE('',*,*,#897,.T.);
#3677 = ORIENTED_EDGE('',*,*,#3013,.F.);
#3678 = ORIENTED_EDGE('',*,*,#789,.F.);
#3679 = CONICAL_SURFACE('',#3680,11.200629480992,0.651065883584);
#3680 = AXIS2_PLACEMENT_3D('',#3681,#3682,#3683);
#3681 = CARTESIAN_POINT('',(0.,-51.5758616222,0.));
#3682 = DIRECTION('',(0.,-1.,0.));
#3683 = DIRECTION('',(1.,0.,0.));
#3684 = ADVANCED_FACE('',(#3685),#3697,.F.);
#3685 = FACE_BOUND('',#3686,.F.);
#3686 = EDGE_LOOP('',(#3687,#3694,#3695,#3696));
#3687 = ORIENTED_EDGE('',*,*,#3688,.T.);
#3688 = EDGE_CURVE('',#1008,#1116,#3689,.T.);
#3689 = CIRCLE('',#3690,17.399370519008);
#3690 = AXIS2_PLACEMENT_3D('',#3691,#3692,#3693);
#3691 = CARTESIAN_POINT('',(0.,-56.71189214821,0.));
#3692 = DIRECTION('',(-0.,1.,0.));
#3693 = DIRECTION('',(1.,0.,0.));
#3694 = ORIENTED_EDGE('',*,*,#1123,.F.);
#3695 = ORIENTED_EDGE('',*,*,#1039,.F.);
#3696 = ORIENTED_EDGE('',*,*,#1015,.T.);
#3697 = TOROIDAL_SURFACE('',#3698,20.581123671798,4.);
#3698 = AXIS2_PLACEMENT_3D('',#3699,#3700,#3701);
#3699 = CARTESIAN_POINT('',(0.,-54.28775377041,0.));
#3700 = DIRECTION('',(0.,1.,0.));
#3701 = DIRECTION('',(1.,0.,0.));
#3702 = ADVANCED_FACE('',(#3703),#3715,.T.);
#3703 = FACE_BOUND('',#3704,.F.);
#3704 = EDGE_LOOP('',(#3705,#3712,#3713,#3714));
#3705 = ORIENTED_EDGE('',*,*,#3706,.T.);
#3706 = EDGE_CURVE('',#999,#1107,#3707,.T.);
#3707 = CIRCLE('',#3708,10.81824684721);
#3708 = AXIS2_PLACEMENT_3D('',#3709,#3710,#3711);
#3709 = CARTESIAN_POINT('',(0.,-48.07397313194,0.));
#3710 = DIRECTION('',(-0.,1.,0.));
#3711 = DIRECTION('',(1.,0.,0.));
#3712 = ORIENTED_EDGE('',*,*,#1115,.T.);
#3713 = ORIENTED_EDGE('',*,*,#3688,.F.);
#3714 = ORIENTED_EDGE('',*,*,#1007,.F.);
#3715 = CONICAL_SURFACE('',#3716,10.81824684721,0.651065883584);
#3716 = AXIS2_PLACEMENT_3D('',#3717,#3718,#3719);
#3717 = CARTESIAN_POINT('',(0.,-48.07397313194,0.));
#3718 = DIRECTION('',(0.,-1.,0.));
#3719 = DIRECTION('',(1.,0.,0.));
#3720 = ADVANCED_FACE('',(#3721),#3727,.F.);
#3721 = FACE_BOUND('',#3722,.F.);
#3722 = EDGE_LOOP('',(#3723,#3724,#3725,#3726));
#3723 = ORIENTED_EDGE('',*,*,#3333,.T.);
#3724 = ORIENTED_EDGE('',*,*,#1106,.F.);
#3725 = ORIENTED_EDGE('',*,*,#3706,.F.);
#3726 = ORIENTED_EDGE('',*,*,#998,.T.);
#3727 = TOROIDAL_SURFACE('',#3728,14.,4.);
#3728 = AXIS2_PLACEMENT_3D('',#3729,#3730,#3731);
#3729 = CARTESIAN_POINT('',(0.,-45.64983475414,0.));
#3730 = DIRECTION('',(0.,1.,0.));
#3731 = DIRECTION('',(1.,0.,0.));
#3732 = ADVANCED_FACE('',(#3733),#3739,.F.);
#3733 = FACE_BOUND('',#3734,.T.);
#3734 = EDGE_LOOP('',(#3735,#3736,#3737,#3738));
#3735 = ORIENTED_EDGE('',*,*,#3628,.T.);
#3736 = ORIENTED_EDGE('',*,*,#1081,.T.);
#3737 = ORIENTED_EDGE('',*,*,#3037,.F.);
#3738 = ORIENTED_EDGE('',*,*,#973,.F.);
#3739 = CONICAL_SURFACE('',#3740,11.200629480992,0.651065883584);
#3740 = AXIS2_PLACEMENT_3D('',#3741,#3742,#3743);
#3741 = CARTESIAN_POINT('',(0.,-51.5758616222,0.));
#3742 = DIRECTION('',(0.,-1.,0.));
#3743 = DIRECTION('',(1.,0.,0.));
#3744 = ADVANCED_FACE('',(#3745),#3757,.F.);
#3745 = FACE_BOUND('',#3746,.F.);
#3746 = EDGE_LOOP('',(#3747,#3754,#3755,#3756));
#3747 = ORIENTED_EDGE('',*,*,#3748,.T.);
#3748 = EDGE_CURVE('',#1192,#1300,#3749,.T.);
#3749 = CIRCLE('',#3750,17.399370519008);
#3750 = AXIS2_PLACEMENT_3D('',#3751,#3752,#3753);
#3751 = CARTESIAN_POINT('',(0.,-56.71189214821,0.));
#3752 = DIRECTION('',(-0.,1.,0.));
#3753 = DIRECTION('',(1.,0.,0.));
#3754 = ORIENTED_EDGE('',*,*,#1307,.F.);
#3755 = ORIENTED_EDGE('',*,*,#1223,.F.);
#3756 = ORIENTED_EDGE('',*,*,#1199,.T.);
#3757 = TOROIDAL_SURFACE('',#3758,20.581123671798,4.);
#3758 = AXIS2_PLACEMENT_3D('',#3759,#3760,#3761);
#3759 = CARTESIAN_POINT('',(0.,-54.28775377041,0.));
#3760 = DIRECTION('',(0.,1.,0.));
#3761 = DIRECTION('',(1.,0.,0.));
#3762 = ADVANCED_FACE('',(#3763),#3775,.T.);
#3763 = FACE_BOUND('',#3764,.F.);
#3764 = EDGE_LOOP('',(#3765,#3772,#3773,#3774));
#3765 = ORIENTED_EDGE('',*,*,#3766,.T.);
#3766 = EDGE_CURVE('',#1183,#1291,#3767,.T.);
#3767 = CIRCLE('',#3768,10.81824684721);
#3768 = AXIS2_PLACEMENT_3D('',#3769,#3770,#3771);
#3769 = CARTESIAN_POINT('',(0.,-48.07397313194,0.));
#3770 = DIRECTION('',(-0.,1.,0.));
#3771 = DIRECTION('',(1.,0.,0.));
#3772 = ORIENTED_EDGE('',*,*,#1299,.T.);
#3773 = ORIENTED_EDGE('',*,*,#3748,.F.);
#3774 = ORIENTED_EDGE('',*,*,#1191,.F.);
#3775 = CONICAL_SURFACE('',#3776,10.81824684721,0.651065883584);
#3776 = AXIS2_PLACEMENT_3D('',#3777,#3778,#3779);
#3777 = CARTESIAN_POINT('',(0.,-48.07397313194,0.));
#3778 = DIRECTION('',(0.,-1.,0.));
#3779 = DIRECTION('',(1.,0.,0.));
#3780 = ADVANCED_FACE('',(#3781),#3787,.F.);
#3781 = FACE_BOUND('',#3782,.F.);
#3782 = EDGE_LOOP('',(#3783,#3784,#3785,#3786));
#3783 = ORIENTED_EDGE('',*,*,#3364,.T.);
#3784 = ORIENTED_EDGE('',*,*,#1290,.F.);
#3785 = ORIENTED_EDGE('',*,*,#3766,.F.);
#3786 = ORIENTED_EDGE('',*,*,#1182,.T.);
#3787 = TOROIDAL_SURFACE('',#3788,14.,4.);
#3788 = AXIS2_PLACEMENT_3D('',#3789,#3790,#3791);
#3789 = CARTESIAN_POINT('',(0.,-45.64983475414,0.));
#3790 = DIRECTION('',(0.,1.,0.));
#3791 = DIRECTION('',(1.,0.,0.));
#3792 = ADVANCED_FACE('',(#3793),#3799,.F.);
#3793 = FACE_BOUND('',#3794,.T.);
#3794 = EDGE_LOOP('',(#3795,#3796,#3797,#3798));
#3795 = ORIENTED_EDGE('',*,*,#3638,.T.);
#3796 = ORIENTED_EDGE('',*,*,#1265,.T.);
#3797 = ORIENTED_EDGE('',*,*,#3061,.F.);
#3798 = ORIENTED_EDGE('',*,*,#1157,.F.);
#3799 = CONICAL_SURFACE('',#3800,11.200629480992,0.651065883584);
#3800 = AXIS2_PLACEMENT_3D('',#3801,#3802,#3803);
#3801 = CARTESIAN_POINT('',(0.,-51.5758616222,0.));
#3802 = DIRECTION('',(0.,-1.,0.));
#3803 = DIRECTION('',(1.,0.,0.));
#3804 = ADVANCED_FACE('',(#3805),#3817,.F.);
#3805 = FACE_BOUND('',#3806,.F.);
#3806 = EDGE_LOOP('',(#3807,#3814,#3815,#3816));
#3807 = ORIENTED_EDGE('',*,*,#3808,.T.);
#3808 = EDGE_CURVE('',#1376,#1484,#3809,.T.);
#3809 = CIRCLE('',#3810,17.399370519008);
#3810 = AXIS2_PLACEMENT_3D('',#3811,#3812,#3813);
#3811 = CARTESIAN_POINT('',(0.,-56.71189214821,0.));
#3812 = DIRECTION('',(-0.,1.,0.));
#3813 = DIRECTION('',(1.,0.,0.));
#3814 = ORIENTED_EDGE('',*,*,#1491,.F.);
#3815 = ORIENTED_EDGE('',*,*,#1407,.F.);
#3816 = ORIENTED_EDGE('',*,*,#1383,.T.);
#3817 = TOROIDAL_SURFACE('',#3818,20.581123671798,4.);
#3818 = AXIS2_PLACEMENT_3D('',#3819,#3820,#3821);
#3819 = CARTESIAN_POINT('',(0.,-54.28775377041,0.));
#3820 = DIRECTION('',(0.,1.,0.));
#3821 = DIRECTION('',(1.,0.,0.));
#3822 = ADVANCED_FACE('',(#3823),#3835,.T.);
#3823 = FACE_BOUND('',#3824,.F.);
#3824 = EDGE_LOOP('',(#3825,#3832,#3833,#3834));
#3825 = ORIENTED_EDGE('',*,*,#3826,.T.);
#3826 = EDGE_CURVE('',#1367,#1475,#3827,.T.);
#3827 = CIRCLE('',#3828,10.81824684721);
#3828 = AXIS2_PLACEMENT_3D('',#3829,#3830,#3831);
#3829 = CARTESIAN_POINT('',(0.,-48.07397313194,0.));
#3830 = DIRECTION('',(-0.,1.,0.));
#3831 = DIRECTION('',(1.,0.,0.));
#3832 = ORIENTED_EDGE('',*,*,#1483,.T.);
#3833 = ORIENTED_EDGE('',*,*,#3808,.F.);
#3834 = ORIENTED_EDGE('',*,*,#1375,.F.);
#3835 = CONICAL_SURFACE('',#3836,10.81824684721,0.651065883584);
#3836 = AXIS2_PLACEMENT_3D('',#3837,#3838,#3839);
#3837 = CARTESIAN_POINT('',(0.,-48.07397313194,0.));
#3838 = DIRECTION('',(0.,-1.,0.));
#3839 = DIRECTION('',(1.,0.,0.));
#3840 = ADVANCED_FACE('',(#3841),#3847,.F.);
#3841 = FACE_BOUND('',#3842,.F.);
#3842 = EDGE_LOOP('',(#3843,#3844,#3845,#3846));
#3843 = ORIENTED_EDGE('',*,*,#3380,.T.);
#3844 = ORIENTED_EDGE('',*,*,#1474,.F.);
#3845 = ORIENTED_EDGE('',*,*,#3826,.F.);
#3846 = ORIENTED_EDGE('',*,*,#1366,.T.);
#3847 = TOROIDAL_SURFACE('',#3848,14.,4.);
#3848 = AXIS2_PLACEMENT_3D('',#3849,#3850,#3851);
#3849 = CARTESIAN_POINT('',(0.,-45.64983475414,0.));
#3850 = DIRECTION('',(0.,1.,0.));
#3851 = DIRECTION('',(1.,0.,0.));
#3852 = ADVANCED_FACE('',(#3853),#3859,.F.);
#3853 = FACE_BOUND('',#3854,.T.);
#3854 = EDGE_LOOP('',(#3855,#3856,#3857,#3858));
#3855 = ORIENTED_EDGE('',*,*,#3648,.T.);
#3856 = ORIENTED_EDGE('',*,*,#1449,.T.);
#3857 = ORIENTED_EDGE('',*,*,#3085,.F.);
#3858 = ORIENTED_EDGE('',*,*,#1341,.F.);
#3859 = CONICAL_SURFACE('',#3860,11.200629480992,0.651065883584);
#3860 = AXIS2_PLACEMENT_3D('',#3861,#3862,#3863);
#3861 = CARTESIAN_POINT('',(0.,-51.5758616222,0.));
#3862 = DIRECTION('',(0.,-1.,0.));
#3863 = DIRECTION('',(1.,0.,0.));
#3864 = ADVANCED_FACE('',(#3865),#3877,.F.);
#3865 = FACE_BOUND('',#3866,.F.);
#3866 = EDGE_LOOP('',(#3867,#3874,#3875,#3876));
#3867 = ORIENTED_EDGE('',*,*,#3868,.T.);
#3868 = EDGE_CURVE('',#1560,#1668,#3869,.T.);
#3869 = CIRCLE('',#3870,17.399370519008);
#3870 = AXIS2_PLACEMENT_3D('',#3871,#3872,#3873);
#3871 = CARTESIAN_POINT('',(0.,-56.71189214821,0.));
#3872 = DIRECTION('',(-0.,1.,0.));
#3873 = DIRECTION('',(1.,0.,0.));
#3874 = ORIENTED_EDGE('',*,*,#1675,.F.);
#3875 = ORIENTED_EDGE('',*,*,#1591,.F.);
#3876 = ORIENTED_EDGE('',*,*,#1567,.T.);
#3877 = TOROIDAL_SURFACE('',#3878,20.581123671798,4.);
#3878 = AXIS2_PLACEMENT_3D('',#3879,#3880,#3881);
#3879 = CARTESIAN_POINT('',(0.,-54.28775377041,0.));
#3880 = DIRECTION('',(0.,1.,0.));
#3881 = DIRECTION('',(1.,0.,0.));
#3882 = ADVANCED_FACE('',(#3883),#3895,.T.);
#3883 = FACE_BOUND('',#3884,.F.);
#3884 = EDGE_LOOP('',(#3885,#3892,#3893,#3894));
#3885 = ORIENTED_EDGE('',*,*,#3886,.T.);
#3886 = EDGE_CURVE('',#1551,#1659,#3887,.T.);
#3887 = CIRCLE('',#3888,10.81824684721);
#3888 = AXIS2_PLACEMENT_3D('',#3889,#3890,#3891);
#3889 = CARTESIAN_POINT('',(0.,-48.07397313194,0.));
#3890 = DIRECTION('',(-0.,1.,0.));
#3891 = DIRECTION('',(1.,0.,0.));
#3892 = ORIENTED_EDGE('',*,*,#1667,.T.);
#3893 = ORIENTED_EDGE('',*,*,#3868,.F.);
#3894 = ORIENTED_EDGE('',*,*,#1559,.F.);
#3895 = CONICAL_SURFACE('',#3896,10.81824684721,0.651065883584);
#3896 = AXIS2_PLACEMENT_3D('',#3897,#3898,#3899);
#3897 = CARTESIAN_POINT('',(0.,-48.07397313194,0.));
#3898 = DIRECTION('',(0.,-1.,0.));
#3899 = DIRECTION('',(1.,0.,0.));
#3900 = ADVANCED_FACE('',(#3901),#3907,.F.);
#3901 = FACE_BOUND('',#3902,.F.);
#3902 = EDGE_LOOP('',(#3903,#3904,#3905,#3906));
#3903 = ORIENTED_EDGE('',*,*,#3396,.T.);
#3904 = ORIENTED_EDGE('',*,*,#1658,.F.);
#3905 = ORIENTED_EDGE('',*,*,#3886,.F.);
#3906 = ORIENTED_EDGE('',*,*,#1550,.T.);
#3907 = TOROIDAL_SURFACE('',#3908,14.,4.);
#3908 = AXIS2_PLACEMENT_3D('',#3909,#3910,#3911);
#3909 = CARTESIAN_POINT('',(0.,-45.64983475414,0.));
#3910 = DIRECTION('',(0.,1.,0.));
#3911 = DIRECTION('',(1.,0.,0.));
#3912 = ADVANCED_FACE('',(#3913),#3919,.F.);
#3913 = FACE_BOUND('',#3914,.T.);
#3914 = EDGE_LOOP('',(#3915,#3916,#3917,#3918));
#3915 = ORIENTED_EDGE('',*,*,#3658,.T.);
#3916 = ORIENTED_EDGE('',*,*,#1633,.T.);
#3917 = ORIENTED_EDGE('',*,*,#3109,.F.);
#3918 = ORIENTED_EDGE('',*,*,#1525,.F.);
#3919 = CONICAL_SURFACE('',#3920,11.200629480992,0.651065883584);
#3920 = AXIS2_PLACEMENT_3D('',#3921,#3922,#3923);
#3921 = CARTESIAN_POINT('',(0.,-51.5758616222,0.));
#3922 = DIRECTION('',(0.,-1.,0.));
#3923 = DIRECTION('',(1.,0.,0.));
#3924 = ADVANCED_FACE('',(#3925),#3937,.F.);
#3925 = FACE_BOUND('',#3926,.F.);
#3926 = EDGE_LOOP('',(#3927,#3934,#3935,#3936));
#3927 = ORIENTED_EDGE('',*,*,#3928,.T.);
#3928 = EDGE_CURVE('',#1744,#1852,#3929,.T.);
#3929 = CIRCLE('',#3930,17.399370519008);
#3930 = AXIS2_PLACEMENT_3D('',#3931,#3932,#3933);
#3931 = CARTESIAN_POINT('',(0.,-56.71189214821,0.));
#3932 = DIRECTION('',(-0.,1.,0.));
#3933 = DIRECTION('',(1.,0.,0.));
#3934 = ORIENTED_EDGE('',*,*,#1859,.T.);
#3935 = ORIENTED_EDGE('',*,*,#1775,.F.);
#3936 = ORIENTED_EDGE('',*,*,#1751,.T.);
#3937 = TOROIDAL_SURFACE('',#3938,20.581123671798,4.);
#3938 = AXIS2_PLACEMENT_3D('',#3939,#3940,#3941);
#3939 = CARTESIAN_POINT('',(0.,-54.28775377041,0.));
#3940 = DIRECTION('',(0.,1.,0.));
#3941 = DIRECTION('',(1.,0.,0.));
#3942 = ADVANCED_FACE('',(#3943),#3955,.T.);
#3943 = FACE_BOUND('',#3944,.F.);
#3944 = EDGE_LOOP('',(#3945,#3952,#3953,#3954));
#3945 = ORIENTED_EDGE('',*,*,#3946,.T.);
#3946 = EDGE_CURVE('',#1735,#1843,#3947,.T.);
#3947 = CIRCLE('',#3948,10.81824684721);
#3948 = AXIS2_PLACEMENT_3D('',#3949,#3950,#3951);
#3949 = CARTESIAN_POINT('',(0.,-48.07397313194,0.));
#3950 = DIRECTION('',(-0.,1.,0.));
#3951 = DIRECTION('',(1.,0.,0.));
#3952 = ORIENTED_EDGE('',*,*,#1851,.T.);
#3953 = ORIENTED_EDGE('',*,*,#3928,.F.);
#3954 = ORIENTED_EDGE('',*,*,#1743,.F.);
#3955 = CONICAL_SURFACE('',#3956,10.81824684721,0.651065883584);
#3956 = AXIS2_PLACEMENT_3D('',#3957,#3958,#3959);
#3957 = CARTESIAN_POINT('',(0.,-48.07397313194,0.));
#3958 = DIRECTION('',(0.,-1.,0.));
#3959 = DIRECTION('',(1.,0.,0.));
#3960 = ADVANCED_FACE('',(#3961),#3967,.F.);
#3961 = FACE_BOUND('',#3962,.F.);
#3962 = EDGE_LOOP('',(#3963,#3964,#3965,#3966));
#3963 = ORIENTED_EDGE('',*,*,#3412,.T.);
#3964 = ORIENTED_EDGE('',*,*,#1842,.T.);
#3965 = ORIENTED_EDGE('',*,*,#3946,.F.);
#3966 = ORIENTED_EDGE('',*,*,#1734,.T.);
#3967 = TOROIDAL_SURFACE('',#3968,14.,4.);
#3968 = AXIS2_PLACEMENT_3D('',#3969,#3970,#3971);
#3969 = CARTESIAN_POINT('',(0.,-45.64983475414,0.));
#3970 = DIRECTION('',(0.,1.,0.));
#3971 = DIRECTION('',(1.,0.,0.));
#3972 = ADVANCED_FACE('',(#3973),#3979,.F.);
#3973 = FACE_BOUND('',#3974,.T.);
#3974 = EDGE_LOOP('',(#3975,#3976,#3977,#3978));
#3975 = ORIENTED_EDGE('',*,*,#3531,.T.);
#3976 = ORIENTED_EDGE('',*,*,#1817,.T.);
#3977 = ORIENTED_EDGE('',*,*,#3133,.F.);
#3978 = ORIENTED_EDGE('',*,*,#1709,.F.);
#3979 = CONICAL_SURFACE('',#3980,11.200629480992,0.651065883584);
#3980 = AXIS2_PLACEMENT_3D('',#3981,#3982,#3983);
#3981 = CARTESIAN_POINT('',(0.,-51.5758616222,0.));
#3982 = DIRECTION('',(0.,-1.,0.));
#3983 = DIRECTION('',(1.,0.,0.));
#3984 = ADVANCED_FACE('',(#3985),#3997,.F.);
#3985 = FACE_BOUND('',#3986,.F.);
#3986 = EDGE_LOOP('',(#3987,#3988,#3995,#3996));
#3987 = ORIENTED_EDGE('',*,*,#1935,.T.);
#3988 = ORIENTED_EDGE('',*,*,#3989,.T.);
#3989 = EDGE_CURVE('',#1928,#2036,#3990,.T.);
#3990 = CIRCLE('',#3991,17.399370519008);
#3991 = AXIS2_PLACEMENT_3D('',#3992,#3993,#3994);
#3992 = CARTESIAN_POINT('',(0.,-56.71189214821,0.));
#3993 = DIRECTION('',(-0.,1.,0.));
#3994 = DIRECTION('',(1.,0.,0.));
#3995 = ORIENTED_EDGE('',*,*,#2043,.F.);
#3996 = ORIENTED_EDGE('',*,*,#1960,.F.);
#3997 = TOROIDAL_SURFACE('',#3998,20.581123671798,4.);
#3998 = AXIS2_PLACEMENT_3D('',#3999,#4000,#4001);
#3999 = CARTESIAN_POINT('',(0.,-54.28775377041,0.));
#4000 = DIRECTION('',(0.,1.,0.));
#4001 = DIRECTION('',(1.,0.,0.));
#4002 = ADVANCED_FACE('',(#4003),#4015,.T.);
#4003 = FACE_BOUND('',#4004,.F.);
#4004 = EDGE_LOOP('',(#4005,#4006,#4013,#4014));
#4005 = ORIENTED_EDGE('',*,*,#1927,.F.);
#4006 = ORIENTED_EDGE('',*,*,#4007,.T.);
#4007 = EDGE_CURVE('',#1919,#2027,#4008,.T.);
#4008 = CIRCLE('',#4009,10.81824684721);
#4009 = AXIS2_PLACEMENT_3D('',#4010,#4011,#4012);
#4010 = CARTESIAN_POINT('',(0.,-48.07397313194,0.));
#4011 = DIRECTION('',(-0.,1.,0.));
#4012 = DIRECTION('',(1.,0.,0.));
#4013 = ORIENTED_EDGE('',*,*,#2035,.T.);
#4014 = ORIENTED_EDGE('',*,*,#3989,.F.);
#4015 = CONICAL_SURFACE('',#4016,10.81824684721,0.651065883584);
#4016 = AXIS2_PLACEMENT_3D('',#4017,#4018,#4019);
#4017 = CARTESIAN_POINT('',(0.,-48.07397313194,0.));
#4018 = DIRECTION('',(0.,-1.,0.));
#4019 = DIRECTION('',(1.,0.,0.));
#4020 = ADVANCED_FACE('',(#4021),#4027,.F.);
#4021 = FACE_BOUND('',#4022,.F.);
#4022 = EDGE_LOOP('',(#4023,#4024,#4025,#4026));
#4023 = ORIENTED_EDGE('',*,*,#1918,.T.);
#4024 = ORIENTED_EDGE('',*,*,#3428,.T.);
#4025 = ORIENTED_EDGE('',*,*,#2026,.F.);
#4026 = ORIENTED_EDGE('',*,*,#4007,.F.);
#4027 = TOROIDAL_SURFACE('',#4028,14.,4.);
#4028 = AXIS2_PLACEMENT_3D('',#4029,#4030,#4031);
#4029 = CARTESIAN_POINT('',(0.,-45.64983475414,0.));
#4030 = DIRECTION('',(0.,1.,0.));
#4031 = DIRECTION('',(1.,0.,0.));
#4032 = ADVANCED_FACE('',(#4033),#4039,.F.);
#4033 = FACE_BOUND('',#4034,.T.);
#4034 = EDGE_LOOP('',(#4035,#4036,#4037,#4038));
#4035 = ORIENTED_EDGE('',*,*,#1893,.F.);
#4036 = ORIENTED_EDGE('',*,*,#3558,.T.);
#4037 = ORIENTED_EDGE('',*,*,#2001,.T.);
#4038 = ORIENTED_EDGE('',*,*,#3156,.F.);
#4039 = CONICAL_SURFACE('',#4040,11.200629480992,0.651065883584);
#4040 = AXIS2_PLACEMENT_3D('',#4041,#4042,#4043);
#4041 = CARTESIAN_POINT('',(0.,-51.5758616222,0.));
#4042 = DIRECTION('',(0.,-1.,0.));
#4043 = DIRECTION('',(1.,0.,0.));
#4044 = ADVANCED_FACE('',(#4045),#4057,.F.);
#4045 = FACE_BOUND('',#4046,.F.);
#4046 = EDGE_LOOP('',(#4047,#4048,#4055,#4056));
#4047 = ORIENTED_EDGE('',*,*,#2119,.T.);
#4048 = ORIENTED_EDGE('',*,*,#4049,.T.);
#4049 = EDGE_CURVE('',#2112,#2220,#4050,.T.);
#4050 = CIRCLE('',#4051,17.399370519008);
#4051 = AXIS2_PLACEMENT_3D('',#4052,#4053,#4054);
#4052 = CARTESIAN_POINT('',(0.,-56.71189214821,0.));
#4053 = DIRECTION('',(-0.,1.,0.));
#4054 = DIRECTION('',(1.,0.,0.));
#4055 = ORIENTED_EDGE('',*,*,#2227,.F.);
#4056 = ORIENTED_EDGE('',*,*,#2144,.F.);
#4057 = TOROIDAL_SURFACE('',#4058,20.581123671798,4.);
#4058 = AXIS2_PLACEMENT_3D('',#4059,#4060,#4061);
#4059 = CARTESIAN_POINT('',(0.,-54.28775377041,0.));
#4060 = DIRECTION('',(0.,1.,0.));
#4061 = DIRECTION('',(1.,0.,0.));
#4062 = ADVANCED_FACE('',(#4063),#4075,.T.);
#4063 = FACE_BOUND('',#4064,.F.);
#4064 = EDGE_LOOP('',(#4065,#4066,#4073,#4074));
#4065 = ORIENTED_EDGE('',*,*,#2111,.F.);
#4066 = ORIENTED_EDGE('',*,*,#4067,.T.);
#4067 = EDGE_CURVE('',#2103,#2211,#4068,.T.);
#4068 = CIRCLE('',#4069,10.81824684721);
#4069 = AXIS2_PLACEMENT_3D('',#4070,#4071,#4072);
#4070 = CARTESIAN_POINT('',(0.,-48.07397313194,0.));
#4071 = DIRECTION('',(-0.,1.,0.));
#4072 = DIRECTION('',(1.,0.,0.));
#4073 = ORIENTED_EDGE('',*,*,#2219,.T.);
#4074 = ORIENTED_EDGE('',*,*,#4049,.F.);
#4075 = CONICAL_SURFACE('',#4076,10.81824684721,0.651065883584);
#4076 = AXIS2_PLACEMENT_3D('',#4077,#4078,#4079);
#4077 = CARTESIAN_POINT('',(0.,-48.07397313194,0.));
#4078 = DIRECTION('',(0.,-1.,0.));
#4079 = DIRECTION('',(1.,0.,0.));
#4080 = ADVANCED_FACE('',(#4081),#4087,.F.);
#4081 = FACE_BOUND('',#4082,.F.);
#4082 = EDGE_LOOP('',(#4083,#4084,#4085,#4086));
#4083 = ORIENTED_EDGE('',*,*,#2102,.T.);
#4084 = ORIENTED_EDGE('',*,*,#3444,.T.);
#4085 = ORIENTED_EDGE('',*,*,#2210,.F.);
#4086 = ORIENTED_EDGE('',*,*,#4067,.F.);
#4087 = TOROIDAL_SURFACE('',#4088,14.,4.);
#4088 = AXIS2_PLACEMENT_3D('',#4089,#4090,#4091);
#4089 = CARTESIAN_POINT('',(0.,-45.64983475414,0.));
#4090 = DIRECTION('',(0.,1.,0.));
#4091 = DIRECTION('',(1.,0.,0.));
#4092 = ADVANCED_FACE('',(#4093),#4099,.F.);
#4093 = FACE_BOUND('',#4094,.T.);
#4094 = EDGE_LOOP('',(#4095,#4096,#4097,#4098));
#4095 = ORIENTED_EDGE('',*,*,#2077,.F.);
#4096 = ORIENTED_EDGE('',*,*,#3568,.T.);
#4097 = ORIENTED_EDGE('',*,*,#2185,.T.);
#4098 = ORIENTED_EDGE('',*,*,#3180,.F.);
#4099 = CONICAL_SURFACE('',#4100,11.200629480992,0.651065883584);
#4100 = AXIS2_PLACEMENT_3D('',#4101,#4102,#4103);
#4101 = CARTESIAN_POINT('',(0.,-51.5758616222,0.));
#4102 = DIRECTION('',(0.,-1.,0.));
#4103 = DIRECTION('',(1.,0.,0.));
#4104 = ADVANCED_FACE('',(#4105),#4117,.F.);
#4105 = FACE_BOUND('',#4106,.F.);
#4106 = EDGE_LOOP('',(#4107,#4108,#4115,#4116));
#4107 = ORIENTED_EDGE('',*,*,#2303,.T.);
#4108 = ORIENTED_EDGE('',*,*,#4109,.T.);
#4109 = EDGE_CURVE('',#2296,#2404,#4110,.T.);
#4110 = CIRCLE('',#4111,17.399370519008);
#4111 = AXIS2_PLACEMENT_3D('',#4112,#4113,#4114);
#4112 = CARTESIAN_POINT('',(0.,-56.71189214821,0.));
#4113 = DIRECTION('',(-0.,1.,0.));
#4114 = DIRECTION('',(1.,0.,0.));
#4115 = ORIENTED_EDGE('',*,*,#2411,.F.);
#4116 = ORIENTED_EDGE('',*,*,#2328,.F.);
#4117 = TOROIDAL_SURFACE('',#4118,20.581123671798,4.);
#4118 = AXIS2_PLACEMENT_3D('',#4119,#4120,#4121);
#4119 = CARTESIAN_POINT('',(0.,-54.28775377041,0.));
#4120 = DIRECTION('',(0.,1.,0.));
#4121 = DIRECTION('',(1.,0.,0.));
#4122 = ADVANCED_FACE('',(#4123),#4135,.T.);
#4123 = FACE_BOUND('',#4124,.F.);
#4124 = EDGE_LOOP('',(#4125,#4126,#4133,#4134));
#4125 = ORIENTED_EDGE('',*,*,#2295,.F.);
#4126 = ORIENTED_EDGE('',*,*,#4127,.T.);
#4127 = EDGE_CURVE('',#2287,#2395,#4128,.T.);
#4128 = CIRCLE('',#4129,10.81824684721);
#4129 = AXIS2_PLACEMENT_3D('',#4130,#4131,#4132);
#4130 = CARTESIAN_POINT('',(0.,-48.07397313194,0.));
#4131 = DIRECTION('',(-0.,1.,0.));
#4132 = DIRECTION('',(1.,0.,0.));
#4133 = ORIENTED_EDGE('',*,*,#2403,.T.);
#4134 = ORIENTED_EDGE('',*,*,#4109,.F.);
#4135 = CONICAL_SURFACE('',#4136,10.81824684721,0.651065883584);
#4136 = AXIS2_PLACEMENT_3D('',#4137,#4138,#4139);
#4137 = CARTESIAN_POINT('',(0.,-48.07397313194,0.));
#4138 = DIRECTION('',(0.,-1.,0.));
#4139 = DIRECTION('',(1.,0.,0.));
#4140 = ADVANCED_FACE('',(#4141),#4147,.F.);
#4141 = FACE_BOUND('',#4142,.F.);
#4142 = EDGE_LOOP('',(#4143,#4144,#4145,#4146));
#4143 = ORIENTED_EDGE('',*,*,#2286,.T.);
#4144 = ORIENTED_EDGE('',*,*,#3460,.T.);
#4145 = ORIENTED_EDGE('',*,*,#2394,.F.);
#4146 = ORIENTED_EDGE('',*,*,#4127,.F.);
#4147 = TOROIDAL_SURFACE('',#4148,14.,4.);
#4148 = AXIS2_PLACEMENT_3D('',#4149,#4150,#4151);
#4149 = CARTESIAN_POINT('',(0.,-45.64983475414,0.));
#4150 = DIRECTION('',(0.,1.,0.));
#4151 = DIRECTION('',(1.,0.,0.));
#4152 = ADVANCED_FACE('',(#4153),#4159,.F.);
#4153 = FACE_BOUND('',#4154,.T.);
#4154 = EDGE_LOOP('',(#4155,#4156,#4157,#4158));
#4155 = ORIENTED_EDGE('',*,*,#2261,.F.);
#4156 = ORIENTED_EDGE('',*,*,#3578,.T.);
#4157 = ORIENTED_EDGE('',*,*,#2369,.T.);
#4158 = ORIENTED_EDGE('',*,*,#3204,.F.);
#4159 = CONICAL_SURFACE('',#4160,11.200629480992,0.651065883584);
#4160 = AXIS2_PLACEMENT_3D('',#4161,#4162,#4163);
#4161 = CARTESIAN_POINT('',(0.,-51.5758616222,0.));
#4162 = DIRECTION('',(0.,-1.,0.));
#4163 = DIRECTION('',(1.,0.,0.));
#4164 = ADVANCED_FACE('',(#4165),#4177,.F.);
#4165 = FACE_BOUND('',#4166,.F.);
#4166 = EDGE_LOOP('',(#4167,#4168,#4175,#4176));
#4167 = ORIENTED_EDGE('',*,*,#2487,.T.);
#4168 = ORIENTED_EDGE('',*,*,#4169,.T.);
#4169 = EDGE_CURVE('',#2480,#2588,#4170,.T.);
#4170 = CIRCLE('',#4171,17.399370519008);
#4171 = AXIS2_PLACEMENT_3D('',#4172,#4173,#4174);
#4172 = CARTESIAN_POINT('',(0.,-56.71189214821,0.));
#4173 = DIRECTION('',(-0.,1.,0.));
#4174 = DIRECTION('',(1.,0.,0.));
#4175 = ORIENTED_EDGE('',*,*,#2595,.F.);
#4176 = ORIENTED_EDGE('',*,*,#2512,.F.);
#4177 = TOROIDAL_SURFACE('',#4178,20.581123671798,4.);
#4178 = AXIS2_PLACEMENT_3D('',#4179,#4180,#4181);
#4179 = CARTESIAN_POINT('',(0.,-54.28775377041,0.));
#4180 = DIRECTION('',(0.,1.,0.));
#4181 = DIRECTION('',(1.,0.,0.));
#4182 = ADVANCED_FACE('',(#4183),#4195,.T.);
#4183 = FACE_BOUND('',#4184,.F.);
#4184 = EDGE_LOOP('',(#4185,#4186,#4193,#4194));
#4185 = ORIENTED_EDGE('',*,*,#2479,.F.);
#4186 = ORIENTED_EDGE('',*,*,#4187,.T.);
#4187 = EDGE_CURVE('',#2471,#2579,#4188,.T.);
#4188 = CIRCLE('',#4189,10.81824684721);
#4189 = AXIS2_PLACEMENT_3D('',#4190,#4191,#4192);
#4190 = CARTESIAN_POINT('',(0.,-48.07397313194,0.));
#4191 = DIRECTION('',(-0.,1.,0.));
#4192 = DIRECTION('',(1.,0.,0.));
#4193 = ORIENTED_EDGE('',*,*,#2587,.T.);
#4194 = ORIENTED_EDGE('',*,*,#4169,.F.);
#4195 = CONICAL_SURFACE('',#4196,10.81824684721,0.651065883584);
#4196 = AXIS2_PLACEMENT_3D('',#4197,#4198,#4199);
#4197 = CARTESIAN_POINT('',(0.,-48.07397313194,0.));
#4198 = DIRECTION('',(0.,-1.,0.));
#4199 = DIRECTION('',(1.,0.,0.));
#4200 = ADVANCED_FACE('',(#4201),#4207,.F.);
#4201 = FACE_BOUND('',#4202,.F.);
#4202 = EDGE_LOOP('',(#4203,#4204,#4205,#4206));
#4203 = ORIENTED_EDGE('',*,*,#2470,.T.);
#4204 = ORIENTED_EDGE('',*,*,#3476,.T.);
#4205 = ORIENTED_EDGE('',*,*,#2578,.F.);
#4206 = ORIENTED_EDGE('',*,*,#4187,.F.);
#4207 = TOROIDAL_SURFACE('',#4208,14.,4.);
#4208 = AXIS2_PLACEMENT_3D('',#4209,#4210,#4211);
#4209 = CARTESIAN_POINT('',(0.,-45.64983475414,0.));
#4210 = DIRECTION('',(0.,1.,0.));
#4211 = DIRECTION('',(1.,0.,0.));
#4212 = ADVANCED_FACE('',(#4213),#4219,.F.);
#4213 = FACE_BOUND('',#4214,.T.);
#4214 = EDGE_LOOP('',(#4215,#4216,#4217,#4218));
#4215 = ORIENTED_EDGE('',*,*,#2445,.F.);
#4216 = ORIENTED_EDGE('',*,*,#3588,.T.);
#4217 = ORIENTED_EDGE('',*,*,#2553,.T.);
#4218 = ORIENTED_EDGE('',*,*,#3228,.F.);
#4219 = CONICAL_SURFACE('',#4220,11.200629480992,0.651065883584);
#4220 = AXIS2_PLACEMENT_3D('',#4221,#4222,#4223);
#4221 = CARTESIAN_POINT('',(0.,-51.5758616222,0.));
#4222 = DIRECTION('',(0.,-1.,0.));
#4223 = DIRECTION('',(1.,0.,0.));
#4224 = ADVANCED_FACE('',(#4225),#4237,.F.);
#4225 = FACE_BOUND('',#4226,.F.);
#4226 = EDGE_LOOP('',(#4227,#4228,#4235,#4236));
#4227 = ORIENTED_EDGE('',*,*,#2671,.T.);
#4228 = ORIENTED_EDGE('',*,*,#4229,.T.);
#4229 = EDGE_CURVE('',#2664,#2772,#4230,.T.);
#4230 = CIRCLE('',#4231,17.399370519008);
#4231 = AXIS2_PLACEMENT_3D('',#4232,#4233,#4234);
#4232 = CARTESIAN_POINT('',(0.,-56.71189214821,0.));
#4233 = DIRECTION('',(-0.,1.,0.));
#4234 = DIRECTION('',(1.,0.,0.));
#4235 = ORIENTED_EDGE('',*,*,#2779,.F.);
#4236 = ORIENTED_EDGE('',*,*,#2696,.F.);
#4237 = TOROIDAL_SURFACE('',#4238,20.581123671798,4.);
#4238 = AXIS2_PLACEMENT_3D('',#4239,#4240,#4241);
#4239 = CARTESIAN_POINT('',(0.,-54.28775377041,0.));
#4240 = DIRECTION('',(0.,1.,0.));
#4241 = DIRECTION('',(1.,0.,0.));
#4242 = ADVANCED_FACE('',(#4243),#4255,.T.);
#4243 = FACE_BOUND('',#4244,.F.);
#4244 = EDGE_LOOP('',(#4245,#4246,#4253,#4254));
#4245 = ORIENTED_EDGE('',*,*,#2663,.F.);
#4246 = ORIENTED_EDGE('',*,*,#4247,.T.);
#4247 = EDGE_CURVE('',#2655,#2763,#4248,.T.);
#4248 = CIRCLE('',#4249,10.81824684721);
#4249 = AXIS2_PLACEMENT_3D('',#4250,#4251,#4252);
#4250 = CARTESIAN_POINT('',(0.,-48.07397313194,0.));
#4251 = DIRECTION('',(-0.,1.,0.));
#4252 = DIRECTION('',(1.,0.,0.));
#4253 = ORIENTED_EDGE('',*,*,#2771,.T.);
#4254 = ORIENTED_EDGE('',*,*,#4229,.F.);
#4255 = CONICAL_SURFACE('',#4256,10.81824684721,0.651065883584);
#4256 = AXIS2_PLACEMENT_3D('',#4257,#4258,#4259);
#4257 = CARTESIAN_POINT('',(0.,-48.07397313194,0.));
#4258 = DIRECTION('',(0.,-1.,0.));
#4259 = DIRECTION('',(1.,0.,0.));
#4260 = ADVANCED_FACE('',(#4261),#4267,.F.);
#4261 = FACE_BOUND('',#4262,.F.);
#4262 = EDGE_LOOP('',(#4263,#4264,#4265,#4266));
#4263 = ORIENTED_EDGE('',*,*,#2654,.T.);
#4264 = ORIENTED_EDGE('',*,*,#3492,.T.);
#4265 = ORIENTED_EDGE('',*,*,#2762,.F.);
#4266 = ORIENTED_EDGE('',*,*,#4247,.F.);
#4267 = TOROIDAL_SURFACE('',#4268,14.,4.);
#4268 = AXIS2_PLACEMENT_3D('',#4269,#4270,#4271);
#4269 = CARTESIAN_POINT('',(0.,-45.64983475414,0.));
#4270 = DIRECTION('',(0.,1.,0.));
#4271 = DIRECTION('',(1.,0.,0.));
#4272 = ADVANCED_FACE('',(#4273),#4279,.F.);
#4273 = FACE_BOUND('',#4274,.T.);
#4274 = EDGE_LOOP('',(#4275,#4276,#4277,#4278));
#4275 = ORIENTED_EDGE('',*,*,#2629,.F.);
#4276 = ORIENTED_EDGE('',*,*,#3598,.T.);
#4277 = ORIENTED_EDGE('',*,*,#2737,.T.);
#4278 = ORIENTED_EDGE('',*,*,#3252,.F.);
#4279 = CONICAL_SURFACE('',#4280,11.200629480992,0.651065883584);
#4280 = AXIS2_PLACEMENT_3D('',#4281,#4282,#4283);
#4281 = CARTESIAN_POINT('',(0.,-51.5758616222,0.));
#4282 = DIRECTION('',(0.,-1.,0.));
#4283 = DIRECTION('',(1.,0.,0.));
#4284 = ADVANCED_FACE('',(#4285),#4297,.F.);
#4285 = FACE_BOUND('',#4286,.F.);
#4286 = EDGE_LOOP('',(#4287,#4288,#4295,#4296));
#4287 = ORIENTED_EDGE('',*,*,#2855,.T.);
#4288 = ORIENTED_EDGE('',*,*,#4289,.T.);
#4289 = EDGE_CURVE('',#2848,#2956,#4290,.T.);
#4290 = CIRCLE('',#4291,17.399370519008);
#4291 = AXIS2_PLACEMENT_3D('',#4292,#4293,#4294);
#4292 = CARTESIAN_POINT('',(0.,-56.71189214821,0.));
#4293 = DIRECTION('',(-0.,1.,0.));
#4294 = DIRECTION('',(1.,0.,0.));
#4295 = ORIENTED_EDGE('',*,*,#2963,.F.);
#4296 = ORIENTED_EDGE('',*,*,#2880,.F.);
#4297 = TOROIDAL_SURFACE('',#4298,20.581123671798,4.);
#4298 = AXIS2_PLACEMENT_3D('',#4299,#4300,#4301);
#4299 = CARTESIAN_POINT('',(0.,-54.28775377041,0.));
#4300 = DIRECTION('',(0.,1.,0.));
#4301 = DIRECTION('',(1.,0.,0.));
#4302 = ADVANCED_FACE('',(#4303),#4315,.T.);
#4303 = FACE_BOUND('',#4304,.F.);
#4304 = EDGE_LOOP('',(#4305,#4306,#4313,#4314));
#4305 = ORIENTED_EDGE('',*,*,#2847,.F.);
#4306 = ORIENTED_EDGE('',*,*,#4307,.T.);
#4307 = EDGE_CURVE('',#2839,#2947,#4308,.T.);
#4308 = CIRCLE('',#4309,10.81824684721);
#4309 = AXIS2_PLACEMENT_3D('',#4310,#4311,#4312);
#4310 = CARTESIAN_POINT('',(0.,-48.07397313194,0.));
#4311 = DIRECTION('',(-0.,1.,0.));
#4312 = DIRECTION('',(1.,0.,0.));
#4313 = ORIENTED_EDGE('',*,*,#2955,.T.);
#4314 = ORIENTED_EDGE('',*,*,#4289,.F.);
#4315 = CONICAL_SURFACE('',#4316,10.81824684721,0.651065883584);
#4316 = AXIS2_PLACEMENT_3D('',#4317,#4318,#4319);
#4317 = CARTESIAN_POINT('',(0.,-48.07397313194,0.));
#4318 = DIRECTION('',(0.,-1.,0.));
#4319 = DIRECTION('',(1.,0.,0.));
#4320 = ADVANCED_FACE('',(#4321),#4327,.F.);
#4321 = FACE_BOUND('',#4322,.F.);
#4322 = EDGE_LOOP('',(#4323,#4324,#4325,#4326));
#4323 = ORIENTED_EDGE('',*,*,#2838,.T.);
#4324 = ORIENTED_EDGE('',*,*,#3508,.T.);
#4325 = ORIENTED_EDGE('',*,*,#2946,.F.);
#4326 = ORIENTED_EDGE('',*,*,#4307,.F.);
#4327 = TOROIDAL_SURFACE('',#4328,14.,4.);
#4328 = AXIS2_PLACEMENT_3D('',#4329,#4330,#4331);
#4329 = CARTESIAN_POINT('',(0.,-45.64983475414,0.));
#4330 = DIRECTION('',(0.,1.,0.));
#4331 = DIRECTION('',(1.,0.,0.));
#4332 = ADVANCED_FACE('',(#4333),#4339,.F.);
#4333 = FACE_BOUND('',#4334,.T.);
#4334 = EDGE_LOOP('',(#4335,#4336,#4337,#4338));
#4335 = ORIENTED_EDGE('',*,*,#2813,.F.);
#4336 = ORIENTED_EDGE('',*,*,#3608,.T.);
#4337 = ORIENTED_EDGE('',*,*,#2921,.T.);
#4338 = ORIENTED_EDGE('',*,*,#2988,.F.);
#4339 = CONICAL_SURFACE('',#4340,11.200629480992,0.651065883584);
#4340 = AXIS2_PLACEMENT_3D('',#4341,#4342,#4343);
#4341 = CARTESIAN_POINT('',(0.,-51.5758616222,0.));
#4342 = DIRECTION('',(0.,-1.,0.));
#4343 = DIRECTION('',(1.,0.,0.));
#4344 = ADVANCED_FACE('',(#4345,#4348),#4398,.T.);
#4345 = FACE_BOUND('',#4346,.T.);
#4346 = EDGE_LOOP('',(#4347));
#4347 = ORIENTED_EDGE('',*,*,#3347,.F.);
#4348 = FACE_BOUND('',#4349,.T.);
#4349 = EDGE_LOOP('',(#4350,#4360,#4368,#4376,#4384,#4392));
#4350 = ORIENTED_EDGE('',*,*,#4351,.T.);
#4351 = EDGE_CURVE('',#4352,#4354,#4356,.T.);
#4352 = VERTEX_POINT('',#4353);
#4353 = CARTESIAN_POINT('',(-3.521836642057,-41.4,-6.1));
#4354 = VERTEX_POINT('',#4355);
#4355 = CARTESIAN_POINT('',(3.521836642057,-41.4,-6.1));
#4356 = LINE('',#4357,#4358);
#4357 = CARTESIAN_POINT('',(1.760918321028,-41.4,-6.1));
#4358 = VECTOR('',#4359,1.);
#4359 = DIRECTION('',(1.,0.,-2.496699094452E-14));
#4360 = ORIENTED_EDGE('',*,*,#4361,.T.);
#4361 = EDGE_CURVE('',#4354,#4362,#4364,.T.);
#4362 = VERTEX_POINT('',#4363);
#4363 = CARTESIAN_POINT('',(7.043673284113,-41.4,-1.42108547152E-15));
#4364 = LINE('',#4365,#4366);
#4365 = CARTESIAN_POINT('',(6.163214123599,-41.4,-1.525));
#4366 = VECTOR('',#4367,1.);
#4367 = DIRECTION('',(0.5,0.,0.866025403784));
#4368 = ORIENTED_EDGE('',*,*,#4369,.T.);
#4369 = EDGE_CURVE('',#4362,#4370,#4372,.T.);
#4370 = VERTEX_POINT('',#4371);
#4371 = CARTESIAN_POINT('',(3.521836642057,-41.4,6.1));
#4372 = LINE('',#4373,#4374);
#4373 = CARTESIAN_POINT('',(4.402295802571,-41.4,4.575));
#4374 = VECTOR('',#4375,1.);
#4375 = DIRECTION('',(-0.5,0.,0.866025403784));
#4376 = ORIENTED_EDGE('',*,*,#4377,.T.);
#4377 = EDGE_CURVE('',#4370,#4378,#4380,.T.);
#4378 = VERTEX_POINT('',#4379);
#4379 = CARTESIAN_POINT('',(-3.521836642057,-41.4,6.1));
#4380 = LINE('',#4381,#4382);
#4381 = CARTESIAN_POINT('',(-1.760918321028,-41.4,6.1));
#4382 = VECTOR('',#4383,1.);
#4383 = DIRECTION('',(-1.,0.,3.782877415836E-15));
#4384 = ORIENTED_EDGE('',*,*,#4385,.T.);
#4385 = EDGE_CURVE('',#4378,#4386,#4388,.T.);
#4386 = VERTEX_POINT('',#4387);
#4387 = CARTESIAN_POINT('',(-7.043673284113,-41.4,6.430411758629E-14));
#4388 = LINE('',#4389,#4390);
#4389 = CARTESIAN_POINT('',(-6.163214123599,-41.4,1.525));
#4390 = VECTOR('',#4391,1.);
#4391 = DIRECTION('',(-0.5,0.,-0.866025403784));
#4392 = ORIENTED_EDGE('',*,*,#4393,.T.);
#4393 = EDGE_CURVE('',#4386,#4352,#4394,.T.);
#4394 = LINE('',#4395,#4396);
#4395 = CARTESIAN_POINT('',(-4.402295802571,-41.4,-4.575));
#4396 = VECTOR('',#4397,1.);
#4397 = DIRECTION('',(0.5,0.,-0.866025403784));
#4398 = PLANE('',#4399);
#4399 = AXIS2_PLACEMENT_3D('',#4400,#4401,#4402);
#4400 = CARTESIAN_POINT('',(2.721273895601E-16,-41.4,-1.7763568394E-15)
  );
#4401 = DIRECTION('',(0.,1.,0.));
#4402 = DIRECTION('',(0.,0.,1.));
#4403 = ADVANCED_FACE('',(#4404,#4407),#4418,.F.);
#4404 = FACE_BOUND('',#4405,.T.);
#4405 = EDGE_LOOP('',(#4406));
#4406 = ORIENTED_EDGE('',*,*,#3548,.F.);
#4407 = FACE_BOUND('',#4408,.T.);
#4408 = EDGE_LOOP('',(#4409));
#4409 = ORIENTED_EDGE('',*,*,#4410,.T.);
#4410 = EDGE_CURVE('',#4411,#4411,#4413,.T.);
#4411 = VERTEX_POINT('',#4412);
#4412 = CARTESIAN_POINT('',(2.5,-50.,1.110223024625E-14));
#4413 = CIRCLE('',#4414,2.5);
#4414 = AXIS2_PLACEMENT_3D('',#4415,#4416,#4417);
#4415 = CARTESIAN_POINT('',(0.,-50.,1.110223024625E-14));
#4416 = DIRECTION('',(0.,1.,-2.22044604925E-16));
#4417 = DIRECTION('',(1.,0.,0.));
#4418 = PLANE('',#4419);
#4419 = AXIS2_PLACEMENT_3D('',#4420,#4421,#4422);
#4420 = CARTESIAN_POINT('',(0.,-50.,0.));
#4421 = DIRECTION('',(0.,1.,0.));
#4422 = DIRECTION('',(1.,0.,0.));
#4423 = ADVANCED_FACE('',(#4424),#4449,.F.);
#4424 = FACE_BOUND('',#4425,.F.);
#4425 = EDGE_LOOP('',(#4426,#4427,#4435,#4443));
#4426 = ORIENTED_EDGE('',*,*,#4351,.T.);
#4427 = ORIENTED_EDGE('',*,*,#4428,.T.);
#4428 = EDGE_CURVE('',#4354,#4429,#4431,.T.);
#4429 = VERTEX_POINT('',#4430);
#4430 = CARTESIAN_POINT('',(3.521836642057,-47.4,-6.1));
#4431 = LINE('',#4432,#4433);
#4432 = CARTESIAN_POINT('',(3.521836642057,-35.,-6.1));
#4433 = VECTOR('',#4434,1.);
#4434 = DIRECTION('',(0.,-1.,-2.22044604925E-16));
#4435 = ORIENTED_EDGE('',*,*,#4436,.T.);
#4436 = EDGE_CURVE('',#4429,#4437,#4439,.T.);
#4437 = VERTEX_POINT('',#4438);
#4438 = CARTESIAN_POINT('',(-3.521836642057,-47.4,-6.1));
#4439 = LINE('',#4440,#4441);
#4440 = CARTESIAN_POINT('',(3.521836642057,-47.4,-6.1));
#4441 = VECTOR('',#4442,1.);
#4442 = DIRECTION('',(-1.,-5.543785640443E-30,2.496699094452E-14));
#4443 = ORIENTED_EDGE('',*,*,#4444,.F.);
#4444 = EDGE_CURVE('',#4352,#4437,#4445,.T.);
#4445 = LINE('',#4446,#4447);
#4446 = CARTESIAN_POINT('',(-3.521836642057,-35.,-6.1));
#4447 = VECTOR('',#4448,1.);
#4448 = DIRECTION('',(0.,-1.,-2.22044604925E-16));
#4449 = PLANE('',#4450);
#4450 = AXIS2_PLACEMENT_3D('',#4451,#4452,#4453);
#4451 = CARTESIAN_POINT('',(3.521836642057,-35.,-6.1));
#4452 = DIRECTION('',(-2.496699094452E-14,2.22044604925E-16,-1.));
#4453 = DIRECTION('',(-1.,-5.543785640443E-30,2.496699094452E-14));
#4454 = ADVANCED_FACE('',(#4455),#4473,.F.);
#4455 = FACE_BOUND('',#4456,.F.);
#4456 = EDGE_LOOP('',(#4457,#4458,#4459,#4467));
#4457 = ORIENTED_EDGE('',*,*,#4393,.T.);
#4458 = ORIENTED_EDGE('',*,*,#4444,.T.);
#4459 = ORIENTED_EDGE('',*,*,#4460,.T.);
#4460 = EDGE_CURVE('',#4437,#4461,#4463,.T.);
#4461 = VERTEX_POINT('',#4462);
#4462 = CARTESIAN_POINT('',(-7.043673284113,-47.4,6.297184995674E-14));
#4463 = LINE('',#4464,#4465);
#4464 = CARTESIAN_POINT('',(-3.521836642057,-47.4,-6.1));
#4465 = VECTOR('',#4466,1.);
#4466 = DIRECTION('',(-0.5,-1.922962686384E-16,0.866025403784));
#4467 = ORIENTED_EDGE('',*,*,#4468,.F.);
#4468 = EDGE_CURVE('',#4386,#4461,#4469,.T.);
#4469 = LINE('',#4470,#4471);
#4470 = CARTESIAN_POINT('',(-7.043673284113,-35.,6.572520305781E-14));
#4471 = VECTOR('',#4472,1.);
#4472 = DIRECTION('',(0.,-1.,-2.22044604925E-16));
#4473 = PLANE('',#4474);
#4474 = AXIS2_PLACEMENT_3D('',#4475,#4476,#4477);
#4475 = CARTESIAN_POINT('',(-3.521836642057,-35.,-6.1));
#4476 = DIRECTION('',(-0.866025403784,1.110223024625E-16,-0.5));
#4477 = DIRECTION('',(-0.5,-1.922962686384E-16,0.866025403784));
#4478 = ADVANCED_FACE('',(#4479),#4497,.F.);
#4479 = FACE_BOUND('',#4480,.F.);
#4480 = EDGE_LOOP('',(#4481,#4482,#4483,#4491));
#4481 = ORIENTED_EDGE('',*,*,#4385,.T.);
#4482 = ORIENTED_EDGE('',*,*,#4468,.T.);
#4483 = ORIENTED_EDGE('',*,*,#4484,.T.);
#4484 = EDGE_CURVE('',#4461,#4485,#4487,.T.);
#4485 = VERTEX_POINT('',#4486);
#4486 = CARTESIAN_POINT('',(-3.521836642057,-47.4,6.1));
#4487 = LINE('',#4488,#4489);
#4488 = CARTESIAN_POINT('',(-7.043673284113,-47.4,6.394884621841E-14));
#4489 = VECTOR('',#4490,1.);
#4490 = DIRECTION('',(0.5,-1.922962686384E-16,0.866025403784));
#4491 = ORIENTED_EDGE('',*,*,#4492,.F.);
#4492 = EDGE_CURVE('',#4378,#4485,#4493,.T.);
#4493 = LINE('',#4494,#4495);
#4494 = CARTESIAN_POINT('',(-3.521836642057,-35.,6.1));
#4495 = VECTOR('',#4496,1.);
#4496 = DIRECTION('',(0.,-1.,-2.22044604925E-16));
#4497 = PLANE('',#4498);
#4498 = AXIS2_PLACEMENT_3D('',#4499,#4500,#4501);
#4499 = CARTESIAN_POINT('',(-7.043673284113,-35.,6.572520305781E-14));
#4500 = DIRECTION('',(-0.866025403784,-1.110223024625E-16,0.5));
#4501 = DIRECTION('',(0.5,-1.922962686384E-16,0.866025403784));
#4502 = ADVANCED_FACE('',(#4503),#4521,.F.);
#4503 = FACE_BOUND('',#4504,.F.);
#4504 = EDGE_LOOP('',(#4505,#4506,#4507,#4515));
#4505 = ORIENTED_EDGE('',*,*,#4377,.T.);
#4506 = ORIENTED_EDGE('',*,*,#4492,.T.);
#4507 = ORIENTED_EDGE('',*,*,#4508,.T.);
#4508 = EDGE_CURVE('',#4485,#4509,#4511,.T.);
#4509 = VERTEX_POINT('',#4510);
#4510 = CARTESIAN_POINT('',(3.521836642057,-47.4,6.1));
#4511 = LINE('',#4512,#4513);
#4512 = CARTESIAN_POINT('',(-3.521836642057,-47.4,6.1));
#4513 = VECTOR('',#4514,1.);
#4514 = DIRECTION('',(1.,8.399675212792E-31,-3.782877415836E-15));
#4515 = ORIENTED_EDGE('',*,*,#4516,.F.);
#4516 = EDGE_CURVE('',#4370,#4509,#4517,.T.);
#4517 = LINE('',#4518,#4519);
#4518 = CARTESIAN_POINT('',(3.521836642057,-35.,6.1));
#4519 = VECTOR('',#4520,1.);
#4520 = DIRECTION('',(0.,-1.,-2.22044604925E-16));
#4521 = PLANE('',#4522);
#4522 = AXIS2_PLACEMENT_3D('',#4523,#4524,#4525);
#4523 = CARTESIAN_POINT('',(-3.521836642057,-35.,6.1));
#4524 = DIRECTION('',(3.782877415836E-15,-2.22044604925E-16,1.));
#4525 = DIRECTION('',(1.,8.399675212792E-31,-3.782877415836E-15));
#4526 = ADVANCED_FACE('',(#4527),#4545,.F.);
#4527 = FACE_BOUND('',#4528,.F.);
#4528 = EDGE_LOOP('',(#4529,#4530,#4531,#4539));
#4529 = ORIENTED_EDGE('',*,*,#4369,.T.);
#4530 = ORIENTED_EDGE('',*,*,#4516,.T.);
#4531 = ORIENTED_EDGE('',*,*,#4532,.T.);
#4532 = EDGE_CURVE('',#4509,#4533,#4535,.T.);
#4533 = VERTEX_POINT('',#4534);
#4534 = CARTESIAN_POINT('',(7.043673284113,-47.4,-2.75335310107E-15));
#4535 = LINE('',#4536,#4537);
#4536 = CARTESIAN_POINT('',(3.521836642057,-47.4,6.1));
#4537 = VECTOR('',#4538,1.);
#4538 = DIRECTION('',(0.5,1.922962686384E-16,-0.866025403784));
#4539 = ORIENTED_EDGE('',*,*,#4540,.F.);
#4540 = EDGE_CURVE('',#4362,#4533,#4541,.T.);
#4541 = LINE('',#4542,#4543);
#4542 = CARTESIAN_POINT('',(7.043673284113,-35.,0.));
#4543 = VECTOR('',#4544,1.);
#4544 = DIRECTION('',(0.,-1.,-2.22044604925E-16));
#4545 = PLANE('',#4546);
#4546 = AXIS2_PLACEMENT_3D('',#4547,#4548,#4549);
#4547 = CARTESIAN_POINT('',(3.521836642057,-35.,6.1));
#4548 = DIRECTION('',(0.866025403784,-1.110223024625E-16,0.5));
#4549 = DIRECTION('',(0.5,1.922962686384E-16,-0.866025403784));
#4550 = ADVANCED_FACE('',(#4551),#4562,.F.);
#4551 = FACE_BOUND('',#4552,.F.);
#4552 = EDGE_LOOP('',(#4553,#4554,#4555,#4561));
#4553 = ORIENTED_EDGE('',*,*,#4361,.T.);
#4554 = ORIENTED_EDGE('',*,*,#4540,.T.);
#4555 = ORIENTED_EDGE('',*,*,#4556,.T.);
#4556 = EDGE_CURVE('',#4533,#4429,#4557,.T.);
#4557 = LINE('',#4558,#4559);
#4558 = CARTESIAN_POINT('',(7.043673284113,-47.4,0.));
#4559 = VECTOR('',#4560,1.);
#4560 = DIRECTION('',(-0.5,1.922962686384E-16,-0.866025403784));
#4561 = ORIENTED_EDGE('',*,*,#4428,.F.);
#4562 = PLANE('',#4563);
#4563 = AXIS2_PLACEMENT_3D('',#4564,#4565,#4566);
#4564 = CARTESIAN_POINT('',(7.043673284113,-35.,0.));
#4565 = DIRECTION('',(0.866025403784,1.110223024625E-16,-0.5));
#4566 = DIRECTION('',(-0.5,1.922962686384E-16,-0.866025403784));
#4567 = ADVANCED_FACE('',(#4568),#4587,.F.);
#4568 = FACE_BOUND('',#4569,.T.);
#4569 = EDGE_LOOP('',(#4570,#4579,#4585,#4586));
#4570 = ORIENTED_EDGE('',*,*,#4571,.T.);
#4571 = EDGE_CURVE('',#4572,#4572,#4574,.T.);
#4572 = VERTEX_POINT('',#4573);
#4573 = CARTESIAN_POINT('',(2.5,-47.4,1.052491427345E-14));
#4574 = CIRCLE('',#4575,2.5);
#4575 = AXIS2_PLACEMENT_3D('',#4576,#4577,#4578);
#4576 = CARTESIAN_POINT('',(0.,-47.4,1.052491427345E-14));
#4577 = DIRECTION('',(0.,1.,-2.22044604925E-16));
#4578 = DIRECTION('',(1.,0.,0.));
#4579 = ORIENTED_EDGE('',*,*,#4580,.T.);
#4580 = EDGE_CURVE('',#4572,#4411,#4581,.T.);
#4581 = LINE('',#4582,#4583);
#4582 = CARTESIAN_POINT('',(2.5,-35.,7.771561172376E-15));
#4583 = VECTOR('',#4584,1.);
#4584 = DIRECTION('',(0.,-1.,2.22044604925E-16));
#4585 = ORIENTED_EDGE('',*,*,#4410,.F.);
#4586 = ORIENTED_EDGE('',*,*,#4580,.F.);
#4587 = CYLINDRICAL_SURFACE('',#4588,2.5);
#4588 = AXIS2_PLACEMENT_3D('',#4589,#4590,#4591);
#4589 = CARTESIAN_POINT('',(0.,-35.,7.771561172376E-15));
#4590 = DIRECTION('',(0.,1.,-2.22044604925E-16));
#4591 = DIRECTION('',(1.,0.,0.));
#4592 = ADVANCED_FACE('',(#4593,#4601),#4604,.T.);
#4593 = FACE_BOUND('',#4594,.T.);
#4594 = EDGE_LOOP('',(#4595,#4596,#4597,#4598,#4599,#4600));
#4595 = ORIENTED_EDGE('',*,*,#4556,.T.);
#4596 = ORIENTED_EDGE('',*,*,#4436,.T.);
#4597 = ORIENTED_EDGE('',*,*,#4460,.T.);
#4598 = ORIENTED_EDGE('',*,*,#4484,.T.);
#4599 = ORIENTED_EDGE('',*,*,#4508,.T.);
#4600 = ORIENTED_EDGE('',*,*,#4532,.T.);
#4601 = FACE_BOUND('',#4602,.T.);
#4602 = EDGE_LOOP('',(#4603));
#4603 = ORIENTED_EDGE('',*,*,#4571,.F.);
#4604 = PLANE('',#4605);
#4605 = AXIS2_PLACEMENT_3D('',#4606,#4607,#4608);
#4606 = CARTESIAN_POINT('',(-1.773749188314E-14,-47.4,4.085620730621E-14
    ));
#4607 = DIRECTION('',(0.,1.,0.));
#4608 = DIRECTION('',(0.,0.,1.));
#4609 = ADVANCED_FACE('',(#4610,#4613),#4663,.T.);
#4610 = FACE_BOUND('',#4611,.T.);
#4611 = EDGE_LOOP('',(#4612));
#4612 = ORIENTED_EDGE('',*,*,#757,.T.);
#4613 = FACE_BOUND('',#4614,.T.);
#4614 = EDGE_LOOP('',(#4615,#4616,#4617,#4618,#4619,#4620,#4621,#4622,
    #4623,#4624,#4625,#4626,#4627,#4628,#4629,#4630,#4631,#4632,#4633,
    #4634,#4635,#4636,#4637,#4638,#4639,#4640,#4641,#4642,#4643,#4644,
    #4645,#4646,#4647,#4648,#4649,#4650,#4651,#4652,#4653,#4654,#4655,
    #4656,#4657,#4658,#4659,#4660,#4661,#4662));
#4615 = ORIENTED_EDGE('',*,*,#2980,.T.);
#4616 = ORIENTED_EDGE('',*,*,#2904,.T.);
#4617 = ORIENTED_EDGE('',*,*,#301,.F.);
#4618 = ORIENTED_EDGE('',*,*,#772,.F.);
#4619 = ORIENTED_EDGE('',*,*,#3005,.T.);
#4620 = ORIENTED_EDGE('',*,*,#880,.T.);
#4621 = ORIENTED_EDGE('',*,*,#337,.F.);
#4622 = ORIENTED_EDGE('',*,*,#956,.F.);
#4623 = ORIENTED_EDGE('',*,*,#3029,.T.);
#4624 = ORIENTED_EDGE('',*,*,#1064,.T.);
#4625 = ORIENTED_EDGE('',*,*,#371,.F.);
#4626 = ORIENTED_EDGE('',*,*,#1140,.F.);
#4627 = ORIENTED_EDGE('',*,*,#3053,.T.);
#4628 = ORIENTED_EDGE('',*,*,#1248,.T.);
#4629 = ORIENTED_EDGE('',*,*,#405,.F.);
#4630 = ORIENTED_EDGE('',*,*,#1324,.F.);
#4631 = ORIENTED_EDGE('',*,*,#3077,.T.);
#4632 = ORIENTED_EDGE('',*,*,#1432,.T.);
#4633 = ORIENTED_EDGE('',*,*,#439,.F.);
#4634 = ORIENTED_EDGE('',*,*,#1508,.F.);
#4635 = ORIENTED_EDGE('',*,*,#3101,.T.);
#4636 = ORIENTED_EDGE('',*,*,#1616,.T.);
#4637 = ORIENTED_EDGE('',*,*,#473,.F.);
#4638 = ORIENTED_EDGE('',*,*,#1692,.F.);
#4639 = ORIENTED_EDGE('',*,*,#3125,.T.);
#4640 = ORIENTED_EDGE('',*,*,#1800,.T.);
#4641 = ORIENTED_EDGE('',*,*,#537,.F.);
#4642 = ORIENTED_EDGE('',*,*,#1876,.F.);
#4643 = ORIENTED_EDGE('',*,*,#3148,.T.);
#4644 = ORIENTED_EDGE('',*,*,#1984,.T.);
#4645 = ORIENTED_EDGE('',*,*,#571,.F.);
#4646 = ORIENTED_EDGE('',*,*,#2060,.F.);
#4647 = ORIENTED_EDGE('',*,*,#3172,.T.);
#4648 = ORIENTED_EDGE('',*,*,#2168,.T.);
#4649 = ORIENTED_EDGE('',*,*,#605,.F.);
#4650 = ORIENTED_EDGE('',*,*,#2244,.F.);
#4651 = ORIENTED_EDGE('',*,*,#3196,.T.);
#4652 = ORIENTED_EDGE('',*,*,#2352,.T.);
#4653 = ORIENTED_EDGE('',*,*,#639,.F.);
#4654 = ORIENTED_EDGE('',*,*,#2428,.F.);
#4655 = ORIENTED_EDGE('',*,*,#3220,.T.);
#4656 = ORIENTED_EDGE('',*,*,#2536,.T.);
#4657 = ORIENTED_EDGE('',*,*,#673,.F.);
#4658 = ORIENTED_EDGE('',*,*,#2612,.F.);
#4659 = ORIENTED_EDGE('',*,*,#3244,.T.);
#4660 = ORIENTED_EDGE('',*,*,#2720,.T.);
#4661 = ORIENTED_EDGE('',*,*,#707,.F.);
#4662 = ORIENTED_EDGE('',*,*,#2796,.F.);
#4663 = PLANE('',#4664);
#4664 = AXIS2_PLACEMENT_3D('',#4665,#4666,#4667);
#4665 = CARTESIAN_POINT('',(-1.508899456595E-15,-60.,2.802939080525E-15)
  );
#4666 = DIRECTION('',(0.,-1.,3.437926912982E-16));
#4667 = DIRECTION('',(0.,3.437926912982E-16,1.));
#4668 = ( GEOMETRIC_REPRESENTATION_CONTEXT(3) 
GLOBAL_UNCERTAINTY_ASSIGNED_CONTEXT((#4672)) 
GLOBAL_UNIT_ASSIGNED_CONTEXT((#4669,#4670,#4671)) REPRESENTATION_CONTEXT
('Context #1','3D Context with UNIT and UNCERTAINTY') );
#4669 = ( LENGTH_UNIT() NAMED_UNIT(*) SI_UNIT(.MILLI.,.METRE.) );
#4670 = ( NAMED_UNIT(*) PLANE_ANGLE_UNIT() SI_UNIT($,.RADIAN.) );
#4671 = ( NAMED_UNIT(*) SI_UNIT($,.STERADIAN.) SOLID_ANGLE_UNIT() );
#4672 = UNCERTAINTY_MEASURE_WITH_UNIT(LENGTH_MEASURE(5.E-06),#4669,
  'distance_accuracy_value','confusion accuracy');
#4673 = PRODUCT_RELATED_PRODUCT_CATEGORY('part',$,(#7));
#4674 = MECHANICAL_DESIGN_GEOMETRIC_PRESENTATION_REPRESENTATION('',(
    #4675),#4668);
#4675 = STYLED_ITEM('color',(#4676),#15);
#4676 = PRESENTATION_STYLE_ASSIGNMENT((#4677,#4683));
#4677 = SURFACE_STYLE_USAGE(.BOTH.,#4678);
#4678 = SURFACE_SIDE_STYLE('',(#4679));
#4679 = SURFACE_STYLE_FILL_AREA(#4680);
#4680 = FILL_AREA_STYLE('',(#4681));
#4681 = FILL_AREA_STYLE_COLOUR('',#4682);
#4682 = COLOUR_RGB('',1.,0.,0.498039215105);
#4683 = CURVE_STYLE('',#4684,POSITIVE_LENGTH_MEASURE(0.1),#4685);
#4684 = DRAUGHTING_PRE_DEFINED_CURVE_FONT('continuous');
#4685 = COLOUR_RGB('',9.803921802644E-02,9.803921802644E-02,
  9.803921802644E-02);
ENDSEC;
END-ISO-10303-21;
